[2026-06-25 10:24:37] INFO [config.asgi:20] WS routes: [<URLPattern 'ws/user/<str:user_id>/'>, <URLPattern 'ws/task/<str:task_id>/'>]
[2026-06-25 10:24:38] INFO [daphne.cli:284] Starting server at tcp:port=8000:interface=0.0.0.0
[2026-06-25 10:24:38] INFO [daphne.server:126] HTTP/2 support not enabled (install the http2 and tls Twisted extras)
[2026-06-25 10:24:38] INFO [daphne.server:135] Configuring endpoint tcp:port=8000:interface=0.0.0.0
[2026-06-25 10:24:38] INFO [daphne.server:166] Listening on TCP address 0.0.0.0:8000
[2026-06-25 10:27:40] ERROR [commons.abs.baserequest:251] Expecting value: line 1 column 31 (char 30)
[2026-06-25 10:32:06] ERROR [commons.abs.baserequest:251] Expecting value: line 1 column 31 (char 30)
[2026-06-25 15:30:17] WARNING [django.request:249] Bad Request: /api/httpcase/update
[2026-06-25 19:10:34] INFO [config.asgi:20] WS routes: [<URLPattern 'ws/user/<str:user_id>/'>, <URLPattern 'ws/task/<str:task_id>/'>]
[2026-06-25 19:10:34] INFO [daphne.cli:284] Starting server at tcp:port=8000:interface=0.0.0.0
[2026-06-25 19:10:34] INFO [daphne.server:126] HTTP/2 support not enabled (install the http2 and tls Twisted extras)
[2026-06-25 19:10:34] INFO [daphne.server:135] Configuring endpoint tcp:port=8000:interface=0.0.0.0
[2026-06-25 19:10:34] INFO [daphne.server:166] Listening on TCP address 0.0.0.0:8000
[2026-06-25 19:12:07] WARNING [django.request:249] Bad Request: /api/task/add
[2026-06-25 19:12:52] WARNING [django.request:249] Bad Request: /api/task/add
[2026-06-25 19:14:02] WARNING [django.request:249] Bad Request: /api/task/add
[2026-06-25 19:15:13] ERROR [django.request:249] Internal Server Error: /api/task/add
Traceback (most recent call last):
  File "D:\testplatformservice\testplatform\venv\Lib\site-packages\asgiref\sync.py", line 557, in thread_handler
    raise exc_info[1]
  File "D:\testplatformservice\testplatform\venv\Lib\site-packages\django\core\handlers\exception.py", line 42, in inner
    response = await get_response(request)
               ^^^^^^^^^^^^^^^^^^^^^^^^^^^
  File "D:\testplatformservice\testplatform\venv\Lib\site-packages\asgiref\sync.py", line 557, in thread_handler
    raise exc_info[1]
  File "D:\testplatformservice\testplatform\venv\Lib\site-packages\django\core\handlers\base.py", line 254, in _get_response_async
    response = await wrapped_callback(
               ^^^^^^^^^^^^^^^^^^^^^^^
  File "D:\testplatformservice\testplatform\venv\Lib\site-packages\asgiref\sync.py", line 506, in __call__
    ret = await asyncio.shield(exec_coro)
          ^^^^^^^^^^^^^^^^^^^^^^^^^^^^^^^
  File "D:\Users\sw.fan\AppData\Local\Programs\Python\Python312\Lib\concurrent\futures\thread.py", line 58, in run
    result = self.fn(*self.args, **self.kwargs)
             ^^^^^^^^^^^^^^^^^^^^^^^^^^^^^^^^^^
  File "D:\testplatformservice\testplatform\venv\Lib\site-packages\asgiref\sync.py", line 561, in thread_handler
    return func(*args, **kwargs)
           ^^^^^^^^^^^^^^^^^^^^^
  File "D:\testplatformservice\testplatform\venv\Lib\site-packages\django\views\decorators\csrf.py", line 65, in _view_wrapper
    return view_func(request, *args, **kwargs)
           ^^^^^^^^^^^^^^^^^^^^^^^^^^^^^^^^^^^
  File "D:\testplatformservice\testplatform\venv\Lib\site-packages\django\views\generic\base.py", line 106, in view
    return self.dispatch(request, *args, **kwargs)
           ^^^^^^^^^^^^^^^^^^^^^^^^^^^^^^^^^^^^^^^
  File "D:\testplatformservice\testplatform\venv\Lib\site-packages\rest_framework\views.py", line 515, in dispatch
    response = self.handle_exception(exc)
               ^^^^^^^^^^^^^^^^^^^^^^^^^^
  File "D:\testplatformservice\testplatform\venv\Lib\site-packages\rest_framework\views.py", line 475, in handle_exception
    self.raise_uncaught_exception(exc)
  File "D:\testplatformservice\testplatform\venv\Lib\site-packages\rest_framework\views.py", line 486, in raise_uncaught_exception
    raise exc
  File "D:\testplatformservice\testplatform\venv\Lib\site-packages\rest_framework\views.py", line 512, in dispatch
    response = handler(request, *args, **kwargs)
               ^^^^^^^^^^^^^^^^^^^^^^^^^^^^^^^^^
  File "D:\testplatformservice\testplatform\commons\cusntom\view.py", line 25, in post
    return action(request=request.data, *args, **kwargs)
           ^^^^^^^^^^^^^^^^^^^^^^^^^^^^^^^^^^^^^^^^^^^^^
  File "D:\testplatformservice\testplatform\commons\cusntom\view.py", line 30, in add
    ser.save()
  File "D:\testplatformservice\testplatform\venv\Lib\site-packages\rest_framework\serializers.py", line 210, in save
    self.instance = self.create(validated_data)
                    ^^^^^^^^^^^^^^^^^^^^^^^^^^^
  File "D:\testplatformservice\testplatform\venv\Lib\site-packages\rest_framework\serializers.py", line 1011, in create
    instance = ModelClass._default_manager.create(**validated_data)
               ^^^^^^^^^^^^^^^^^^^^^^^^^^^^^^^^^^^^^^^^^^^^^^^^^^^^
  File "D:\testplatformservice\testplatform\venv\Lib\site-packages\django\db\models\manager.py", line 87, in manager_method
    return getattr(self.get_queryset(), name)(*args, **kwargs)
           ^^^^^^^^^^^^^^^^^^^^^^^^^^^^^^^^^^^^^^^^^^^^^^^^^^^
  File "D:\testplatformservice\testplatform\venv\Lib\site-packages\django\db\models\query.py", line 669, in create
    obj.save(force_insert=True, using=self.db)
  File "D:\testplatformservice\testplatform\venv\Lib\site-packages\django_celery_beat\models.py", line 627, in save
    self.validate_unique()
  File "D:\testplatformservice\testplatform\venv\Lib\site-packages\django_celery_beat\models.py", line 601, in validate_unique
    raise ValidationError(
django.core.exceptions.ValidationError: ['One of clocked, interval, crontab, or solar must be set.']
[2026-06-25 19:17:26] WARNING [django.request:249] Unauthorized: /api/interval/getPageList
[2026-06-25 19:22:20] INFO [config.asgi:20] WS routes: [<URLPattern 'ws/user/<str:user_id>/'>, <URLPattern 'ws/task/<str:task_id>/'>]
[2026-06-25 19:22:20] INFO [daphne.cli:284] Starting server at tcp:port=8000:interface=0.0.0.0
[2026-06-25 19:22:20] INFO [daphne.server:126] HTTP/2 support not enabled (install the http2 and tls Twisted extras)
[2026-06-25 19:22:20] INFO [daphne.server:135] Configuring endpoint tcp:port=8000:interface=0.0.0.0
[2026-06-25 19:22:20] INFO [daphne.server:166] Listening on TCP address 0.0.0.0:8000
[2026-06-25 19:24:20] ERROR [commons.abs.baserequest:251] Expecting value: line 1 column 31 (char 30)
[2026-06-25 19:24:36] WARNING [django.request:249] Bad Request: /api/task/add
[2026-06-25 19:29:12] ERROR [commons.abs.baserequest:251] Expecting value: line 1 column 31 (char 30)
[2026-06-25 19:34:07] ERROR [commons.abs.baserequest:251] Expecting value: line 1 column 31 (char 30)
[2026-06-25 19:39:04] ERROR [commons.abs.baserequest:251] Expecting value: line 1 column 31 (char 30)
[2026-06-25 19:44:06] ERROR [commons.abs.baserequest:251] Expecting value: line 1 column 31 (char 30)
[2026-06-25 20:02:26] WARNING [django.request:249] Bad Request: /api/task/update
[2026-06-26 10:12:31] WARNING [django.request:249] Bad Request: /api/task/update
[2026-06-26 15:59:25] ERROR [commons.abs.baserequest:251] Expecting value: line 1 column 31 (char 30)
[2026-06-27 15:59:28] ERROR [commons.abs.baserequest:251] Expecting value: line 1 column 31 (char 30)
[2026-06-28 15:59:27] ERROR [commons.abs.baserequest:251] Expecting value: line 1 column 31 (char 30)
[2026-06-29 09:00:10] WARNING [django.request:249] Method Not Allowed: /api/interval/getPageList
[2026-06-29 09:00:10] WARNING [django.request:249] Not Found: /static/rest_framework/css/bootstrap.min.css
[2026-06-29 09:00:10] WARNING [django.request:249] Not Found: /static/rest_framework/css/prettify.css
[2026-06-29 09:00:10] WARNING [django.request:249] Not Found: /static/rest_framework/js/jquery-3.7.1.min.js
[2026-06-29 09:00:10] WARNING [django.request:249] Not Found: /static/rest_framework/css/bootstrap-tweaks.css
[2026-06-29 09:00:10] WARNING [django.request:249] Not Found: /static/rest_framework/css/default.css
[2026-06-29 09:00:10] WARNING [django.request:249] Not Found: /static/rest_framework/js/ajax-form.js
[2026-06-29 09:00:10] WARNING [django.request:249] Not Found: /static/rest_framework/js/csrf.js
[2026-06-29 09:00:10] WARNING [django.request:249] Not Found: /static/rest_framework/js/bootstrap.min.js
[2026-06-29 09:00:10] WARNING [django.request:249] Not Found: /static/rest_framework/js/prettify-min.js
[2026-06-29 09:00:10] WARNING [django.request:249] Not Found: /static/rest_framework/js/default.js
[2026-06-29 09:00:10] WARNING [django.request:249] Not Found: /static/rest_framework/js/load-ajax-form.js
[2026-06-29 09:00:10] WARNING [django.request:249] Not Found: /favicon.ico
[2026-06-29 09:00:26] WARNING [django.request:249] Unauthorized: /api/
[2026-06-29 09:00:26] WARNING [django.request:249] Not Found: /static/rest_framework/css/bootstrap.min.css
[2026-06-29 09:00:26] WARNING [django.request:249] Not Found: /static/rest_framework/css/bootstrap-tweaks.css
[2026-06-29 09:00:26] WARNING [django.request:249] Not Found: /static/rest_framework/js/jquery-3.7.1.min.js
[2026-06-29 09:00:26] WARNING [django.request:249] Not Found: /static/rest_framework/css/default.css
[2026-06-29 09:00:26] WARNING [django.request:249] Not Found: /static/rest_framework/css/prettify.css
[2026-06-29 09:00:26] WARNING [django.request:249] Not Found: /static/rest_framework/js/ajax-form.js
[2026-06-29 09:00:26] WARNING [django.request:249] Not Found: /static/rest_framework/js/csrf.js
[2026-06-29 09:00:26] WARNING [django.request:249] Not Found: /static/rest_framework/js/bootstrap.min.js
[2026-06-29 09:00:26] WARNING [django.request:249] Not Found: /static/rest_framework/js/prettify-min.js
[2026-06-29 09:00:26] WARNING [django.request:249] Not Found: /static/rest_framework/js/default.js
[2026-06-29 09:00:26] WARNING [django.request:249] Not Found: /static/rest_framework/js/load-ajax-form.js
[2026-06-29 09:00:28] WARNING [django.request:249] Unauthorized: /api/
[2026-06-29 09:00:33] WARNING [django.request:249] Method Not Allowed: /api/interval/getPageList
[2026-06-29 09:00:33] WARNING [django.request:249] Not Found: /static/rest_framework/css/bootstrap.min.css
[2026-06-29 09:00:33] WARNING [django.request:249] Not Found: /static/rest_framework/js/jquery-3.7.1.min.js
[2026-06-29 09:00:33] WARNING [django.request:249] Not Found: /static/rest_framework/css/prettify.css
[2026-06-29 09:00:33] WARNING [django.request:249] Not Found: /static/rest_framework/css/bootstrap-tweaks.css
[2026-06-29 09:00:33] WARNING [django.request:249] Not Found: /static/rest_framework/js/ajax-form.js
[2026-06-29 09:00:33] WARNING [django.request:249] Not Found: /static/rest_framework/css/default.css
[2026-06-29 09:00:33] WARNING [django.request:249] Not Found: /static/rest_framework/js/csrf.js
[2026-06-29 09:00:33] WARNING [django.request:249] Not Found: /static/rest_framework/js/bootstrap.min.js
[2026-06-29 09:00:33] WARNING [django.request:249] Not Found: /static/rest_framework/js/default.js
[2026-06-29 09:00:33] WARNING [django.request:249] Not Found: /static/rest_framework/js/prettify-min.js
[2026-06-29 09:00:33] WARNING [django.request:249] Not Found: /static/rest_framework/js/load-ajax-form.js
[2026-06-29 09:00:55] WARNING [django.request:249] Unauthorized: /api/interval/getPageList
[2026-06-29 10:01:18] WARNING [django.request:249] Not Found: /api/porttask/getPageList
[2026-06-29 10:01:21] WARNING [django.request:249] Not Found: /api/porttask/getPageList
[2026-06-29 10:01:29] WARNING [django.request:249] Not Found: /api/porttask/getPageList
[2026-06-29 10:01:39] WARNING [django.request:249] Not Found: /api/porttask/getPageList
[2026-06-29 10:05:53] WARNING [django.request:249] Not Found: /api/undefined/getPageList
[2026-06-29 10:11:30] WARNING [django.request:249] Not Found: /api/undefined/getPageList
[2026-06-29 10:39:06] WARNING [django.request:249] Not Found: /api/undefined/getPageList
[2026-06-29 10:39:07] WARNING [django.request:249] Not Found: /api/undefined/getPageList
[2026-06-29 10:39:07] WARNING [django.request:249] Not Found: /api/undefined/getPageList
[2026-06-29 10:43:35] WARNING [django.request:249] Not Found: /api/undefined/getPageList
[2026-06-29 10:43:35] WARNING [django.request:249] Not Found: /api/undefined/getPageList
[2026-06-29 10:43:35] WARNING [django.request:249] Not Found: /api/undefined/getPageList
[2026-06-29 14:42:57] WARNING [django.request:249] Bad Request: /api/task/update
[2026-06-29 15:59:28] ERROR [commons.abs.baserequest:251] Expecting value: line 1 column 31 (char 30)
[2026-06-30 11:08:15] INFO [config.asgi:20] WS routes: [<URLPattern 'ws/user/<str:user_id>/'>, <URLPattern 'ws/task/<str:task_id>/'>]
[2026-06-30 11:08:15] INFO [daphne.cli:284] Starting server at tcp:port=8000:interface=0.0.0.0
[2026-06-30 11:08:15] INFO [daphne.server:126] HTTP/2 support not enabled (install the http2 and tls Twisted extras)
[2026-06-30 11:08:15] INFO [daphne.server:135] Configuring endpoint tcp:port=8000:interface=0.0.0.0
[2026-06-30 11:08:15] INFO [daphne.server:166] Listening on TCP address 0.0.0.0:8000
[2026-06-30 11:10:17] ERROR [commons.abs.baserequest:251] Expecting value: line 1 column 31 (char 30)
[2026-06-30 18:59:38] ERROR [commons.abs.baserequest:251] Expecting value: line 1 column 31 (char 30)
[2026-07-01 10:00:22] ERROR [commons.abs.baserequest:251] Expecting value: line 1 column 31 (char 30)
[2026-07-01 20:31:18] WARNING [django.request:249] Bad Request: /api/httpcase/update
[2026-07-01 21:22:41] INFO [config.asgi:20] WS routes: [<URLPattern 'ws/user/<str:user_id>/'>, <URLPattern 'ws/task/<str:task_id>/'>]
[2026-07-01 21:22:41] INFO [daphne.cli:284] Starting server at tcp:port=8000:interface=0.0.0.0
[2026-07-01 21:22:41] INFO [daphne.server:126] HTTP/2 support not enabled (install the http2 and tls Twisted extras)
[2026-07-01 21:22:41] INFO [daphne.server:135] Configuring endpoint tcp:port=8000:interface=0.0.0.0
[2026-07-01 21:22:41] INFO [daphne.server:166] Listening on TCP address 0.0.0.0:8000
[2026-07-01 21:24:39] ERROR [commons.abs.baserequest:251] Expecting property name enclosed in double quotes: line 1 column 42 (char 41)
[2026-07-01 21:30:56] ERROR [commons.abs.baserequest:251] Expecting property name enclosed in double quotes: line 1 column 42 (char 41)
[2026-07-02 10:00:22] ERROR [commons.abs.baserequest:251] Expecting value: line 1 column 31 (char 30)
[2026-07-02 10:00:31] ERROR [commons.abs.baserequest:251] Expecting property name enclosed in double quotes: line 1 column 42 (char 41)
[2026-07-02 13:39:47] ERROR [commons.abs.baserequest:251] Expecting property name enclosed in double quotes: line 1 column 42 (char 41)
[2026-07-02 14:43:02] ERROR [commons.abs.baserequest:251] Expecting value: line 1 column 41 (char 40)
[2026-07-02 19:25:30] ERROR [commons.abs.baserequest:251] Expecting value: line 1 column 41 (char 40)
[2026-07-02 19:41:34] ERROR [commons.abs.baserequest:251] Expecting value: line 1 column 41 (char 40)
[2026-07-02 19:48:39] ERROR [commons.abs.baserequest:251] Expecting ',' delimiter: line 1 column 300 (char 299)
[2026-07-03 10:00:23] ERROR [commons.abs.baserequest:251] Expecting value: line 1 column 31 (char 30)
[2026-07-03 10:00:35] ERROR [commons.abs.baserequest:251] Expecting ',' delimiter: line 1 column 300 (char 299)
[2026-07-03 10:16:27] ERROR [commons.abs.baserequest:251] Expecting ',' delimiter: line 1 column 300 (char 299)
[2026-07-06 10:32:07] INFO [config.asgi:20] WS routes: [<URLPattern 'ws/user/<str:user_id>/'>, <URLPattern 'ws/task/<str:task_id>/'>]
[2026-07-06 10:32:07] INFO [daphne.cli:284] Starting server at tcp:port=8000:interface=0.0.0.0
[2026-07-06 10:32:07] INFO [daphne.server:126] HTTP/2 support not enabled (install the http2 and tls Twisted extras)
[2026-07-06 10:32:07] INFO [daphne.server:135] Configuring endpoint tcp:port=8000:interface=0.0.0.0
[2026-07-06 10:32:07] INFO [daphne.server:166] Listening on TCP address 0.0.0.0:8000
[2026-07-06 10:32:55] ERROR [commons.abs.baserequest:251] Expecting value: line 1 column 31 (char 30)
[2026-07-06 10:33:13] ERROR [daphne.server:303] Exception inside application: unknown command 'BZPOPMIN'
Traceback (most recent call last):
  File "D:\testplatformservice\testplatform\venv\Lib\site-packages\channels\routing.py", line 48, in __call__
    return await application(scope, receive, send)
           ^^^^^^^^^^^^^^^^^^^^^^^^^^^^^^^^^^^^^^^
  File "D:\testplatformservice\testplatform\commons\ws\auth.py", line 28, in __call__
    return await super().__call__(scope, receive, send)
           ^^^^^^^^^^^^^^^^^^^^^^^^^^^^^^^^^^^^^^^^^^^^
  File "D:\testplatformservice\testplatform\venv\Lib\site-packages\channels\middleware.py", line 24, in __call__
    return await self.inner(scope, receive, send)
           ^^^^^^^^^^^^^^^^^^^^^^^^^^^^^^^^^^^^^^
  File "D:\testplatformservice\testplatform\venv\Lib\site-packages\channels\routing.py", line 118, in __call__
    return await application(
           ^^^^^^^^^^^^^^^^^^
  File "D:\testplatformservice\testplatform\venv\Lib\site-packages\channels\consumer.py", line 95, in app
    return await consumer(scope, receive, send)
           ^^^^^^^^^^^^^^^^^^^^^^^^^^^^^^^^^^^^
  File "D:\testplatformservice\testplatform\venv\Lib\site-packages\channels\consumer.py", line 58, in __call__
    await await_many_dispatch(
  File "D:\testplatformservice\testplatform\venv\Lib\site-packages\channels\utils.py", line 57, in await_many_dispatch
    await task
  File "D:\testplatformservice\testplatform\venv\Lib\site-packages\channels_redis\core.py", line 340, in receive
    message_channel, message = await self.receive_single(
                               ^^^^^^^^^^^^^^^^^^^^^^^^^^
  File "D:\testplatformservice\testplatform\venv\Lib\site-packages\channels_redis\core.py", line 397, in receive_single
    content = await self._brpop_with_clean(
              ^^^^^^^^^^^^^^^^^^^^^^^^^^^^^
  File "D:\testplatformservice\testplatform\venv\Lib\site-packages\channels_redis\core.py", line 233, in _brpop_with_clean
    result = await connection.bzpopmin(channel, timeout=timeout)
             ^^^^^^^^^^^^^^^^^^^^^^^^^^^^^^^^^^^^^^^^^^^^^^^^^^^
  File "D:\testplatformservice\testplatform\venv\Lib\site-packages\redis\asyncio\client.py", line 781, in execute_command
    result = await conn.retry.call_with_retry(
             ^^^^^^^^^^^^^^^^^^^^^^^^^^^^^^^^^
  File "D:\testplatformservice\testplatform\venv\Lib\site-packages\redis\asyncio\retry.py", line 69, in call_with_retry
    return await do()
           ^^^^^^^^^^
  File "D:\testplatformservice\testplatform\venv\Lib\site-packages\redis\asyncio\client.py", line 722, in _send_command_parse_response
    return await self.parse_response(conn, command_name, **options)
           ^^^^^^^^^^^^^^^^^^^^^^^^^^^^^^^^^^^^^^^^^^^^^^^^^^^^^^^^
  File "D:\testplatformservice\testplatform\venv\Lib\site-packages\redis\asyncio\client.py", line 823, in parse_response
    response = await connection.read_response()
               ^^^^^^^^^^^^^^^^^^^^^^^^^^^^^^^^
  File "D:\testplatformservice\testplatform\venv\Lib\site-packages\redis\asyncio\connection.py", line 762, in read_response
    raise response from None
redis.exceptions.ResponseError: unknown command 'BZPOPMIN'
[2026-07-06 10:33:15] ERROR [daphne.server:303] Exception inside application: unknown command 'BZPOPMIN'
Traceback (most recent call last):
  File "D:\testplatformservice\testplatform\venv\Lib\site-packages\channels\routing.py", line 48, in __call__
    return await application(scope, receive, send)
           ^^^^^^^^^^^^^^^^^^^^^^^^^^^^^^^^^^^^^^^
  File "D:\testplatformservice\testplatform\commons\ws\auth.py", line 28, in __call__
    return await super().__call__(scope, receive, send)
           ^^^^^^^^^^^^^^^^^^^^^^^^^^^^^^^^^^^^^^^^^^^^
  File "D:\testplatformservice\testplatform\venv\Lib\site-packages\channels\middleware.py", line 24, in __call__
    return await self.inner(scope, receive, send)
           ^^^^^^^^^^^^^^^^^^^^^^^^^^^^^^^^^^^^^^
  File "D:\testplatformservice\testplatform\venv\Lib\site-packages\channels\routing.py", line 118, in __call__
    return await application(
           ^^^^^^^^^^^^^^^^^^
  File "D:\testplatformservice\testplatform\venv\Lib\site-packages\channels\consumer.py", line 95, in app
    return await consumer(scope, receive, send)
           ^^^^^^^^^^^^^^^^^^^^^^^^^^^^^^^^^^^^
  File "D:\testplatformservice\testplatform\venv\Lib\site-packages\channels\consumer.py", line 58, in __call__
    await await_many_dispatch(
  File "D:\testplatformservice\testplatform\venv\Lib\site-packages\channels\utils.py", line 57, in await_many_dispatch
    await task
redis.exceptions.ResponseError: unknown command 'BZPOPMIN'
[2026-07-06 10:33:19] ERROR [daphne.server:303] Exception inside application: unknown command 'BZPOPMIN'
Traceback (most recent call last):
  File "D:\testplatformservice\testplatform\venv\Lib\site-packages\channels\routing.py", line 48, in __call__
    return await application(scope, receive, send)
           ^^^^^^^^^^^^^^^^^^^^^^^^^^^^^^^^^^^^^^^
  File "D:\testplatformservice\testplatform\commons\ws\auth.py", line 28, in __call__
    return await super().__call__(scope, receive, send)
           ^^^^^^^^^^^^^^^^^^^^^^^^^^^^^^^^^^^^^^^^^^^^
  File "D:\testplatformservice\testplatform\venv\Lib\site-packages\channels\middleware.py", line 24, in __call__
    return await self.inner(scope, receive, send)
           ^^^^^^^^^^^^^^^^^^^^^^^^^^^^^^^^^^^^^^
  File "D:\testplatformservice\testplatform\venv\Lib\site-packages\channels\routing.py", line 118, in __call__
    return await application(
           ^^^^^^^^^^^^^^^^^^
  File "D:\testplatformservice\testplatform\venv\Lib\site-packages\channels\consumer.py", line 95, in app
    return await consumer(scope, receive, send)
           ^^^^^^^^^^^^^^^^^^^^^^^^^^^^^^^^^^^^
  File "D:\testplatformservice\testplatform\venv\Lib\site-packages\channels\consumer.py", line 58, in __call__
    await await_many_dispatch(
  File "D:\testplatformservice\testplatform\venv\Lib\site-packages\channels\utils.py", line 57, in await_many_dispatch
    await task
redis.exceptions.ResponseError: unknown command 'BZPOPMIN'
[2026-07-06 10:33:19] ERROR [daphne.server:303] Exception inside application: unknown command 'BZPOPMIN'
Traceback (most recent call last):
  File "D:\testplatformservice\testplatform\venv\Lib\site-packages\channels\routing.py", line 48, in __call__
    return await application(scope, receive, send)
           ^^^^^^^^^^^^^^^^^^^^^^^^^^^^^^^^^^^^^^^
  File "D:\testplatformservice\testplatform\commons\ws\auth.py", line 28, in __call__
    return await super().__call__(scope, receive, send)
           ^^^^^^^^^^^^^^^^^^^^^^^^^^^^^^^^^^^^^^^^^^^^
  File "D:\testplatformservice\testplatform\venv\Lib\site-packages\channels\middleware.py", line 24, in __call__
    return await self.inner(scope, receive, send)
           ^^^^^^^^^^^^^^^^^^^^^^^^^^^^^^^^^^^^^^
  File "D:\testplatformservice\testplatform\venv\Lib\site-packages\channels\routing.py", line 118, in __call__
    return await application(
           ^^^^^^^^^^^^^^^^^^
  File "D:\testplatformservice\testplatform\venv\Lib\site-packages\channels\consumer.py", line 95, in app
    return await consumer(scope, receive, send)
           ^^^^^^^^^^^^^^^^^^^^^^^^^^^^^^^^^^^^
  File "D:\testplatformservice\testplatform\venv\Lib\site-packages\channels\consumer.py", line 58, in __call__
    await await_many_dispatch(
  File "D:\testplatformservice\testplatform\venv\Lib\site-packages\channels\utils.py", line 57, in await_many_dispatch
    await task
redis.exceptions.ResponseError: unknown command 'BZPOPMIN'
[2026-07-06 10:33:23] ERROR [daphne.server:303] Exception inside application: unknown command 'BZPOPMIN'
Traceback (most recent call last):
  File "D:\testplatformservice\testplatform\venv\Lib\site-packages\channels\routing.py", line 48, in __call__
    return await application(scope, receive, send)
           ^^^^^^^^^^^^^^^^^^^^^^^^^^^^^^^^^^^^^^^
  File "D:\testplatformservice\testplatform\commons\ws\auth.py", line 28, in __call__
    return await super().__call__(scope, receive, send)
           ^^^^^^^^^^^^^^^^^^^^^^^^^^^^^^^^^^^^^^^^^^^^
  File "D:\testplatformservice\testplatform\venv\Lib\site-packages\channels\middleware.py", line 24, in __call__
    return await self.inner(scope, receive, send)
           ^^^^^^^^^^^^^^^^^^^^^^^^^^^^^^^^^^^^^^
  File "D:\testplatformservice\testplatform\venv\Lib\site-packages\channels\routing.py", line 118, in __call__
    return await application(
           ^^^^^^^^^^^^^^^^^^
  File "D:\testplatformservice\testplatform\venv\Lib\site-packages\channels\consumer.py", line 95, in app
    return await consumer(scope, receive, send)
           ^^^^^^^^^^^^^^^^^^^^^^^^^^^^^^^^^^^^
  File "D:\testplatformservice\testplatform\venv\Lib\site-packages\channels\consumer.py", line 58, in __call__
    await await_many_dispatch(
  File "D:\testplatformservice\testplatform\venv\Lib\site-packages\channels\utils.py", line 57, in await_many_dispatch
    await task
redis.exceptions.ResponseError: unknown command 'BZPOPMIN'
[2026-07-06 10:33:27] ERROR [daphne.server:303] Exception inside application: unknown command 'BZPOPMIN'
Traceback (most recent call last):
  File "D:\testplatformservice\testplatform\venv\Lib\site-packages\channels\routing.py", line 48, in __call__
    return await application(scope, receive, send)
           ^^^^^^^^^^^^^^^^^^^^^^^^^^^^^^^^^^^^^^^
  File "D:\testplatformservice\testplatform\commons\ws\auth.py", line 28, in __call__
    return await super().__call__(scope, receive, send)
           ^^^^^^^^^^^^^^^^^^^^^^^^^^^^^^^^^^^^^^^^^^^^
  File "D:\testplatformservice\testplatform\venv\Lib\site-packages\channels\middleware.py", line 24, in __call__
    return await self.inner(scope, receive, send)
           ^^^^^^^^^^^^^^^^^^^^^^^^^^^^^^^^^^^^^^
  File "D:\testplatformservice\testplatform\venv\Lib\site-packages\channels\routing.py", line 118, in __call__
    return await application(
           ^^^^^^^^^^^^^^^^^^
  File "D:\testplatformservice\testplatform\venv\Lib\site-packages\channels\consumer.py", line 95, in app
    return await consumer(scope, receive, send)
           ^^^^^^^^^^^^^^^^^^^^^^^^^^^^^^^^^^^^
  File "D:\testplatformservice\testplatform\venv\Lib\site-packages\channels\consumer.py", line 58, in __call__
    await await_many_dispatch(
  File "D:\testplatformservice\testplatform\venv\Lib\site-packages\channels\utils.py", line 57, in await_many_dispatch
    await task
redis.exceptions.ResponseError: unknown command 'BZPOPMIN'
[2026-07-06 10:33:31] ERROR [daphne.server:303] Exception inside application: unknown command 'BZPOPMIN'
Traceback (most recent call last):
  File "D:\testplatformservice\testplatform\venv\Lib\site-packages\channels\routing.py", line 48, in __call__
    return await application(scope, receive, send)
           ^^^^^^^^^^^^^^^^^^^^^^^^^^^^^^^^^^^^^^^
  File "D:\testplatformservice\testplatform\commons\ws\auth.py", line 28, in __call__
    return await super().__call__(scope, receive, send)
           ^^^^^^^^^^^^^^^^^^^^^^^^^^^^^^^^^^^^^^^^^^^^
  File "D:\testplatformservice\testplatform\venv\Lib\site-packages\channels\middleware.py", line 24, in __call__
    return await self.inner(scope, receive, send)
           ^^^^^^^^^^^^^^^^^^^^^^^^^^^^^^^^^^^^^^
  File "D:\testplatformservice\testplatform\venv\Lib\site-packages\channels\routing.py", line 118, in __call__
    return await application(
           ^^^^^^^^^^^^^^^^^^
  File "D:\testplatformservice\testplatform\venv\Lib\site-packages\channels\consumer.py", line 95, in app
    return await consumer(scope, receive, send)
           ^^^^^^^^^^^^^^^^^^^^^^^^^^^^^^^^^^^^
  File "D:\testplatformservice\testplatform\venv\Lib\site-packages\channels\consumer.py", line 58, in __call__
    await await_many_dispatch(
  File "D:\testplatformservice\testplatform\venv\Lib\site-packages\channels\utils.py", line 57, in await_many_dispatch
    await task
redis.exceptions.ResponseError: unknown command 'BZPOPMIN'
[2026-07-06 10:33:35] ERROR [daphne.server:303] Exception inside application: unknown command 'BZPOPMIN'
Traceback (most recent call last):
  File "D:\testplatformservice\testplatform\venv\Lib\site-packages\channels\routing.py", line 48, in __call__
    return await application(scope, receive, send)
           ^^^^^^^^^^^^^^^^^^^^^^^^^^^^^^^^^^^^^^^
  File "D:\testplatformservice\testplatform\commons\ws\auth.py", line 28, in __call__
    return await super().__call__(scope, receive, send)
           ^^^^^^^^^^^^^^^^^^^^^^^^^^^^^^^^^^^^^^^^^^^^
  File "D:\testplatformservice\testplatform\venv\Lib\site-packages\channels\middleware.py", line 24, in __call__
    return await self.inner(scope, receive, send)
           ^^^^^^^^^^^^^^^^^^^^^^^^^^^^^^^^^^^^^^
  File "D:\testplatformservice\testplatform\venv\Lib\site-packages\channels\routing.py", line 118, in __call__
    return await application(
           ^^^^^^^^^^^^^^^^^^
  File "D:\testplatformservice\testplatform\venv\Lib\site-packages\channels\consumer.py", line 95, in app
    return await consumer(scope, receive, send)
           ^^^^^^^^^^^^^^^^^^^^^^^^^^^^^^^^^^^^
  File "D:\testplatformservice\testplatform\venv\Lib\site-packages\channels\consumer.py", line 58, in __call__
    await await_many_dispatch(
  File "D:\testplatformservice\testplatform\venv\Lib\site-packages\channels\utils.py", line 57, in await_many_dispatch
    await task
redis.exceptions.ResponseError: unknown command 'BZPOPMIN'
[2026-07-06 10:33:38] ERROR [daphne.server:303] Exception inside application: unknown command 'BZPOPMIN'
Traceback (most recent call last):
  File "D:\testplatformservice\testplatform\venv\Lib\site-packages\channels\routing.py", line 48, in __call__
    return await application(scope, receive, send)
           ^^^^^^^^^^^^^^^^^^^^^^^^^^^^^^^^^^^^^^^
  File "D:\testplatformservice\testplatform\commons\ws\auth.py", line 28, in __call__
    return await super().__call__(scope, receive, send)
           ^^^^^^^^^^^^^^^^^^^^^^^^^^^^^^^^^^^^^^^^^^^^
  File "D:\testplatformservice\testplatform\venv\Lib\site-packages\channels\middleware.py", line 24, in __call__
    return await self.inner(scope, receive, send)
           ^^^^^^^^^^^^^^^^^^^^^^^^^^^^^^^^^^^^^^
  File "D:\testplatformservice\testplatform\venv\Lib\site-packages\channels\routing.py", line 118, in __call__
    return await application(
           ^^^^^^^^^^^^^^^^^^
  File "D:\testplatformservice\testplatform\venv\Lib\site-packages\channels\consumer.py", line 95, in app
    return await consumer(scope, receive, send)
           ^^^^^^^^^^^^^^^^^^^^^^^^^^^^^^^^^^^^
  File "D:\testplatformservice\testplatform\venv\Lib\site-packages\channels\consumer.py", line 58, in __call__
    await await_many_dispatch(
  File "D:\testplatformservice\testplatform\venv\Lib\site-packages\channels\utils.py", line 57, in await_many_dispatch
    await task
redis.exceptions.ResponseError: unknown command 'BZPOPMIN'
[2026-07-06 10:33:39] ERROR [daphne.server:303] Exception inside application: unknown command 'BZPOPMIN'
Traceback (most recent call last):
  File "D:\testplatformservice\testplatform\venv\Lib\site-packages\channels\routing.py", line 48, in __call__
    return await application(scope, receive, send)
           ^^^^^^^^^^^^^^^^^^^^^^^^^^^^^^^^^^^^^^^
  File "D:\testplatformservice\testplatform\commons\ws\auth.py", line 28, in __call__
    return await super().__call__(scope, receive, send)
           ^^^^^^^^^^^^^^^^^^^^^^^^^^^^^^^^^^^^^^^^^^^^
  File "D:\testplatformservice\testplatform\venv\Lib\site-packages\channels\middleware.py", line 24, in __call__
    return await self.inner(scope, receive, send)
           ^^^^^^^^^^^^^^^^^^^^^^^^^^^^^^^^^^^^^^
  File "D:\testplatformservice\testplatform\venv\Lib\site-packages\channels\routing.py", line 118, in __call__
    return await application(
           ^^^^^^^^^^^^^^^^^^
  File "D:\testplatformservice\testplatform\venv\Lib\site-packages\channels\consumer.py", line 95, in app
    return await consumer(scope, receive, send)
           ^^^^^^^^^^^^^^^^^^^^^^^^^^^^^^^^^^^^
  File "D:\testplatformservice\testplatform\venv\Lib\site-packages\channels\consumer.py", line 58, in __call__
    await await_many_dispatch(
  File "D:\testplatformservice\testplatform\venv\Lib\site-packages\channels\utils.py", line 57, in await_many_dispatch
    await task
redis.exceptions.ResponseError: unknown command 'BZPOPMIN'
[2026-07-06 10:33:43] ERROR [daphne.server:303] Exception inside application: unknown command 'BZPOPMIN'
Traceback (most recent call last):
  File "D:\testplatformservice\testplatform\venv\Lib\site-packages\channels\routing.py", line 48, in __call__
    return await application(scope, receive, send)
           ^^^^^^^^^^^^^^^^^^^^^^^^^^^^^^^^^^^^^^^
  File "D:\testplatformservice\testplatform\commons\ws\auth.py", line 28, in __call__
    return await super().__call__(scope, receive, send)
           ^^^^^^^^^^^^^^^^^^^^^^^^^^^^^^^^^^^^^^^^^^^^
  File "D:\testplatformservice\testplatform\venv\Lib\site-packages\channels\middleware.py", line 24, in __call__
    return await self.inner(scope, receive, send)
           ^^^^^^^^^^^^^^^^^^^^^^^^^^^^^^^^^^^^^^
  File "D:\testplatformservice\testplatform\venv\Lib\site-packages\channels\routing.py", line 118, in __call__
    return await application(
           ^^^^^^^^^^^^^^^^^^
  File "D:\testplatformservice\testplatform\venv\Lib\site-packages\channels\consumer.py", line 95, in app
    return await consumer(scope, receive, send)
           ^^^^^^^^^^^^^^^^^^^^^^^^^^^^^^^^^^^^
  File "D:\testplatformservice\testplatform\venv\Lib\site-packages\channels\consumer.py", line 58, in __call__
    await await_many_dispatch(
  File "D:\testplatformservice\testplatform\venv\Lib\site-packages\channels\utils.py", line 57, in await_many_dispatch
    await task
redis.exceptions.ResponseError: unknown command 'BZPOPMIN'
[2026-07-06 10:33:47] ERROR [daphne.server:303] Exception inside application: unknown command 'BZPOPMIN'
Traceback (most recent call last):
  File "D:\testplatformservice\testplatform\venv\Lib\site-packages\channels\routing.py", line 48, in __call__
    return await application(scope, receive, send)
           ^^^^^^^^^^^^^^^^^^^^^^^^^^^^^^^^^^^^^^^
  File "D:\testplatformservice\testplatform\commons\ws\auth.py", line 28, in __call__
    return await super().__call__(scope, receive, send)
           ^^^^^^^^^^^^^^^^^^^^^^^^^^^^^^^^^^^^^^^^^^^^
  File "D:\testplatformservice\testplatform\venv\Lib\site-packages\channels\middleware.py", line 24, in __call__
    return await self.inner(scope, receive, send)
           ^^^^^^^^^^^^^^^^^^^^^^^^^^^^^^^^^^^^^^
  File "D:\testplatformservice\testplatform\venv\Lib\site-packages\channels\routing.py", line 118, in __call__
    return await application(
           ^^^^^^^^^^^^^^^^^^
  File "D:\testplatformservice\testplatform\venv\Lib\site-packages\channels\consumer.py", line 95, in app
    return await consumer(scope, receive, send)
           ^^^^^^^^^^^^^^^^^^^^^^^^^^^^^^^^^^^^
  File "D:\testplatformservice\testplatform\venv\Lib\site-packages\channels\consumer.py", line 58, in __call__
    await await_many_dispatch(
  File "D:\testplatformservice\testplatform\venv\Lib\site-packages\channels\utils.py", line 57, in await_many_dispatch
    await task
redis.exceptions.ResponseError: unknown command 'BZPOPMIN'
[2026-07-06 10:33:51] ERROR [daphne.server:303] Exception inside application: unknown command 'BZPOPMIN'
Traceback (most recent call last):
  File "D:\testplatformservice\testplatform\venv\Lib\site-packages\channels\routing.py", line 48, in __call__
    return await application(scope, receive, send)
           ^^^^^^^^^^^^^^^^^^^^^^^^^^^^^^^^^^^^^^^
  File "D:\testplatformservice\testplatform\commons\ws\auth.py", line 28, in __call__
    return await super().__call__(scope, receive, send)
           ^^^^^^^^^^^^^^^^^^^^^^^^^^^^^^^^^^^^^^^^^^^^
  File "D:\testplatformservice\testplatform\venv\Lib\site-packages\channels\middleware.py", line 24, in __call__
    return await self.inner(scope, receive, send)
           ^^^^^^^^^^^^^^^^^^^^^^^^^^^^^^^^^^^^^^
  File "D:\testplatformservice\testplatform\venv\Lib\site-packages\channels\routing.py", line 118, in __call__
    return await application(
           ^^^^^^^^^^^^^^^^^^
  File "D:\testplatformservice\testplatform\venv\Lib\site-packages\channels\consumer.py", line 95, in app
    return await consumer(scope, receive, send)
           ^^^^^^^^^^^^^^^^^^^^^^^^^^^^^^^^^^^^
  File "D:\testplatformservice\testplatform\venv\Lib\site-packages\channels\consumer.py", line 58, in __call__
    await await_many_dispatch(
  File "D:\testplatformservice\testplatform\venv\Lib\site-packages\channels\utils.py", line 57, in await_many_dispatch
    await task
redis.exceptions.ResponseError: unknown command 'BZPOPMIN'
[2026-07-06 10:33:55] ERROR [daphne.server:303] Exception inside application: unknown command 'BZPOPMIN'
Traceback (most recent call last):
  File "D:\testplatformservice\testplatform\venv\Lib\site-packages\channels\routing.py", line 48, in __call__
    return await application(scope, receive, send)
           ^^^^^^^^^^^^^^^^^^^^^^^^^^^^^^^^^^^^^^^
  File "D:\testplatformservice\testplatform\commons\ws\auth.py", line 28, in __call__
    return await super().__call__(scope, receive, send)
           ^^^^^^^^^^^^^^^^^^^^^^^^^^^^^^^^^^^^^^^^^^^^
  File "D:\testplatformservice\testplatform\venv\Lib\site-packages\channels\middleware.py", line 24, in __call__
    return await self.inner(scope, receive, send)
           ^^^^^^^^^^^^^^^^^^^^^^^^^^^^^^^^^^^^^^
  File "D:\testplatformservice\testplatform\venv\Lib\site-packages\channels\routing.py", line 118, in __call__
    return await application(
           ^^^^^^^^^^^^^^^^^^
  File "D:\testplatformservice\testplatform\venv\Lib\site-packages\channels\consumer.py", line 95, in app
    return await consumer(scope, receive, send)
           ^^^^^^^^^^^^^^^^^^^^^^^^^^^^^^^^^^^^
  File "D:\testplatformservice\testplatform\venv\Lib\site-packages\channels\consumer.py", line 58, in __call__
    await await_many_dispatch(
  File "D:\testplatformservice\testplatform\venv\Lib\site-packages\channels\utils.py", line 57, in await_many_dispatch
    await task
redis.exceptions.ResponseError: unknown command 'BZPOPMIN'
[2026-07-06 10:33:59] ERROR [daphne.server:303] Exception inside application: unknown command 'BZPOPMIN'
Traceback (most recent call last):
  File "D:\testplatformservice\testplatform\venv\Lib\site-packages\channels\routing.py", line 48, in __call__
    return await application(scope, receive, send)
           ^^^^^^^^^^^^^^^^^^^^^^^^^^^^^^^^^^^^^^^
  File "D:\testplatformservice\testplatform\commons\ws\auth.py", line 28, in __call__
    return await super().__call__(scope, receive, send)
           ^^^^^^^^^^^^^^^^^^^^^^^^^^^^^^^^^^^^^^^^^^^^
  File "D:\testplatformservice\testplatform\venv\Lib\site-packages\channels\middleware.py", line 24, in __call__
    return await self.inner(scope, receive, send)
           ^^^^^^^^^^^^^^^^^^^^^^^^^^^^^^^^^^^^^^
  File "D:\testplatformservice\testplatform\venv\Lib\site-packages\channels\routing.py", line 118, in __call__
    return await application(
           ^^^^^^^^^^^^^^^^^^
  File "D:\testplatformservice\testplatform\venv\Lib\site-packages\channels\consumer.py", line 95, in app
    return await consumer(scope, receive, send)
           ^^^^^^^^^^^^^^^^^^^^^^^^^^^^^^^^^^^^
  File "D:\testplatformservice\testplatform\venv\Lib\site-packages\channels\consumer.py", line 58, in __call__
    await await_many_dispatch(
  File "D:\testplatformservice\testplatform\venv\Lib\site-packages\channels\utils.py", line 57, in await_many_dispatch
    await task
redis.exceptions.ResponseError: unknown command 'BZPOPMIN'
[2026-07-06 10:34:03] ERROR [daphne.server:303] Exception inside application: unknown command 'BZPOPMIN'
Traceback (most recent call last):
  File "D:\testplatformservice\testplatform\venv\Lib\site-packages\channels\routing.py", line 48, in __call__
    return await application(scope, receive, send)
           ^^^^^^^^^^^^^^^^^^^^^^^^^^^^^^^^^^^^^^^
  File "D:\testplatformservice\testplatform\commons\ws\auth.py", line 28, in __call__
    return await super().__call__(scope, receive, send)
           ^^^^^^^^^^^^^^^^^^^^^^^^^^^^^^^^^^^^^^^^^^^^
  File "D:\testplatformservice\testplatform\venv\Lib\site-packages\channels\middleware.py", line 24, in __call__
    return await self.inner(scope, receive, send)
           ^^^^^^^^^^^^^^^^^^^^^^^^^^^^^^^^^^^^^^
  File "D:\testplatformservice\testplatform\venv\Lib\site-packages\channels\routing.py", line 118, in __call__
    return await application(
           ^^^^^^^^^^^^^^^^^^
  File "D:\testplatformservice\testplatform\venv\Lib\site-packages\channels\consumer.py", line 95, in app
    return await consumer(scope, receive, send)
           ^^^^^^^^^^^^^^^^^^^^^^^^^^^^^^^^^^^^
  File "D:\testplatformservice\testplatform\venv\Lib\site-packages\channels\consumer.py", line 58, in __call__
    await await_many_dispatch(
  File "D:\testplatformservice\testplatform\venv\Lib\site-packages\channels\utils.py", line 57, in await_many_dispatch
    await task
redis.exceptions.ResponseError: unknown command 'BZPOPMIN'
[2026-07-06 10:34:07] ERROR [daphne.server:303] Exception inside application: unknown command 'BZPOPMIN'
Traceback (most recent call last):
  File "D:\testplatformservice\testplatform\venv\Lib\site-packages\channels\routing.py", line 48, in __call__
    return await application(scope, receive, send)
           ^^^^^^^^^^^^^^^^^^^^^^^^^^^^^^^^^^^^^^^
  File "D:\testplatformservice\testplatform\commons\ws\auth.py", line 28, in __call__
    return await super().__call__(scope, receive, send)
           ^^^^^^^^^^^^^^^^^^^^^^^^^^^^^^^^^^^^^^^^^^^^
  File "D:\testplatformservice\testplatform\venv\Lib\site-packages\channels\middleware.py", line 24, in __call__
    return await self.inner(scope, receive, send)
           ^^^^^^^^^^^^^^^^^^^^^^^^^^^^^^^^^^^^^^
  File "D:\testplatformservice\testplatform\venv\Lib\site-packages\channels\routing.py", line 118, in __call__
    return await application(
           ^^^^^^^^^^^^^^^^^^
  File "D:\testplatformservice\testplatform\venv\Lib\site-packages\channels\consumer.py", line 95, in app
    return await consumer(scope, receive, send)
           ^^^^^^^^^^^^^^^^^^^^^^^^^^^^^^^^^^^^
  File "D:\testplatformservice\testplatform\venv\Lib\site-packages\channels\consumer.py", line 58, in __call__
    await await_many_dispatch(
  File "D:\testplatformservice\testplatform\venv\Lib\site-packages\channels\utils.py", line 57, in await_many_dispatch
    await task
redis.exceptions.ResponseError: unknown command 'BZPOPMIN'
[2026-07-06 10:34:11] ERROR [daphne.server:303] Exception inside application: unknown command 'BZPOPMIN'
Traceback (most recent call last):
  File "D:\testplatformservice\testplatform\venv\Lib\site-packages\channels\routing.py", line 48, in __call__
    return await application(scope, receive, send)
           ^^^^^^^^^^^^^^^^^^^^^^^^^^^^^^^^^^^^^^^
  File "D:\testplatformservice\testplatform\commons\ws\auth.py", line 28, in __call__
    return await super().__call__(scope, receive, send)
           ^^^^^^^^^^^^^^^^^^^^^^^^^^^^^^^^^^^^^^^^^^^^
  File "D:\testplatformservice\testplatform\venv\Lib\site-packages\channels\middleware.py", line 24, in __call__
    return await self.inner(scope, receive, send)
           ^^^^^^^^^^^^^^^^^^^^^^^^^^^^^^^^^^^^^^
  File "D:\testplatformservice\testplatform\venv\Lib\site-packages\channels\routing.py", line 118, in __call__
    return await application(
           ^^^^^^^^^^^^^^^^^^
  File "D:\testplatformservice\testplatform\venv\Lib\site-packages\channels\consumer.py", line 95, in app
    return await consumer(scope, receive, send)
           ^^^^^^^^^^^^^^^^^^^^^^^^^^^^^^^^^^^^
  File "D:\testplatformservice\testplatform\venv\Lib\site-packages\channels\consumer.py", line 58, in __call__
    await await_many_dispatch(
  File "D:\testplatformservice\testplatform\venv\Lib\site-packages\channels\utils.py", line 57, in await_many_dispatch
    await task
redis.exceptions.ResponseError: unknown command 'BZPOPMIN'
[2026-07-06 10:34:15] ERROR [daphne.server:303] Exception inside application: unknown command 'BZPOPMIN'
Traceback (most recent call last):
  File "D:\testplatformservice\testplatform\venv\Lib\site-packages\channels\routing.py", line 48, in __call__
    return await application(scope, receive, send)
           ^^^^^^^^^^^^^^^^^^^^^^^^^^^^^^^^^^^^^^^
  File "D:\testplatformservice\testplatform\commons\ws\auth.py", line 28, in __call__
    return await super().__call__(scope, receive, send)
           ^^^^^^^^^^^^^^^^^^^^^^^^^^^^^^^^^^^^^^^^^^^^
  File "D:\testplatformservice\testplatform\venv\Lib\site-packages\channels\middleware.py", line 24, in __call__
    return await self.inner(scope, receive, send)
           ^^^^^^^^^^^^^^^^^^^^^^^^^^^^^^^^^^^^^^
  File "D:\testplatformservice\testplatform\venv\Lib\site-packages\channels\routing.py", line 118, in __call__
    return await application(
           ^^^^^^^^^^^^^^^^^^
  File "D:\testplatformservice\testplatform\venv\Lib\site-packages\channels\consumer.py", line 95, in app
    return await consumer(scope, receive, send)
           ^^^^^^^^^^^^^^^^^^^^^^^^^^^^^^^^^^^^
  File "D:\testplatformservice\testplatform\venv\Lib\site-packages\channels\consumer.py", line 58, in __call__
    await await_many_dispatch(
  File "D:\testplatformservice\testplatform\venv\Lib\site-packages\channels\utils.py", line 57, in await_many_dispatch
    await task
redis.exceptions.ResponseError: unknown command 'BZPOPMIN'
[2026-07-06 10:34:20] ERROR [daphne.server:303] Exception inside application: unknown command 'BZPOPMIN'
Traceback (most recent call last):
  File "D:\testplatformservice\testplatform\venv\Lib\site-packages\channels\routing.py", line 48, in __call__
    return await application(scope, receive, send)
           ^^^^^^^^^^^^^^^^^^^^^^^^^^^^^^^^^^^^^^^
  File "D:\testplatformservice\testplatform\commons\ws\auth.py", line 28, in __call__
    return await super().__call__(scope, receive, send)
           ^^^^^^^^^^^^^^^^^^^^^^^^^^^^^^^^^^^^^^^^^^^^
  File "D:\testplatformservice\testplatform\venv\Lib\site-packages\channels\middleware.py", line 24, in __call__
    return await self.inner(scope, receive, send)
           ^^^^^^^^^^^^^^^^^^^^^^^^^^^^^^^^^^^^^^
  File "D:\testplatformservice\testplatform\venv\Lib\site-packages\channels\routing.py", line 118, in __call__
    return await application(
           ^^^^^^^^^^^^^^^^^^
  File "D:\testplatformservice\testplatform\venv\Lib\site-packages\channels\consumer.py", line 95, in app
    return await consumer(scope, receive, send)
           ^^^^^^^^^^^^^^^^^^^^^^^^^^^^^^^^^^^^
  File "D:\testplatformservice\testplatform\venv\Lib\site-packages\channels\consumer.py", line 58, in __call__
    await await_many_dispatch(
  File "D:\testplatformservice\testplatform\venv\Lib\site-packages\channels\utils.py", line 57, in await_many_dispatch
    await task
redis.exceptions.ResponseError: unknown command 'BZPOPMIN'
[2026-07-06 10:34:24] ERROR [daphne.server:303] Exception inside application: unknown command 'BZPOPMIN'
Traceback (most recent call last):
  File "D:\testplatformservice\testplatform\venv\Lib\site-packages\channels\routing.py", line 48, in __call__
    return await application(scope, receive, send)
           ^^^^^^^^^^^^^^^^^^^^^^^^^^^^^^^^^^^^^^^
  File "D:\testplatformservice\testplatform\commons\ws\auth.py", line 28, in __call__
    return await super().__call__(scope, receive, send)
           ^^^^^^^^^^^^^^^^^^^^^^^^^^^^^^^^^^^^^^^^^^^^
  File "D:\testplatformservice\testplatform\venv\Lib\site-packages\channels\middleware.py", line 24, in __call__
    return await self.inner(scope, receive, send)
           ^^^^^^^^^^^^^^^^^^^^^^^^^^^^^^^^^^^^^^
  File "D:\testplatformservice\testplatform\venv\Lib\site-packages\channels\routing.py", line 118, in __call__
    return await application(
           ^^^^^^^^^^^^^^^^^^
  File "D:\testplatformservice\testplatform\venv\Lib\site-packages\channels\consumer.py", line 95, in app
    return await consumer(scope, receive, send)
           ^^^^^^^^^^^^^^^^^^^^^^^^^^^^^^^^^^^^
  File "D:\testplatformservice\testplatform\venv\Lib\site-packages\channels\consumer.py", line 58, in __call__
    await await_many_dispatch(
  File "D:\testplatformservice\testplatform\venv\Lib\site-packages\channels\utils.py", line 57, in await_many_dispatch
    await task
redis.exceptions.ResponseError: unknown command 'BZPOPMIN'
[2026-07-06 10:34:28] ERROR [daphne.server:303] Exception inside application: unknown command 'BZPOPMIN'
Traceback (most recent call last):
  File "D:\testplatformservice\testplatform\venv\Lib\site-packages\channels\routing.py", line 48, in __call__
    return await application(scope, receive, send)
           ^^^^^^^^^^^^^^^^^^^^^^^^^^^^^^^^^^^^^^^
  File "D:\testplatformservice\testplatform\commons\ws\auth.py", line 28, in __call__
    return await super().__call__(scope, receive, send)
           ^^^^^^^^^^^^^^^^^^^^^^^^^^^^^^^^^^^^^^^^^^^^
  File "D:\testplatformservice\testplatform\venv\Lib\site-packages\channels\middleware.py", line 24, in __call__
    return await self.inner(scope, receive, send)
           ^^^^^^^^^^^^^^^^^^^^^^^^^^^^^^^^^^^^^^
  File "D:\testplatformservice\testplatform\venv\Lib\site-packages\channels\routing.py", line 118, in __call__
    return await application(
           ^^^^^^^^^^^^^^^^^^
  File "D:\testplatformservice\testplatform\venv\Lib\site-packages\channels\consumer.py", line 95, in app
    return await consumer(scope, receive, send)
           ^^^^^^^^^^^^^^^^^^^^^^^^^^^^^^^^^^^^
  File "D:\testplatformservice\testplatform\venv\Lib\site-packages\channels\consumer.py", line 58, in __call__
    await await_many_dispatch(
  File "D:\testplatformservice\testplatform\venv\Lib\site-packages\channels\utils.py", line 57, in await_many_dispatch
    await task
redis.exceptions.ResponseError: unknown command 'BZPOPMIN'
[2026-07-06 10:34:32] ERROR [daphne.server:303] Exception inside application: unknown command 'BZPOPMIN'
Traceback (most recent call last):
  File "D:\testplatformservice\testplatform\venv\Lib\site-packages\channels\routing.py", line 48, in __call__
    return await application(scope, receive, send)
           ^^^^^^^^^^^^^^^^^^^^^^^^^^^^^^^^^^^^^^^
  File "D:\testplatformservice\testplatform\commons\ws\auth.py", line 28, in __call__
    return await super().__call__(scope, receive, send)
           ^^^^^^^^^^^^^^^^^^^^^^^^^^^^^^^^^^^^^^^^^^^^
  File "D:\testplatformservice\testplatform\venv\Lib\site-packages\channels\middleware.py", line 24, in __call__
    return await self.inner(scope, receive, send)
           ^^^^^^^^^^^^^^^^^^^^^^^^^^^^^^^^^^^^^^
  File "D:\testplatformservice\testplatform\venv\Lib\site-packages\channels\routing.py", line 118, in __call__
    return await application(
           ^^^^^^^^^^^^^^^^^^
  File "D:\testplatformservice\testplatform\venv\Lib\site-packages\channels\consumer.py", line 95, in app
    return await consumer(scope, receive, send)
           ^^^^^^^^^^^^^^^^^^^^^^^^^^^^^^^^^^^^
  File "D:\testplatformservice\testplatform\venv\Lib\site-packages\channels\consumer.py", line 58, in __call__
    await await_many_dispatch(
  File "D:\testplatformservice\testplatform\venv\Lib\site-packages\channels\utils.py", line 57, in await_many_dispatch
    await task
redis.exceptions.ResponseError: unknown command 'BZPOPMIN'
[2026-07-06 10:34:36] ERROR [daphne.server:303] Exception inside application: unknown command 'BZPOPMIN'
Traceback (most recent call last):
  File "D:\testplatformservice\testplatform\venv\Lib\site-packages\channels\routing.py", line 48, in __call__
    return await application(scope, receive, send)
           ^^^^^^^^^^^^^^^^^^^^^^^^^^^^^^^^^^^^^^^
  File "D:\testplatformservice\testplatform\commons\ws\auth.py", line 28, in __call__
    return await super().__call__(scope, receive, send)
           ^^^^^^^^^^^^^^^^^^^^^^^^^^^^^^^^^^^^^^^^^^^^
  File "D:\testplatformservice\testplatform\venv\Lib\site-packages\channels\middleware.py", line 24, in __call__
    return await self.inner(scope, receive, send)
           ^^^^^^^^^^^^^^^^^^^^^^^^^^^^^^^^^^^^^^
  File "D:\testplatformservice\testplatform\venv\Lib\site-packages\channels\routing.py", line 118, in __call__
    return await application(
           ^^^^^^^^^^^^^^^^^^
  File "D:\testplatformservice\testplatform\venv\Lib\site-packages\channels\consumer.py", line 95, in app
    return await consumer(scope, receive, send)
           ^^^^^^^^^^^^^^^^^^^^^^^^^^^^^^^^^^^^
  File "D:\testplatformservice\testplatform\venv\Lib\site-packages\channels\consumer.py", line 58, in __call__
    await await_many_dispatch(
  File "D:\testplatformservice\testplatform\venv\Lib\site-packages\channels\utils.py", line 57, in await_many_dispatch
    await task
redis.exceptions.ResponseError: unknown command 'BZPOPMIN'
[2026-07-06 10:34:39] ERROR [daphne.server:303] Exception inside application: unknown command 'BZPOPMIN'
Traceback (most recent call last):
  File "D:\testplatformservice\testplatform\venv\Lib\site-packages\channels\routing.py", line 48, in __call__
    return await application(scope, receive, send)
           ^^^^^^^^^^^^^^^^^^^^^^^^^^^^^^^^^^^^^^^
  File "D:\testplatformservice\testplatform\commons\ws\auth.py", line 28, in __call__
    return await super().__call__(scope, receive, send)
           ^^^^^^^^^^^^^^^^^^^^^^^^^^^^^^^^^^^^^^^^^^^^
  File "D:\testplatformservice\testplatform\venv\Lib\site-packages\channels\middleware.py", line 24, in __call__
    return await self.inner(scope, receive, send)
           ^^^^^^^^^^^^^^^^^^^^^^^^^^^^^^^^^^^^^^
  File "D:\testplatformservice\testplatform\venv\Lib\site-packages\channels\routing.py", line 118, in __call__
    return await application(
           ^^^^^^^^^^^^^^^^^^
  File "D:\testplatformservice\testplatform\venv\Lib\site-packages\channels\consumer.py", line 95, in app
    return await consumer(scope, receive, send)
           ^^^^^^^^^^^^^^^^^^^^^^^^^^^^^^^^^^^^
  File "D:\testplatformservice\testplatform\venv\Lib\site-packages\channels\consumer.py", line 58, in __call__
    await await_many_dispatch(
  File "D:\testplatformservice\testplatform\venv\Lib\site-packages\channels\utils.py", line 57, in await_many_dispatch
    await task
redis.exceptions.ResponseError: unknown command 'BZPOPMIN'
[2026-07-06 10:34:43] ERROR [daphne.server:303] Exception inside application: unknown command 'BZPOPMIN'
Traceback (most recent call last):
  File "D:\testplatformservice\testplatform\venv\Lib\site-packages\channels\routing.py", line 48, in __call__
    return await application(scope, receive, send)
           ^^^^^^^^^^^^^^^^^^^^^^^^^^^^^^^^^^^^^^^
  File "D:\testplatformservice\testplatform\commons\ws\auth.py", line 28, in __call__
    return await super().__call__(scope, receive, send)
           ^^^^^^^^^^^^^^^^^^^^^^^^^^^^^^^^^^^^^^^^^^^^
  File "D:\testplatformservice\testplatform\venv\Lib\site-packages\channels\middleware.py", line 24, in __call__
    return await self.inner(scope, receive, send)
           ^^^^^^^^^^^^^^^^^^^^^^^^^^^^^^^^^^^^^^
  File "D:\testplatformservice\testplatform\venv\Lib\site-packages\channels\routing.py", line 118, in __call__
    return await application(
           ^^^^^^^^^^^^^^^^^^
  File "D:\testplatformservice\testplatform\venv\Lib\site-packages\channels\consumer.py", line 95, in app
    return await consumer(scope, receive, send)
           ^^^^^^^^^^^^^^^^^^^^^^^^^^^^^^^^^^^^
  File "D:\testplatformservice\testplatform\venv\Lib\site-packages\channels\consumer.py", line 58, in __call__
    await await_many_dispatch(
  File "D:\testplatformservice\testplatform\venv\Lib\site-packages\channels\utils.py", line 57, in await_many_dispatch
    await task
redis.exceptions.ResponseError: unknown command 'BZPOPMIN'
[2026-07-06 10:34:47] ERROR [daphne.server:303] Exception inside application: unknown command 'BZPOPMIN'
Traceback (most recent call last):
  File "D:\testplatformservice\testplatform\venv\Lib\site-packages\channels\routing.py", line 48, in __call__
    return await application(scope, receive, send)
           ^^^^^^^^^^^^^^^^^^^^^^^^^^^^^^^^^^^^^^^
  File "D:\testplatformservice\testplatform\commons\ws\auth.py", line 28, in __call__
    return await super().__call__(scope, receive, send)
           ^^^^^^^^^^^^^^^^^^^^^^^^^^^^^^^^^^^^^^^^^^^^
  File "D:\testplatformservice\testplatform\venv\Lib\site-packages\channels\middleware.py", line 24, in __call__
    return await self.inner(scope, receive, send)
           ^^^^^^^^^^^^^^^^^^^^^^^^^^^^^^^^^^^^^^
  File "D:\testplatformservice\testplatform\venv\Lib\site-packages\channels\routing.py", line 118, in __call__
    return await application(
           ^^^^^^^^^^^^^^^^^^
  File "D:\testplatformservice\testplatform\venv\Lib\site-packages\channels\consumer.py", line 95, in app
    return await consumer(scope, receive, send)
           ^^^^^^^^^^^^^^^^^^^^^^^^^^^^^^^^^^^^
  File "D:\testplatformservice\testplatform\venv\Lib\site-packages\channels\consumer.py", line 58, in __call__
    await await_many_dispatch(
  File "D:\testplatformservice\testplatform\venv\Lib\site-packages\channels\utils.py", line 57, in await_many_dispatch
    await task
redis.exceptions.ResponseError: unknown command 'BZPOPMIN'
[2026-07-06 10:34:51] ERROR [daphne.server:303] Exception inside application: unknown command 'BZPOPMIN'
Traceback (most recent call last):
  File "D:\testplatformservice\testplatform\venv\Lib\site-packages\channels\routing.py", line 48, in __call__
    return await application(scope, receive, send)
           ^^^^^^^^^^^^^^^^^^^^^^^^^^^^^^^^^^^^^^^
  File "D:\testplatformservice\testplatform\commons\ws\auth.py", line 28, in __call__
    return await super().__call__(scope, receive, send)
           ^^^^^^^^^^^^^^^^^^^^^^^^^^^^^^^^^^^^^^^^^^^^
  File "D:\testplatformservice\testplatform\venv\Lib\site-packages\channels\middleware.py", line 24, in __call__
    return await self.inner(scope, receive, send)
           ^^^^^^^^^^^^^^^^^^^^^^^^^^^^^^^^^^^^^^
  File "D:\testplatformservice\testplatform\venv\Lib\site-packages\channels\routing.py", line 118, in __call__
    return await application(
           ^^^^^^^^^^^^^^^^^^
  File "D:\testplatformservice\testplatform\venv\Lib\site-packages\channels\consumer.py", line 95, in app
    return await consumer(scope, receive, send)
           ^^^^^^^^^^^^^^^^^^^^^^^^^^^^^^^^^^^^
  File "D:\testplatformservice\testplatform\venv\Lib\site-packages\channels\consumer.py", line 58, in __call__
    await await_many_dispatch(
  File "D:\testplatformservice\testplatform\venv\Lib\site-packages\channels\utils.py", line 57, in await_many_dispatch
    await task
redis.exceptions.ResponseError: unknown command 'BZPOPMIN'
[2026-07-06 10:34:54] ERROR [daphne.server:303] Exception inside application: unknown command 'BZPOPMIN'
Traceback (most recent call last):
  File "D:\testplatformservice\testplatform\venv\Lib\site-packages\channels\routing.py", line 48, in __call__
    return await application(scope, receive, send)
           ^^^^^^^^^^^^^^^^^^^^^^^^^^^^^^^^^^^^^^^
  File "D:\testplatformservice\testplatform\commons\ws\auth.py", line 28, in __call__
    return await super().__call__(scope, receive, send)
           ^^^^^^^^^^^^^^^^^^^^^^^^^^^^^^^^^^^^^^^^^^^^
  File "D:\testplatformservice\testplatform\venv\Lib\site-packages\channels\middleware.py", line 24, in __call__
    return await self.inner(scope, receive, send)
           ^^^^^^^^^^^^^^^^^^^^^^^^^^^^^^^^^^^^^^
  File "D:\testplatformservice\testplatform\venv\Lib\site-packages\channels\routing.py", line 118, in __call__
    return await application(
           ^^^^^^^^^^^^^^^^^^
  File "D:\testplatformservice\testplatform\venv\Lib\site-packages\channels\consumer.py", line 95, in app
    return await consumer(scope, receive, send)
           ^^^^^^^^^^^^^^^^^^^^^^^^^^^^^^^^^^^^
  File "D:\testplatformservice\testplatform\venv\Lib\site-packages\channels\consumer.py", line 58, in __call__
    await await_many_dispatch(
  File "D:\testplatformservice\testplatform\venv\Lib\site-packages\channels\utils.py", line 57, in await_many_dispatch
    await task
redis.exceptions.ResponseError: unknown command 'BZPOPMIN'
[2026-07-06 10:34:58] ERROR [daphne.server:303] Exception inside application: unknown command 'BZPOPMIN'
Traceback (most recent call last):
  File "D:\testplatformservice\testplatform\venv\Lib\site-packages\channels\routing.py", line 48, in __call__
    return await application(scope, receive, send)
           ^^^^^^^^^^^^^^^^^^^^^^^^^^^^^^^^^^^^^^^
  File "D:\testplatformservice\testplatform\commons\ws\auth.py", line 28, in __call__
    return await super().__call__(scope, receive, send)
           ^^^^^^^^^^^^^^^^^^^^^^^^^^^^^^^^^^^^^^^^^^^^
  File "D:\testplatformservice\testplatform\venv\Lib\site-packages\channels\middleware.py", line 24, in __call__
    return await self.inner(scope, receive, send)
           ^^^^^^^^^^^^^^^^^^^^^^^^^^^^^^^^^^^^^^
  File "D:\testplatformservice\testplatform\venv\Lib\site-packages\channels\routing.py", line 118, in __call__
    return await application(
           ^^^^^^^^^^^^^^^^^^
  File "D:\testplatformservice\testplatform\venv\Lib\site-packages\channels\consumer.py", line 95, in app
    return await consumer(scope, receive, send)
           ^^^^^^^^^^^^^^^^^^^^^^^^^^^^^^^^^^^^
  File "D:\testplatformservice\testplatform\venv\Lib\site-packages\channels\consumer.py", line 58, in __call__
    await await_many_dispatch(
  File "D:\testplatformservice\testplatform\venv\Lib\site-packages\channels\utils.py", line 57, in await_many_dispatch
    await task
redis.exceptions.ResponseError: unknown command 'BZPOPMIN'
[2026-07-06 10:35:02] ERROR [daphne.server:303] Exception inside application: unknown command 'BZPOPMIN'
Traceback (most recent call last):
  File "D:\testplatformservice\testplatform\venv\Lib\site-packages\channels\routing.py", line 48, in __call__
    return await application(scope, receive, send)
           ^^^^^^^^^^^^^^^^^^^^^^^^^^^^^^^^^^^^^^^
  File "D:\testplatformservice\testplatform\commons\ws\auth.py", line 28, in __call__
    return await super().__call__(scope, receive, send)
           ^^^^^^^^^^^^^^^^^^^^^^^^^^^^^^^^^^^^^^^^^^^^
  File "D:\testplatformservice\testplatform\venv\Lib\site-packages\channels\middleware.py", line 24, in __call__
    return await self.inner(scope, receive, send)
           ^^^^^^^^^^^^^^^^^^^^^^^^^^^^^^^^^^^^^^
  File "D:\testplatformservice\testplatform\venv\Lib\site-packages\channels\routing.py", line 118, in __call__
    return await application(
           ^^^^^^^^^^^^^^^^^^
  File "D:\testplatformservice\testplatform\venv\Lib\site-packages\channels\consumer.py", line 95, in app
    return await consumer(scope, receive, send)
           ^^^^^^^^^^^^^^^^^^^^^^^^^^^^^^^^^^^^
  File "D:\testplatformservice\testplatform\venv\Lib\site-packages\channels\consumer.py", line 58, in __call__
    await await_many_dispatch(
  File "D:\testplatformservice\testplatform\venv\Lib\site-packages\channels\utils.py", line 57, in await_many_dispatch
    await task
redis.exceptions.ResponseError: unknown command 'BZPOPMIN'
[2026-07-06 10:35:05] ERROR [daphne.server:303] Exception inside application: unknown command 'BZPOPMIN'
Traceback (most recent call last):
  File "D:\testplatformservice\testplatform\venv\Lib\site-packages\channels\routing.py", line 48, in __call__
    return await application(scope, receive, send)
           ^^^^^^^^^^^^^^^^^^^^^^^^^^^^^^^^^^^^^^^
  File "D:\testplatformservice\testplatform\commons\ws\auth.py", line 28, in __call__
    return await super().__call__(scope, receive, send)
           ^^^^^^^^^^^^^^^^^^^^^^^^^^^^^^^^^^^^^^^^^^^^
  File "D:\testplatformservice\testplatform\venv\Lib\site-packages\channels\middleware.py", line 24, in __call__
    return await self.inner(scope, receive, send)
           ^^^^^^^^^^^^^^^^^^^^^^^^^^^^^^^^^^^^^^
  File "D:\testplatformservice\testplatform\venv\Lib\site-packages\channels\routing.py", line 118, in __call__
    return await application(
           ^^^^^^^^^^^^^^^^^^
  File "D:\testplatformservice\testplatform\venv\Lib\site-packages\channels\consumer.py", line 95, in app
    return await consumer(scope, receive, send)
           ^^^^^^^^^^^^^^^^^^^^^^^^^^^^^^^^^^^^
  File "D:\testplatformservice\testplatform\venv\Lib\site-packages\channels\consumer.py", line 58, in __call__
    await await_many_dispatch(
  File "D:\testplatformservice\testplatform\venv\Lib\site-packages\channels\utils.py", line 57, in await_many_dispatch
    await task
redis.exceptions.ResponseError: unknown command 'BZPOPMIN'
[2026-07-06 10:35:09] ERROR [daphne.server:303] Exception inside application: unknown command 'BZPOPMIN'
Traceback (most recent call last):
  File "D:\testplatformservice\testplatform\venv\Lib\site-packages\channels\routing.py", line 48, in __call__
    return await application(scope, receive, send)
           ^^^^^^^^^^^^^^^^^^^^^^^^^^^^^^^^^^^^^^^
  File "D:\testplatformservice\testplatform\commons\ws\auth.py", line 28, in __call__
    return await super().__call__(scope, receive, send)
           ^^^^^^^^^^^^^^^^^^^^^^^^^^^^^^^^^^^^^^^^^^^^
  File "D:\testplatformservice\testplatform\venv\Lib\site-packages\channels\middleware.py", line 24, in __call__
    return await self.inner(scope, receive, send)
           ^^^^^^^^^^^^^^^^^^^^^^^^^^^^^^^^^^^^^^
  File "D:\testplatformservice\testplatform\venv\Lib\site-packages\channels\routing.py", line 118, in __call__
    return await application(
           ^^^^^^^^^^^^^^^^^^
  File "D:\testplatformservice\testplatform\venv\Lib\site-packages\channels\consumer.py", line 95, in app
    return await consumer(scope, receive, send)
           ^^^^^^^^^^^^^^^^^^^^^^^^^^^^^^^^^^^^
  File "D:\testplatformservice\testplatform\venv\Lib\site-packages\channels\consumer.py", line 58, in __call__
    await await_many_dispatch(
  File "D:\testplatformservice\testplatform\venv\Lib\site-packages\channels\utils.py", line 57, in await_many_dispatch
    await task
redis.exceptions.ResponseError: unknown command 'BZPOPMIN'
[2026-07-06 10:35:12] ERROR [daphne.server:303] Exception inside application: unknown command 'BZPOPMIN'
Traceback (most recent call last):
  File "D:\testplatformservice\testplatform\venv\Lib\site-packages\channels\routing.py", line 48, in __call__
    return await application(scope, receive, send)
           ^^^^^^^^^^^^^^^^^^^^^^^^^^^^^^^^^^^^^^^
  File "D:\testplatformservice\testplatform\commons\ws\auth.py", line 28, in __call__
    return await super().__call__(scope, receive, send)
           ^^^^^^^^^^^^^^^^^^^^^^^^^^^^^^^^^^^^^^^^^^^^
  File "D:\testplatformservice\testplatform\venv\Lib\site-packages\channels\middleware.py", line 24, in __call__
    return await self.inner(scope, receive, send)
           ^^^^^^^^^^^^^^^^^^^^^^^^^^^^^^^^^^^^^^
  File "D:\testplatformservice\testplatform\venv\Lib\site-packages\channels\routing.py", line 118, in __call__
    return await application(
           ^^^^^^^^^^^^^^^^^^
  File "D:\testplatformservice\testplatform\venv\Lib\site-packages\channels\consumer.py", line 95, in app
    return await consumer(scope, receive, send)
           ^^^^^^^^^^^^^^^^^^^^^^^^^^^^^^^^^^^^
  File "D:\testplatformservice\testplatform\venv\Lib\site-packages\channels\consumer.py", line 58, in __call__
    await await_many_dispatch(
  File "D:\testplatformservice\testplatform\venv\Lib\site-packages\channels\utils.py", line 57, in await_many_dispatch
    await task
redis.exceptions.ResponseError: unknown command 'BZPOPMIN'
[2026-07-06 10:35:15] ERROR [daphne.server:303] Exception inside application: unknown command 'BZPOPMIN'
Traceback (most recent call last):
  File "D:\testplatformservice\testplatform\venv\Lib\site-packages\channels\routing.py", line 48, in __call__
    return await application(scope, receive, send)
           ^^^^^^^^^^^^^^^^^^^^^^^^^^^^^^^^^^^^^^^
  File "D:\testplatformservice\testplatform\commons\ws\auth.py", line 28, in __call__
    return await super().__call__(scope, receive, send)
           ^^^^^^^^^^^^^^^^^^^^^^^^^^^^^^^^^^^^^^^^^^^^
  File "D:\testplatformservice\testplatform\venv\Lib\site-packages\channels\middleware.py", line 24, in __call__
    return await self.inner(scope, receive, send)
           ^^^^^^^^^^^^^^^^^^^^^^^^^^^^^^^^^^^^^^
  File "D:\testplatformservice\testplatform\venv\Lib\site-packages\channels\routing.py", line 118, in __call__
    return await application(
           ^^^^^^^^^^^^^^^^^^
  File "D:\testplatformservice\testplatform\venv\Lib\site-packages\channels\consumer.py", line 95, in app
    return await consumer(scope, receive, send)
           ^^^^^^^^^^^^^^^^^^^^^^^^^^^^^^^^^^^^
  File "D:\testplatformservice\testplatform\venv\Lib\site-packages\channels\consumer.py", line 58, in __call__
    await await_many_dispatch(
  File "D:\testplatformservice\testplatform\venv\Lib\site-packages\channels\utils.py", line 57, in await_many_dispatch
    await task
redis.exceptions.ResponseError: unknown command 'BZPOPMIN'
[2026-07-06 10:35:19] ERROR [daphne.server:303] Exception inside application: unknown command 'BZPOPMIN'
Traceback (most recent call last):
  File "D:\testplatformservice\testplatform\venv\Lib\site-packages\channels\routing.py", line 48, in __call__
    return await application(scope, receive, send)
           ^^^^^^^^^^^^^^^^^^^^^^^^^^^^^^^^^^^^^^^
  File "D:\testplatformservice\testplatform\commons\ws\auth.py", line 28, in __call__
    return await super().__call__(scope, receive, send)
           ^^^^^^^^^^^^^^^^^^^^^^^^^^^^^^^^^^^^^^^^^^^^
  File "D:\testplatformservice\testplatform\venv\Lib\site-packages\channels\middleware.py", line 24, in __call__
    return await self.inner(scope, receive, send)
           ^^^^^^^^^^^^^^^^^^^^^^^^^^^^^^^^^^^^^^
  File "D:\testplatformservice\testplatform\venv\Lib\site-packages\channels\routing.py", line 118, in __call__
    return await application(
           ^^^^^^^^^^^^^^^^^^
  File "D:\testplatformservice\testplatform\venv\Lib\site-packages\channels\consumer.py", line 95, in app
    return await consumer(scope, receive, send)
           ^^^^^^^^^^^^^^^^^^^^^^^^^^^^^^^^^^^^
  File "D:\testplatformservice\testplatform\venv\Lib\site-packages\channels\consumer.py", line 58, in __call__
    await await_many_dispatch(
  File "D:\testplatformservice\testplatform\venv\Lib\site-packages\channels\utils.py", line 57, in await_many_dispatch
    await task
redis.exceptions.ResponseError: unknown command 'BZPOPMIN'
[2026-07-06 10:35:23] ERROR [daphne.server:303] Exception inside application: unknown command 'BZPOPMIN'
Traceback (most recent call last):
  File "D:\testplatformservice\testplatform\venv\Lib\site-packages\channels\routing.py", line 48, in __call__
    return await application(scope, receive, send)
           ^^^^^^^^^^^^^^^^^^^^^^^^^^^^^^^^^^^^^^^
  File "D:\testplatformservice\testplatform\commons\ws\auth.py", line 28, in __call__
    return await super().__call__(scope, receive, send)
           ^^^^^^^^^^^^^^^^^^^^^^^^^^^^^^^^^^^^^^^^^^^^
  File "D:\testplatformservice\testplatform\venv\Lib\site-packages\channels\middleware.py", line 24, in __call__
    return await self.inner(scope, receive, send)
           ^^^^^^^^^^^^^^^^^^^^^^^^^^^^^^^^^^^^^^
  File "D:\testplatformservice\testplatform\venv\Lib\site-packages\channels\routing.py", line 118, in __call__
    return await application(
           ^^^^^^^^^^^^^^^^^^
  File "D:\testplatformservice\testplatform\venv\Lib\site-packages\channels\consumer.py", line 95, in app
    return await consumer(scope, receive, send)
           ^^^^^^^^^^^^^^^^^^^^^^^^^^^^^^^^^^^^
  File "D:\testplatformservice\testplatform\venv\Lib\site-packages\channels\consumer.py", line 58, in __call__
    await await_many_dispatch(
  File "D:\testplatformservice\testplatform\venv\Lib\site-packages\channels\utils.py", line 57, in await_many_dispatch
    await task
redis.exceptions.ResponseError: unknown command 'BZPOPMIN'
[2026-07-06 10:35:27] ERROR [daphne.server:303] Exception inside application: unknown command 'BZPOPMIN'
Traceback (most recent call last):
  File "D:\testplatformservice\testplatform\venv\Lib\site-packages\channels\routing.py", line 48, in __call__
    return await application(scope, receive, send)
           ^^^^^^^^^^^^^^^^^^^^^^^^^^^^^^^^^^^^^^^
  File "D:\testplatformservice\testplatform\commons\ws\auth.py", line 28, in __call__
    return await super().__call__(scope, receive, send)
           ^^^^^^^^^^^^^^^^^^^^^^^^^^^^^^^^^^^^^^^^^^^^
  File "D:\testplatformservice\testplatform\venv\Lib\site-packages\channels\middleware.py", line 24, in __call__
    return await self.inner(scope, receive, send)
           ^^^^^^^^^^^^^^^^^^^^^^^^^^^^^^^^^^^^^^
  File "D:\testplatformservice\testplatform\venv\Lib\site-packages\channels\routing.py", line 118, in __call__
    return await application(
           ^^^^^^^^^^^^^^^^^^
  File "D:\testplatformservice\testplatform\venv\Lib\site-packages\channels\consumer.py", line 95, in app
    return await consumer(scope, receive, send)
           ^^^^^^^^^^^^^^^^^^^^^^^^^^^^^^^^^^^^
  File "D:\testplatformservice\testplatform\venv\Lib\site-packages\channels\consumer.py", line 58, in __call__
    await await_many_dispatch(
  File "D:\testplatformservice\testplatform\venv\Lib\site-packages\channels\utils.py", line 57, in await_many_dispatch
    await task
redis.exceptions.ResponseError: unknown command 'BZPOPMIN'
[2026-07-06 10:35:30] ERROR [daphne.server:303] Exception inside application: unknown command 'BZPOPMIN'
Traceback (most recent call last):
  File "D:\testplatformservice\testplatform\venv\Lib\site-packages\channels\routing.py", line 48, in __call__
    return await application(scope, receive, send)
           ^^^^^^^^^^^^^^^^^^^^^^^^^^^^^^^^^^^^^^^
  File "D:\testplatformservice\testplatform\commons\ws\auth.py", line 28, in __call__
    return await super().__call__(scope, receive, send)
           ^^^^^^^^^^^^^^^^^^^^^^^^^^^^^^^^^^^^^^^^^^^^
  File "D:\testplatformservice\testplatform\venv\Lib\site-packages\channels\middleware.py", line 24, in __call__
    return await self.inner(scope, receive, send)
           ^^^^^^^^^^^^^^^^^^^^^^^^^^^^^^^^^^^^^^
  File "D:\testplatformservice\testplatform\venv\Lib\site-packages\channels\routing.py", line 118, in __call__
    return await application(
           ^^^^^^^^^^^^^^^^^^
  File "D:\testplatformservice\testplatform\venv\Lib\site-packages\channels\consumer.py", line 95, in app
    return await consumer(scope, receive, send)
           ^^^^^^^^^^^^^^^^^^^^^^^^^^^^^^^^^^^^
  File "D:\testplatformservice\testplatform\venv\Lib\site-packages\channels\consumer.py", line 58, in __call__
    await await_many_dispatch(
  File "D:\testplatformservice\testplatform\venv\Lib\site-packages\channels\utils.py", line 57, in await_many_dispatch
    await task
redis.exceptions.ResponseError: unknown command 'BZPOPMIN'
[2026-07-06 10:35:33] ERROR [daphne.server:303] Exception inside application: unknown command 'BZPOPMIN'
Traceback (most recent call last):
  File "D:\testplatformservice\testplatform\venv\Lib\site-packages\channels\routing.py", line 48, in __call__
    return await application(scope, receive, send)
           ^^^^^^^^^^^^^^^^^^^^^^^^^^^^^^^^^^^^^^^
  File "D:\testplatformservice\testplatform\commons\ws\auth.py", line 28, in __call__
    return await super().__call__(scope, receive, send)
           ^^^^^^^^^^^^^^^^^^^^^^^^^^^^^^^^^^^^^^^^^^^^
  File "D:\testplatformservice\testplatform\venv\Lib\site-packages\channels\middleware.py", line 24, in __call__
    return await self.inner(scope, receive, send)
           ^^^^^^^^^^^^^^^^^^^^^^^^^^^^^^^^^^^^^^
  File "D:\testplatformservice\testplatform\venv\Lib\site-packages\channels\routing.py", line 118, in __call__
    return await application(
           ^^^^^^^^^^^^^^^^^^
  File "D:\testplatformservice\testplatform\venv\Lib\site-packages\channels\consumer.py", line 95, in app
    return await consumer(scope, receive, send)
           ^^^^^^^^^^^^^^^^^^^^^^^^^^^^^^^^^^^^
  File "D:\testplatformservice\testplatform\venv\Lib\site-packages\channels\consumer.py", line 58, in __call__
    await await_many_dispatch(
  File "D:\testplatformservice\testplatform\venv\Lib\site-packages\channels\utils.py", line 57, in await_many_dispatch
    await task
redis.exceptions.ResponseError: unknown command 'BZPOPMIN'
[2026-07-06 10:35:37] ERROR [daphne.server:303] Exception inside application: unknown command 'BZPOPMIN'
Traceback (most recent call last):
  File "D:\testplatformservice\testplatform\venv\Lib\site-packages\channels\routing.py", line 48, in __call__
    return await application(scope, receive, send)
           ^^^^^^^^^^^^^^^^^^^^^^^^^^^^^^^^^^^^^^^
  File "D:\testplatformservice\testplatform\commons\ws\auth.py", line 28, in __call__
    return await super().__call__(scope, receive, send)
           ^^^^^^^^^^^^^^^^^^^^^^^^^^^^^^^^^^^^^^^^^^^^
  File "D:\testplatformservice\testplatform\venv\Lib\site-packages\channels\middleware.py", line 24, in __call__
    return await self.inner(scope, receive, send)
           ^^^^^^^^^^^^^^^^^^^^^^^^^^^^^^^^^^^^^^
  File "D:\testplatformservice\testplatform\venv\Lib\site-packages\channels\routing.py", line 118, in __call__
    return await application(
           ^^^^^^^^^^^^^^^^^^
  File "D:\testplatformservice\testplatform\venv\Lib\site-packages\channels\consumer.py", line 95, in app
    return await consumer(scope, receive, send)
           ^^^^^^^^^^^^^^^^^^^^^^^^^^^^^^^^^^^^
  File "D:\testplatformservice\testplatform\venv\Lib\site-packages\channels\consumer.py", line 58, in __call__
    await await_many_dispatch(
  File "D:\testplatformservice\testplatform\venv\Lib\site-packages\channels\utils.py", line 57, in await_many_dispatch
    await task
redis.exceptions.ResponseError: unknown command 'BZPOPMIN'
[2026-07-06 10:35:41] ERROR [daphne.server:303] Exception inside application: unknown command 'BZPOPMIN'
Traceback (most recent call last):
  File "D:\testplatformservice\testplatform\venv\Lib\site-packages\channels\routing.py", line 48, in __call__
    return await application(scope, receive, send)
           ^^^^^^^^^^^^^^^^^^^^^^^^^^^^^^^^^^^^^^^
  File "D:\testplatformservice\testplatform\commons\ws\auth.py", line 28, in __call__
    return await super().__call__(scope, receive, send)
           ^^^^^^^^^^^^^^^^^^^^^^^^^^^^^^^^^^^^^^^^^^^^
  File "D:\testplatformservice\testplatform\venv\Lib\site-packages\channels\middleware.py", line 24, in __call__
    return await self.inner(scope, receive, send)
           ^^^^^^^^^^^^^^^^^^^^^^^^^^^^^^^^^^^^^^
  File "D:\testplatformservice\testplatform\venv\Lib\site-packages\channels\routing.py", line 118, in __call__
    return await application(
           ^^^^^^^^^^^^^^^^^^
  File "D:\testplatformservice\testplatform\venv\Lib\site-packages\channels\consumer.py", line 95, in app
    return await consumer(scope, receive, send)
           ^^^^^^^^^^^^^^^^^^^^^^^^^^^^^^^^^^^^
  File "D:\testplatformservice\testplatform\venv\Lib\site-packages\channels\consumer.py", line 58, in __call__
    await await_many_dispatch(
  File "D:\testplatformservice\testplatform\venv\Lib\site-packages\channels\utils.py", line 57, in await_many_dispatch
    await task
redis.exceptions.ResponseError: unknown command 'BZPOPMIN'
[2026-07-06 10:35:45] ERROR [daphne.server:303] Exception inside application: unknown command 'BZPOPMIN'
Traceback (most recent call last):
  File "D:\testplatformservice\testplatform\venv\Lib\site-packages\channels\routing.py", line 48, in __call__
    return await application(scope, receive, send)
           ^^^^^^^^^^^^^^^^^^^^^^^^^^^^^^^^^^^^^^^
  File "D:\testplatformservice\testplatform\commons\ws\auth.py", line 28, in __call__
    return await super().__call__(scope, receive, send)
           ^^^^^^^^^^^^^^^^^^^^^^^^^^^^^^^^^^^^^^^^^^^^
  File "D:\testplatformservice\testplatform\venv\Lib\site-packages\channels\middleware.py", line 24, in __call__
    return await self.inner(scope, receive, send)
           ^^^^^^^^^^^^^^^^^^^^^^^^^^^^^^^^^^^^^^
  File "D:\testplatformservice\testplatform\venv\Lib\site-packages\channels\routing.py", line 118, in __call__
    return await application(
           ^^^^^^^^^^^^^^^^^^
  File "D:\testplatformservice\testplatform\venv\Lib\site-packages\channels\consumer.py", line 95, in app
    return await consumer(scope, receive, send)
           ^^^^^^^^^^^^^^^^^^^^^^^^^^^^^^^^^^^^
  File "D:\testplatformservice\testplatform\venv\Lib\site-packages\channels\consumer.py", line 58, in __call__
    await await_many_dispatch(
  File "D:\testplatformservice\testplatform\venv\Lib\site-packages\channels\utils.py", line 57, in await_many_dispatch
    await task
redis.exceptions.ResponseError: unknown command 'BZPOPMIN'
[2026-07-06 10:35:49] ERROR [daphne.server:303] Exception inside application: unknown command 'BZPOPMIN'
Traceback (most recent call last):
  File "D:\testplatformservice\testplatform\venv\Lib\site-packages\channels\routing.py", line 48, in __call__
    return await application(scope, receive, send)
           ^^^^^^^^^^^^^^^^^^^^^^^^^^^^^^^^^^^^^^^
  File "D:\testplatformservice\testplatform\commons\ws\auth.py", line 28, in __call__
    return await super().__call__(scope, receive, send)
           ^^^^^^^^^^^^^^^^^^^^^^^^^^^^^^^^^^^^^^^^^^^^
  File "D:\testplatformservice\testplatform\venv\Lib\site-packages\channels\middleware.py", line 24, in __call__
    return await self.inner(scope, receive, send)
           ^^^^^^^^^^^^^^^^^^^^^^^^^^^^^^^^^^^^^^
  File "D:\testplatformservice\testplatform\venv\Lib\site-packages\channels\routing.py", line 118, in __call__
    return await application(
           ^^^^^^^^^^^^^^^^^^
  File "D:\testplatformservice\testplatform\venv\Lib\site-packages\channels\consumer.py", line 95, in app
    return await consumer(scope, receive, send)
           ^^^^^^^^^^^^^^^^^^^^^^^^^^^^^^^^^^^^
  File "D:\testplatformservice\testplatform\venv\Lib\site-packages\channels\consumer.py", line 58, in __call__
    await await_many_dispatch(
  File "D:\testplatformservice\testplatform\venv\Lib\site-packages\channels\utils.py", line 57, in await_many_dispatch
    await task
redis.exceptions.ResponseError: unknown command 'BZPOPMIN'
[2026-07-06 10:35:53] ERROR [daphne.server:303] Exception inside application: unknown command 'BZPOPMIN'
Traceback (most recent call last):
  File "D:\testplatformservice\testplatform\venv\Lib\site-packages\channels\routing.py", line 48, in __call__
    return await application(scope, receive, send)
           ^^^^^^^^^^^^^^^^^^^^^^^^^^^^^^^^^^^^^^^
  File "D:\testplatformservice\testplatform\commons\ws\auth.py", line 28, in __call__
    return await super().__call__(scope, receive, send)
           ^^^^^^^^^^^^^^^^^^^^^^^^^^^^^^^^^^^^^^^^^^^^
  File "D:\testplatformservice\testplatform\venv\Lib\site-packages\channels\middleware.py", line 24, in __call__
    return await self.inner(scope, receive, send)
           ^^^^^^^^^^^^^^^^^^^^^^^^^^^^^^^^^^^^^^
  File "D:\testplatformservice\testplatform\venv\Lib\site-packages\channels\routing.py", line 118, in __call__
    return await application(
           ^^^^^^^^^^^^^^^^^^
  File "D:\testplatformservice\testplatform\venv\Lib\site-packages\channels\consumer.py", line 95, in app
    return await consumer(scope, receive, send)
           ^^^^^^^^^^^^^^^^^^^^^^^^^^^^^^^^^^^^
  File "D:\testplatformservice\testplatform\venv\Lib\site-packages\channels\consumer.py", line 58, in __call__
    await await_many_dispatch(
  File "D:\testplatformservice\testplatform\venv\Lib\site-packages\channels\utils.py", line 57, in await_many_dispatch
    await task
redis.exceptions.ResponseError: unknown command 'BZPOPMIN'
[2026-07-06 10:35:57] ERROR [daphne.server:303] Exception inside application: unknown command 'BZPOPMIN'
Traceback (most recent call last):
  File "D:\testplatformservice\testplatform\venv\Lib\site-packages\channels\routing.py", line 48, in __call__
    return await application(scope, receive, send)
           ^^^^^^^^^^^^^^^^^^^^^^^^^^^^^^^^^^^^^^^
  File "D:\testplatformservice\testplatform\commons\ws\auth.py", line 28, in __call__
    return await super().__call__(scope, receive, send)
           ^^^^^^^^^^^^^^^^^^^^^^^^^^^^^^^^^^^^^^^^^^^^
  File "D:\testplatformservice\testplatform\venv\Lib\site-packages\channels\middleware.py", line 24, in __call__
    return await self.inner(scope, receive, send)
           ^^^^^^^^^^^^^^^^^^^^^^^^^^^^^^^^^^^^^^
  File "D:\testplatformservice\testplatform\venv\Lib\site-packages\channels\routing.py", line 118, in __call__
    return await application(
           ^^^^^^^^^^^^^^^^^^
  File "D:\testplatformservice\testplatform\venv\Lib\site-packages\channels\consumer.py", line 95, in app
    return await consumer(scope, receive, send)
           ^^^^^^^^^^^^^^^^^^^^^^^^^^^^^^^^^^^^
  File "D:\testplatformservice\testplatform\venv\Lib\site-packages\channels\consumer.py", line 58, in __call__
    await await_many_dispatch(
  File "D:\testplatformservice\testplatform\venv\Lib\site-packages\channels\utils.py", line 57, in await_many_dispatch
    await task
redis.exceptions.ResponseError: unknown command 'BZPOPMIN'
[2026-07-06 10:36:01] ERROR [daphne.server:303] Exception inside application: unknown command 'BZPOPMIN'
Traceback (most recent call last):
  File "D:\testplatformservice\testplatform\venv\Lib\site-packages\channels\routing.py", line 48, in __call__
    return await application(scope, receive, send)
           ^^^^^^^^^^^^^^^^^^^^^^^^^^^^^^^^^^^^^^^
  File "D:\testplatformservice\testplatform\commons\ws\auth.py", line 28, in __call__
    return await super().__call__(scope, receive, send)
           ^^^^^^^^^^^^^^^^^^^^^^^^^^^^^^^^^^^^^^^^^^^^
  File "D:\testplatformservice\testplatform\venv\Lib\site-packages\channels\middleware.py", line 24, in __call__
    return await self.inner(scope, receive, send)
           ^^^^^^^^^^^^^^^^^^^^^^^^^^^^^^^^^^^^^^
  File "D:\testplatformservice\testplatform\venv\Lib\site-packages\channels\routing.py", line 118, in __call__
    return await application(
           ^^^^^^^^^^^^^^^^^^
  File "D:\testplatformservice\testplatform\venv\Lib\site-packages\channels\consumer.py", line 95, in app
    return await consumer(scope, receive, send)
           ^^^^^^^^^^^^^^^^^^^^^^^^^^^^^^^^^^^^
  File "D:\testplatformservice\testplatform\venv\Lib\site-packages\channels\consumer.py", line 58, in __call__
    await await_many_dispatch(
  File "D:\testplatformservice\testplatform\venv\Lib\site-packages\channels\utils.py", line 57, in await_many_dispatch
    await task
redis.exceptions.ResponseError: unknown command 'BZPOPMIN'
[2026-07-06 10:36:05] ERROR [daphne.server:303] Exception inside application: unknown command 'BZPOPMIN'
Traceback (most recent call last):
  File "D:\testplatformservice\testplatform\venv\Lib\site-packages\channels\routing.py", line 48, in __call__
    return await application(scope, receive, send)
           ^^^^^^^^^^^^^^^^^^^^^^^^^^^^^^^^^^^^^^^
  File "D:\testplatformservice\testplatform\commons\ws\auth.py", line 28, in __call__
    return await super().__call__(scope, receive, send)
           ^^^^^^^^^^^^^^^^^^^^^^^^^^^^^^^^^^^^^^^^^^^^
  File "D:\testplatformservice\testplatform\venv\Lib\site-packages\channels\middleware.py", line 24, in __call__
    return await self.inner(scope, receive, send)
           ^^^^^^^^^^^^^^^^^^^^^^^^^^^^^^^^^^^^^^
  File "D:\testplatformservice\testplatform\venv\Lib\site-packages\channels\routing.py", line 118, in __call__
    return await application(
           ^^^^^^^^^^^^^^^^^^
  File "D:\testplatformservice\testplatform\venv\Lib\site-packages\channels\consumer.py", line 95, in app
    return await consumer(scope, receive, send)
           ^^^^^^^^^^^^^^^^^^^^^^^^^^^^^^^^^^^^
  File "D:\testplatformservice\testplatform\venv\Lib\site-packages\channels\consumer.py", line 58, in __call__
    await await_many_dispatch(
  File "D:\testplatformservice\testplatform\venv\Lib\site-packages\channels\utils.py", line 57, in await_many_dispatch
    await task
redis.exceptions.ResponseError: unknown command 'BZPOPMIN'
[2026-07-06 10:36:09] ERROR [daphne.server:303] Exception inside application: unknown command 'BZPOPMIN'
Traceback (most recent call last):
  File "D:\testplatformservice\testplatform\venv\Lib\site-packages\channels\routing.py", line 48, in __call__
    return await application(scope, receive, send)
           ^^^^^^^^^^^^^^^^^^^^^^^^^^^^^^^^^^^^^^^
  File "D:\testplatformservice\testplatform\commons\ws\auth.py", line 28, in __call__
    return await super().__call__(scope, receive, send)
           ^^^^^^^^^^^^^^^^^^^^^^^^^^^^^^^^^^^^^^^^^^^^
  File "D:\testplatformservice\testplatform\venv\Lib\site-packages\channels\middleware.py", line 24, in __call__
    return await self.inner(scope, receive, send)
           ^^^^^^^^^^^^^^^^^^^^^^^^^^^^^^^^^^^^^^
  File "D:\testplatformservice\testplatform\venv\Lib\site-packages\channels\routing.py", line 118, in __call__
    return await application(
           ^^^^^^^^^^^^^^^^^^
  File "D:\testplatformservice\testplatform\venv\Lib\site-packages\channels\consumer.py", line 95, in app
    return await consumer(scope, receive, send)
           ^^^^^^^^^^^^^^^^^^^^^^^^^^^^^^^^^^^^
  File "D:\testplatformservice\testplatform\venv\Lib\site-packages\channels\consumer.py", line 58, in __call__
    await await_many_dispatch(
  File "D:\testplatformservice\testplatform\venv\Lib\site-packages\channels\utils.py", line 57, in await_many_dispatch
    await task
redis.exceptions.ResponseError: unknown command 'BZPOPMIN'
[2026-07-06 10:36:13] ERROR [daphne.server:303] Exception inside application: unknown command 'BZPOPMIN'
Traceback (most recent call last):
  File "D:\testplatformservice\testplatform\venv\Lib\site-packages\channels\routing.py", line 48, in __call__
    return await application(scope, receive, send)
           ^^^^^^^^^^^^^^^^^^^^^^^^^^^^^^^^^^^^^^^
  File "D:\testplatformservice\testplatform\commons\ws\auth.py", line 28, in __call__
    return await super().__call__(scope, receive, send)
           ^^^^^^^^^^^^^^^^^^^^^^^^^^^^^^^^^^^^^^^^^^^^
  File "D:\testplatformservice\testplatform\venv\Lib\site-packages\channels\middleware.py", line 24, in __call__
    return await self.inner(scope, receive, send)
           ^^^^^^^^^^^^^^^^^^^^^^^^^^^^^^^^^^^^^^
  File "D:\testplatformservice\testplatform\venv\Lib\site-packages\channels\routing.py", line 118, in __call__
    return await application(
           ^^^^^^^^^^^^^^^^^^
  File "D:\testplatformservice\testplatform\venv\Lib\site-packages\channels\consumer.py", line 95, in app
    return await consumer(scope, receive, send)
           ^^^^^^^^^^^^^^^^^^^^^^^^^^^^^^^^^^^^
  File "D:\testplatformservice\testplatform\venv\Lib\site-packages\channels\consumer.py", line 58, in __call__
    await await_many_dispatch(
  File "D:\testplatformservice\testplatform\venv\Lib\site-packages\channels\utils.py", line 57, in await_many_dispatch
    await task
redis.exceptions.ResponseError: unknown command 'BZPOPMIN'
[2026-07-06 10:36:18] ERROR [daphne.server:303] Exception inside application: unknown command 'BZPOPMIN'
Traceback (most recent call last):
  File "D:\testplatformservice\testplatform\venv\Lib\site-packages\channels\routing.py", line 48, in __call__
    return await application(scope, receive, send)
           ^^^^^^^^^^^^^^^^^^^^^^^^^^^^^^^^^^^^^^^
  File "D:\testplatformservice\testplatform\commons\ws\auth.py", line 28, in __call__
    return await super().__call__(scope, receive, send)
           ^^^^^^^^^^^^^^^^^^^^^^^^^^^^^^^^^^^^^^^^^^^^
  File "D:\testplatformservice\testplatform\venv\Lib\site-packages\channels\middleware.py", line 24, in __call__
    return await self.inner(scope, receive, send)
           ^^^^^^^^^^^^^^^^^^^^^^^^^^^^^^^^^^^^^^
  File "D:\testplatformservice\testplatform\venv\Lib\site-packages\channels\routing.py", line 118, in __call__
    return await application(
           ^^^^^^^^^^^^^^^^^^
  File "D:\testplatformservice\testplatform\venv\Lib\site-packages\channels\consumer.py", line 95, in app
    return await consumer(scope, receive, send)
           ^^^^^^^^^^^^^^^^^^^^^^^^^^^^^^^^^^^^
  File "D:\testplatformservice\testplatform\venv\Lib\site-packages\channels\consumer.py", line 58, in __call__
    await await_many_dispatch(
  File "D:\testplatformservice\testplatform\venv\Lib\site-packages\channels\utils.py", line 57, in await_many_dispatch
    await task
redis.exceptions.ResponseError: unknown command 'BZPOPMIN'
[2026-07-06 10:36:22] ERROR [daphne.server:303] Exception inside application: unknown command 'BZPOPMIN'
Traceback (most recent call last):
  File "D:\testplatformservice\testplatform\venv\Lib\site-packages\channels\routing.py", line 48, in __call__
    return await application(scope, receive, send)
           ^^^^^^^^^^^^^^^^^^^^^^^^^^^^^^^^^^^^^^^
  File "D:\testplatformservice\testplatform\commons\ws\auth.py", line 28, in __call__
    return await super().__call__(scope, receive, send)
           ^^^^^^^^^^^^^^^^^^^^^^^^^^^^^^^^^^^^^^^^^^^^
  File "D:\testplatformservice\testplatform\venv\Lib\site-packages\channels\middleware.py", line 24, in __call__
    return await self.inner(scope, receive, send)
           ^^^^^^^^^^^^^^^^^^^^^^^^^^^^^^^^^^^^^^
  File "D:\testplatformservice\testplatform\venv\Lib\site-packages\channels\routing.py", line 118, in __call__
    return await application(
           ^^^^^^^^^^^^^^^^^^
  File "D:\testplatformservice\testplatform\venv\Lib\site-packages\channels\consumer.py", line 95, in app
    return await consumer(scope, receive, send)
           ^^^^^^^^^^^^^^^^^^^^^^^^^^^^^^^^^^^^
  File "D:\testplatformservice\testplatform\venv\Lib\site-packages\channels\consumer.py", line 58, in __call__
    await await_many_dispatch(
  File "D:\testplatformservice\testplatform\venv\Lib\site-packages\channels\utils.py", line 57, in await_many_dispatch
    await task
redis.exceptions.ResponseError: unknown command 'BZPOPMIN'
[2026-07-06 10:36:26] ERROR [daphne.server:303] Exception inside application: unknown command 'BZPOPMIN'
Traceback (most recent call last):
  File "D:\testplatformservice\testplatform\venv\Lib\site-packages\channels\routing.py", line 48, in __call__
    return await application(scope, receive, send)
           ^^^^^^^^^^^^^^^^^^^^^^^^^^^^^^^^^^^^^^^
  File "D:\testplatformservice\testplatform\commons\ws\auth.py", line 28, in __call__
    return await super().__call__(scope, receive, send)
           ^^^^^^^^^^^^^^^^^^^^^^^^^^^^^^^^^^^^^^^^^^^^
  File "D:\testplatformservice\testplatform\venv\Lib\site-packages\channels\middleware.py", line 24, in __call__
    return await self.inner(scope, receive, send)
           ^^^^^^^^^^^^^^^^^^^^^^^^^^^^^^^^^^^^^^
  File "D:\testplatformservice\testplatform\venv\Lib\site-packages\channels\routing.py", line 118, in __call__
    return await application(
           ^^^^^^^^^^^^^^^^^^
  File "D:\testplatformservice\testplatform\venv\Lib\site-packages\channels\consumer.py", line 95, in app
    return await consumer(scope, receive, send)
           ^^^^^^^^^^^^^^^^^^^^^^^^^^^^^^^^^^^^
  File "D:\testplatformservice\testplatform\venv\Lib\site-packages\channels\consumer.py", line 58, in __call__
    await await_many_dispatch(
  File "D:\testplatformservice\testplatform\venv\Lib\site-packages\channels\utils.py", line 57, in await_many_dispatch
    await task
redis.exceptions.ResponseError: unknown command 'BZPOPMIN'
[2026-07-06 10:36:30] ERROR [daphne.server:303] Exception inside application: unknown command 'BZPOPMIN'
Traceback (most recent call last):
  File "D:\testplatformservice\testplatform\venv\Lib\site-packages\channels\routing.py", line 48, in __call__
    return await application(scope, receive, send)
           ^^^^^^^^^^^^^^^^^^^^^^^^^^^^^^^^^^^^^^^
  File "D:\testplatformservice\testplatform\commons\ws\auth.py", line 28, in __call__
    return await super().__call__(scope, receive, send)
           ^^^^^^^^^^^^^^^^^^^^^^^^^^^^^^^^^^^^^^^^^^^^
  File "D:\testplatformservice\testplatform\venv\Lib\site-packages\channels\middleware.py", line 24, in __call__
    return await self.inner(scope, receive, send)
           ^^^^^^^^^^^^^^^^^^^^^^^^^^^^^^^^^^^^^^
  File "D:\testplatformservice\testplatform\venv\Lib\site-packages\channels\routing.py", line 118, in __call__
    return await application(
           ^^^^^^^^^^^^^^^^^^
  File "D:\testplatformservice\testplatform\venv\Lib\site-packages\channels\consumer.py", line 95, in app
    return await consumer(scope, receive, send)
           ^^^^^^^^^^^^^^^^^^^^^^^^^^^^^^^^^^^^
  File "D:\testplatformservice\testplatform\venv\Lib\site-packages\channels\consumer.py", line 58, in __call__
    await await_many_dispatch(
  File "D:\testplatformservice\testplatform\venv\Lib\site-packages\channels\utils.py", line 57, in await_many_dispatch
    await task
redis.exceptions.ResponseError: unknown command 'BZPOPMIN'
[2026-07-06 10:36:34] ERROR [daphne.server:303] Exception inside application: unknown command 'BZPOPMIN'
Traceback (most recent call last):
  File "D:\testplatformservice\testplatform\venv\Lib\site-packages\channels\routing.py", line 48, in __call__
    return await application(scope, receive, send)
           ^^^^^^^^^^^^^^^^^^^^^^^^^^^^^^^^^^^^^^^
  File "D:\testplatformservice\testplatform\commons\ws\auth.py", line 28, in __call__
    return await super().__call__(scope, receive, send)
           ^^^^^^^^^^^^^^^^^^^^^^^^^^^^^^^^^^^^^^^^^^^^
  File "D:\testplatformservice\testplatform\venv\Lib\site-packages\channels\middleware.py", line 24, in __call__
    return await self.inner(scope, receive, send)
           ^^^^^^^^^^^^^^^^^^^^^^^^^^^^^^^^^^^^^^
  File "D:\testplatformservice\testplatform\venv\Lib\site-packages\channels\routing.py", line 118, in __call__
    return await application(
           ^^^^^^^^^^^^^^^^^^
  File "D:\testplatformservice\testplatform\venv\Lib\site-packages\channels\consumer.py", line 95, in app
    return await consumer(scope, receive, send)
           ^^^^^^^^^^^^^^^^^^^^^^^^^^^^^^^^^^^^
  File "D:\testplatformservice\testplatform\venv\Lib\site-packages\channels\consumer.py", line 58, in __call__
    await await_many_dispatch(
  File "D:\testplatformservice\testplatform\venv\Lib\site-packages\channels\utils.py", line 57, in await_many_dispatch
    await task
redis.exceptions.ResponseError: unknown command 'BZPOPMIN'
[2026-07-06 10:36:38] ERROR [daphne.server:303] Exception inside application: unknown command 'BZPOPMIN'
Traceback (most recent call last):
  File "D:\testplatformservice\testplatform\venv\Lib\site-packages\channels\routing.py", line 48, in __call__
    return await application(scope, receive, send)
           ^^^^^^^^^^^^^^^^^^^^^^^^^^^^^^^^^^^^^^^
  File "D:\testplatformservice\testplatform\commons\ws\auth.py", line 28, in __call__
    return await super().__call__(scope, receive, send)
           ^^^^^^^^^^^^^^^^^^^^^^^^^^^^^^^^^^^^^^^^^^^^
  File "D:\testplatformservice\testplatform\venv\Lib\site-packages\channels\middleware.py", line 24, in __call__
    return await self.inner(scope, receive, send)
           ^^^^^^^^^^^^^^^^^^^^^^^^^^^^^^^^^^^^^^
  File "D:\testplatformservice\testplatform\venv\Lib\site-packages\channels\routing.py", line 118, in __call__
    return await application(
           ^^^^^^^^^^^^^^^^^^
  File "D:\testplatformservice\testplatform\venv\Lib\site-packages\channels\consumer.py", line 95, in app
    return await consumer(scope, receive, send)
           ^^^^^^^^^^^^^^^^^^^^^^^^^^^^^^^^^^^^
  File "D:\testplatformservice\testplatform\venv\Lib\site-packages\channels\consumer.py", line 58, in __call__
    await await_many_dispatch(
  File "D:\testplatformservice\testplatform\venv\Lib\site-packages\channels\utils.py", line 57, in await_many_dispatch
    await task
redis.exceptions.ResponseError: unknown command 'BZPOPMIN'
[2026-07-06 10:36:42] ERROR [daphne.server:303] Exception inside application: unknown command 'BZPOPMIN'
Traceback (most recent call last):
  File "D:\testplatformservice\testplatform\venv\Lib\site-packages\channels\routing.py", line 48, in __call__
    return await application(scope, receive, send)
           ^^^^^^^^^^^^^^^^^^^^^^^^^^^^^^^^^^^^^^^
  File "D:\testplatformservice\testplatform\commons\ws\auth.py", line 28, in __call__
    return await super().__call__(scope, receive, send)
           ^^^^^^^^^^^^^^^^^^^^^^^^^^^^^^^^^^^^^^^^^^^^
  File "D:\testplatformservice\testplatform\venv\Lib\site-packages\channels\middleware.py", line 24, in __call__
    return await self.inner(scope, receive, send)
           ^^^^^^^^^^^^^^^^^^^^^^^^^^^^^^^^^^^^^^
  File "D:\testplatformservice\testplatform\venv\Lib\site-packages\channels\routing.py", line 118, in __call__
    return await application(
           ^^^^^^^^^^^^^^^^^^
  File "D:\testplatformservice\testplatform\venv\Lib\site-packages\channels\consumer.py", line 95, in app
    return await consumer(scope, receive, send)
           ^^^^^^^^^^^^^^^^^^^^^^^^^^^^^^^^^^^^
  File "D:\testplatformservice\testplatform\venv\Lib\site-packages\channels\consumer.py", line 58, in __call__
    await await_many_dispatch(
  File "D:\testplatformservice\testplatform\venv\Lib\site-packages\channels\utils.py", line 57, in await_many_dispatch
    await task
redis.exceptions.ResponseError: unknown command 'BZPOPMIN'
[2026-07-06 10:36:46] ERROR [daphne.server:303] Exception inside application: unknown command 'BZPOPMIN'
Traceback (most recent call last):
  File "D:\testplatformservice\testplatform\venv\Lib\site-packages\channels\routing.py", line 48, in __call__
    return await application(scope, receive, send)
           ^^^^^^^^^^^^^^^^^^^^^^^^^^^^^^^^^^^^^^^
  File "D:\testplatformservice\testplatform\commons\ws\auth.py", line 28, in __call__
    return await super().__call__(scope, receive, send)
           ^^^^^^^^^^^^^^^^^^^^^^^^^^^^^^^^^^^^^^^^^^^^
  File "D:\testplatformservice\testplatform\venv\Lib\site-packages\channels\middleware.py", line 24, in __call__
    return await self.inner(scope, receive, send)
           ^^^^^^^^^^^^^^^^^^^^^^^^^^^^^^^^^^^^^^
  File "D:\testplatformservice\testplatform\venv\Lib\site-packages\channels\routing.py", line 118, in __call__
    return await application(
           ^^^^^^^^^^^^^^^^^^
  File "D:\testplatformservice\testplatform\venv\Lib\site-packages\channels\consumer.py", line 95, in app
    return await consumer(scope, receive, send)
           ^^^^^^^^^^^^^^^^^^^^^^^^^^^^^^^^^^^^
  File "D:\testplatformservice\testplatform\venv\Lib\site-packages\channels\consumer.py", line 58, in __call__
    await await_many_dispatch(
  File "D:\testplatformservice\testplatform\venv\Lib\site-packages\channels\utils.py", line 57, in await_many_dispatch
    await task
redis.exceptions.ResponseError: unknown command 'BZPOPMIN'
[2026-07-06 10:36:50] ERROR [daphne.server:303] Exception inside application: unknown command 'BZPOPMIN'
Traceback (most recent call last):
  File "D:\testplatformservice\testplatform\venv\Lib\site-packages\channels\routing.py", line 48, in __call__
    return await application(scope, receive, send)
           ^^^^^^^^^^^^^^^^^^^^^^^^^^^^^^^^^^^^^^^
  File "D:\testplatformservice\testplatform\commons\ws\auth.py", line 28, in __call__
    return await super().__call__(scope, receive, send)
           ^^^^^^^^^^^^^^^^^^^^^^^^^^^^^^^^^^^^^^^^^^^^
  File "D:\testplatformservice\testplatform\venv\Lib\site-packages\channels\middleware.py", line 24, in __call__
    return await self.inner(scope, receive, send)
           ^^^^^^^^^^^^^^^^^^^^^^^^^^^^^^^^^^^^^^
  File "D:\testplatformservice\testplatform\venv\Lib\site-packages\channels\routing.py", line 118, in __call__
    return await application(
           ^^^^^^^^^^^^^^^^^^
  File "D:\testplatformservice\testplatform\venv\Lib\site-packages\channels\consumer.py", line 95, in app
    return await consumer(scope, receive, send)
           ^^^^^^^^^^^^^^^^^^^^^^^^^^^^^^^^^^^^
  File "D:\testplatformservice\testplatform\venv\Lib\site-packages\channels\consumer.py", line 58, in __call__
    await await_many_dispatch(
  File "D:\testplatformservice\testplatform\venv\Lib\site-packages\channels\utils.py", line 57, in await_many_dispatch
    await task
redis.exceptions.ResponseError: unknown command 'BZPOPMIN'
[2026-07-06 10:36:54] ERROR [daphne.server:303] Exception inside application: unknown command 'BZPOPMIN'
Traceback (most recent call last):
  File "D:\testplatformservice\testplatform\venv\Lib\site-packages\channels\routing.py", line 48, in __call__
    return await application(scope, receive, send)
           ^^^^^^^^^^^^^^^^^^^^^^^^^^^^^^^^^^^^^^^
  File "D:\testplatformservice\testplatform\commons\ws\auth.py", line 28, in __call__
    return await super().__call__(scope, receive, send)
           ^^^^^^^^^^^^^^^^^^^^^^^^^^^^^^^^^^^^^^^^^^^^
  File "D:\testplatformservice\testplatform\venv\Lib\site-packages\channels\middleware.py", line 24, in __call__
    return await self.inner(scope, receive, send)
           ^^^^^^^^^^^^^^^^^^^^^^^^^^^^^^^^^^^^^^
  File "D:\testplatformservice\testplatform\venv\Lib\site-packages\channels\routing.py", line 118, in __call__
    return await application(
           ^^^^^^^^^^^^^^^^^^
  File "D:\testplatformservice\testplatform\venv\Lib\site-packages\channels\consumer.py", line 95, in app
    return await consumer(scope, receive, send)
           ^^^^^^^^^^^^^^^^^^^^^^^^^^^^^^^^^^^^
  File "D:\testplatformservice\testplatform\venv\Lib\site-packages\channels\consumer.py", line 58, in __call__
    await await_many_dispatch(
  File "D:\testplatformservice\testplatform\venv\Lib\site-packages\channels\utils.py", line 57, in await_many_dispatch
    await task
redis.exceptions.ResponseError: unknown command 'BZPOPMIN'
[2026-07-06 10:36:58] ERROR [daphne.server:303] Exception inside application: unknown command 'BZPOPMIN'
Traceback (most recent call last):
  File "D:\testplatformservice\testplatform\venv\Lib\site-packages\channels\routing.py", line 48, in __call__
    return await application(scope, receive, send)
           ^^^^^^^^^^^^^^^^^^^^^^^^^^^^^^^^^^^^^^^
  File "D:\testplatformservice\testplatform\commons\ws\auth.py", line 28, in __call__
    return await super().__call__(scope, receive, send)
           ^^^^^^^^^^^^^^^^^^^^^^^^^^^^^^^^^^^^^^^^^^^^
  File "D:\testplatformservice\testplatform\venv\Lib\site-packages\channels\middleware.py", line 24, in __call__
    return await self.inner(scope, receive, send)
           ^^^^^^^^^^^^^^^^^^^^^^^^^^^^^^^^^^^^^^
  File "D:\testplatformservice\testplatform\venv\Lib\site-packages\channels\routing.py", line 118, in __call__
    return await application(
           ^^^^^^^^^^^^^^^^^^
  File "D:\testplatformservice\testplatform\venv\Lib\site-packages\channels\consumer.py", line 95, in app
    return await consumer(scope, receive, send)
           ^^^^^^^^^^^^^^^^^^^^^^^^^^^^^^^^^^^^
  File "D:\testplatformservice\testplatform\venv\Lib\site-packages\channels\consumer.py", line 58, in __call__
    await await_many_dispatch(
  File "D:\testplatformservice\testplatform\venv\Lib\site-packages\channels\utils.py", line 57, in await_many_dispatch
    await task
redis.exceptions.ResponseError: unknown command 'BZPOPMIN'
[2026-07-06 10:37:02] ERROR [daphne.server:303] Exception inside application: unknown command 'BZPOPMIN'
Traceback (most recent call last):
  File "D:\testplatformservice\testplatform\venv\Lib\site-packages\channels\routing.py", line 48, in __call__
    return await application(scope, receive, send)
           ^^^^^^^^^^^^^^^^^^^^^^^^^^^^^^^^^^^^^^^
  File "D:\testplatformservice\testplatform\commons\ws\auth.py", line 28, in __call__
    return await super().__call__(scope, receive, send)
           ^^^^^^^^^^^^^^^^^^^^^^^^^^^^^^^^^^^^^^^^^^^^
  File "D:\testplatformservice\testplatform\venv\Lib\site-packages\channels\middleware.py", line 24, in __call__
    return await self.inner(scope, receive, send)
           ^^^^^^^^^^^^^^^^^^^^^^^^^^^^^^^^^^^^^^
  File "D:\testplatformservice\testplatform\venv\Lib\site-packages\channels\routing.py", line 118, in __call__
    return await application(
           ^^^^^^^^^^^^^^^^^^
  File "D:\testplatformservice\testplatform\venv\Lib\site-packages\channels\consumer.py", line 95, in app
    return await consumer(scope, receive, send)
           ^^^^^^^^^^^^^^^^^^^^^^^^^^^^^^^^^^^^
  File "D:\testplatformservice\testplatform\venv\Lib\site-packages\channels\consumer.py", line 58, in __call__
    await await_many_dispatch(
  File "D:\testplatformservice\testplatform\venv\Lib\site-packages\channels\utils.py", line 57, in await_many_dispatch
    await task
redis.exceptions.ResponseError: unknown command 'BZPOPMIN'
[2026-07-06 10:37:06] ERROR [daphne.server:303] Exception inside application: unknown command 'BZPOPMIN'
Traceback (most recent call last):
  File "D:\testplatformservice\testplatform\venv\Lib\site-packages\channels\routing.py", line 48, in __call__
    return await application(scope, receive, send)
           ^^^^^^^^^^^^^^^^^^^^^^^^^^^^^^^^^^^^^^^
  File "D:\testplatformservice\testplatform\commons\ws\auth.py", line 28, in __call__
    return await super().__call__(scope, receive, send)
           ^^^^^^^^^^^^^^^^^^^^^^^^^^^^^^^^^^^^^^^^^^^^
  File "D:\testplatformservice\testplatform\venv\Lib\site-packages\channels\middleware.py", line 24, in __call__
    return await self.inner(scope, receive, send)
           ^^^^^^^^^^^^^^^^^^^^^^^^^^^^^^^^^^^^^^
  File "D:\testplatformservice\testplatform\venv\Lib\site-packages\channels\routing.py", line 118, in __call__
    return await application(
           ^^^^^^^^^^^^^^^^^^
  File "D:\testplatformservice\testplatform\venv\Lib\site-packages\channels\consumer.py", line 95, in app
    return await consumer(scope, receive, send)
           ^^^^^^^^^^^^^^^^^^^^^^^^^^^^^^^^^^^^
  File "D:\testplatformservice\testplatform\venv\Lib\site-packages\channels\consumer.py", line 58, in __call__
    await await_many_dispatch(
  File "D:\testplatformservice\testplatform\venv\Lib\site-packages\channels\utils.py", line 57, in await_many_dispatch
    await task
redis.exceptions.ResponseError: unknown command 'BZPOPMIN'
[2026-07-06 10:37:10] ERROR [daphne.server:303] Exception inside application: unknown command 'BZPOPMIN'
Traceback (most recent call last):
  File "D:\testplatformservice\testplatform\venv\Lib\site-packages\channels\routing.py", line 48, in __call__
    return await application(scope, receive, send)
           ^^^^^^^^^^^^^^^^^^^^^^^^^^^^^^^^^^^^^^^
  File "D:\testplatformservice\testplatform\commons\ws\auth.py", line 28, in __call__
    return await super().__call__(scope, receive, send)
           ^^^^^^^^^^^^^^^^^^^^^^^^^^^^^^^^^^^^^^^^^^^^
  File "D:\testplatformservice\testplatform\venv\Lib\site-packages\channels\middleware.py", line 24, in __call__
    return await self.inner(scope, receive, send)
           ^^^^^^^^^^^^^^^^^^^^^^^^^^^^^^^^^^^^^^
  File "D:\testplatformservice\testplatform\venv\Lib\site-packages\channels\routing.py", line 118, in __call__
    return await application(
           ^^^^^^^^^^^^^^^^^^
  File "D:\testplatformservice\testplatform\venv\Lib\site-packages\channels\consumer.py", line 95, in app
    return await consumer(scope, receive, send)
           ^^^^^^^^^^^^^^^^^^^^^^^^^^^^^^^^^^^^
  File "D:\testplatformservice\testplatform\venv\Lib\site-packages\channels\consumer.py", line 58, in __call__
    await await_many_dispatch(
  File "D:\testplatformservice\testplatform\venv\Lib\site-packages\channels\utils.py", line 57, in await_many_dispatch
    await task
redis.exceptions.ResponseError: unknown command 'BZPOPMIN'
[2026-07-06 10:37:14] ERROR [daphne.server:303] Exception inside application: unknown command 'BZPOPMIN'
Traceback (most recent call last):
  File "D:\testplatformservice\testplatform\venv\Lib\site-packages\channels\routing.py", line 48, in __call__
    return await application(scope, receive, send)
           ^^^^^^^^^^^^^^^^^^^^^^^^^^^^^^^^^^^^^^^
  File "D:\testplatformservice\testplatform\commons\ws\auth.py", line 28, in __call__
    return await super().__call__(scope, receive, send)
           ^^^^^^^^^^^^^^^^^^^^^^^^^^^^^^^^^^^^^^^^^^^^
  File "D:\testplatformservice\testplatform\venv\Lib\site-packages\channels\middleware.py", line 24, in __call__
    return await self.inner(scope, receive, send)
           ^^^^^^^^^^^^^^^^^^^^^^^^^^^^^^^^^^^^^^
  File "D:\testplatformservice\testplatform\venv\Lib\site-packages\channels\routing.py", line 118, in __call__
    return await application(
           ^^^^^^^^^^^^^^^^^^
  File "D:\testplatformservice\testplatform\venv\Lib\site-packages\channels\consumer.py", line 95, in app
    return await consumer(scope, receive, send)
           ^^^^^^^^^^^^^^^^^^^^^^^^^^^^^^^^^^^^
  File "D:\testplatformservice\testplatform\venv\Lib\site-packages\channels\consumer.py", line 58, in __call__
    await await_many_dispatch(
  File "D:\testplatformservice\testplatform\venv\Lib\site-packages\channels\utils.py", line 57, in await_many_dispatch
    await task
redis.exceptions.ResponseError: unknown command 'BZPOPMIN'
[2026-07-06 10:37:18] ERROR [daphne.server:303] Exception inside application: unknown command 'BZPOPMIN'
Traceback (most recent call last):
  File "D:\testplatformservice\testplatform\venv\Lib\site-packages\channels\routing.py", line 48, in __call__
    return await application(scope, receive, send)
           ^^^^^^^^^^^^^^^^^^^^^^^^^^^^^^^^^^^^^^^
  File "D:\testplatformservice\testplatform\commons\ws\auth.py", line 28, in __call__
    return await super().__call__(scope, receive, send)
           ^^^^^^^^^^^^^^^^^^^^^^^^^^^^^^^^^^^^^^^^^^^^
  File "D:\testplatformservice\testplatform\venv\Lib\site-packages\channels\middleware.py", line 24, in __call__
    return await self.inner(scope, receive, send)
           ^^^^^^^^^^^^^^^^^^^^^^^^^^^^^^^^^^^^^^
  File "D:\testplatformservice\testplatform\venv\Lib\site-packages\channels\routing.py", line 118, in __call__
    return await application(
           ^^^^^^^^^^^^^^^^^^
  File "D:\testplatformservice\testplatform\venv\Lib\site-packages\channels\consumer.py", line 95, in app
    return await consumer(scope, receive, send)
           ^^^^^^^^^^^^^^^^^^^^^^^^^^^^^^^^^^^^
  File "D:\testplatformservice\testplatform\venv\Lib\site-packages\channels\consumer.py", line 58, in __call__
    await await_many_dispatch(
  File "D:\testplatformservice\testplatform\venv\Lib\site-packages\channels\utils.py", line 57, in await_many_dispatch
    await task
redis.exceptions.ResponseError: unknown command 'BZPOPMIN'
[2026-07-06 10:37:22] ERROR [daphne.server:303] Exception inside application: unknown command 'BZPOPMIN'
Traceback (most recent call last):
  File "D:\testplatformservice\testplatform\venv\Lib\site-packages\channels\routing.py", line 48, in __call__
    return await application(scope, receive, send)
           ^^^^^^^^^^^^^^^^^^^^^^^^^^^^^^^^^^^^^^^
  File "D:\testplatformservice\testplatform\commons\ws\auth.py", line 28, in __call__
    return await super().__call__(scope, receive, send)
           ^^^^^^^^^^^^^^^^^^^^^^^^^^^^^^^^^^^^^^^^^^^^
  File "D:\testplatformservice\testplatform\venv\Lib\site-packages\channels\middleware.py", line 24, in __call__
    return await self.inner(scope, receive, send)
           ^^^^^^^^^^^^^^^^^^^^^^^^^^^^^^^^^^^^^^
  File "D:\testplatformservice\testplatform\venv\Lib\site-packages\channels\routing.py", line 118, in __call__
    return await application(
           ^^^^^^^^^^^^^^^^^^
  File "D:\testplatformservice\testplatform\venv\Lib\site-packages\channels\consumer.py", line 95, in app
    return await consumer(scope, receive, send)
           ^^^^^^^^^^^^^^^^^^^^^^^^^^^^^^^^^^^^
  File "D:\testplatformservice\testplatform\venv\Lib\site-packages\channels\consumer.py", line 58, in __call__
    await await_many_dispatch(
  File "D:\testplatformservice\testplatform\venv\Lib\site-packages\channels\utils.py", line 57, in await_many_dispatch
    await task
redis.exceptions.ResponseError: unknown command 'BZPOPMIN'
[2026-07-06 10:37:26] ERROR [daphne.server:303] Exception inside application: unknown command 'BZPOPMIN'
Traceback (most recent call last):
  File "D:\testplatformservice\testplatform\venv\Lib\site-packages\channels\routing.py", line 48, in __call__
    return await application(scope, receive, send)
           ^^^^^^^^^^^^^^^^^^^^^^^^^^^^^^^^^^^^^^^
  File "D:\testplatformservice\testplatform\commons\ws\auth.py", line 28, in __call__
    return await super().__call__(scope, receive, send)
           ^^^^^^^^^^^^^^^^^^^^^^^^^^^^^^^^^^^^^^^^^^^^
  File "D:\testplatformservice\testplatform\venv\Lib\site-packages\channels\middleware.py", line 24, in __call__
    return await self.inner(scope, receive, send)
           ^^^^^^^^^^^^^^^^^^^^^^^^^^^^^^^^^^^^^^
  File "D:\testplatformservice\testplatform\venv\Lib\site-packages\channels\routing.py", line 118, in __call__
    return await application(
           ^^^^^^^^^^^^^^^^^^
  File "D:\testplatformservice\testplatform\venv\Lib\site-packages\channels\consumer.py", line 95, in app
    return await consumer(scope, receive, send)
           ^^^^^^^^^^^^^^^^^^^^^^^^^^^^^^^^^^^^
  File "D:\testplatformservice\testplatform\venv\Lib\site-packages\channels\consumer.py", line 58, in __call__
    await await_many_dispatch(
  File "D:\testplatformservice\testplatform\venv\Lib\site-packages\channels\utils.py", line 57, in await_many_dispatch
    await task
redis.exceptions.ResponseError: unknown command 'BZPOPMIN'
[2026-07-06 10:37:30] ERROR [daphne.server:303] Exception inside application: unknown command 'BZPOPMIN'
Traceback (most recent call last):
  File "D:\testplatformservice\testplatform\venv\Lib\site-packages\channels\routing.py", line 48, in __call__
    return await application(scope, receive, send)
           ^^^^^^^^^^^^^^^^^^^^^^^^^^^^^^^^^^^^^^^
  File "D:\testplatformservice\testplatform\commons\ws\auth.py", line 28, in __call__
    return await super().__call__(scope, receive, send)
           ^^^^^^^^^^^^^^^^^^^^^^^^^^^^^^^^^^^^^^^^^^^^
  File "D:\testplatformservice\testplatform\venv\Lib\site-packages\channels\middleware.py", line 24, in __call__
    return await self.inner(scope, receive, send)
           ^^^^^^^^^^^^^^^^^^^^^^^^^^^^^^^^^^^^^^
  File "D:\testplatformservice\testplatform\venv\Lib\site-packages\channels\routing.py", line 118, in __call__
    return await application(
           ^^^^^^^^^^^^^^^^^^
  File "D:\testplatformservice\testplatform\venv\Lib\site-packages\channels\consumer.py", line 95, in app
    return await consumer(scope, receive, send)
           ^^^^^^^^^^^^^^^^^^^^^^^^^^^^^^^^^^^^
  File "D:\testplatformservice\testplatform\venv\Lib\site-packages\channels\consumer.py", line 58, in __call__
    await await_many_dispatch(
  File "D:\testplatformservice\testplatform\venv\Lib\site-packages\channels\utils.py", line 57, in await_many_dispatch
    await task
redis.exceptions.ResponseError: unknown command 'BZPOPMIN'
[2026-07-06 10:37:34] ERROR [daphne.server:303] Exception inside application: unknown command 'BZPOPMIN'
Traceback (most recent call last):
  File "D:\testplatformservice\testplatform\venv\Lib\site-packages\channels\routing.py", line 48, in __call__
    return await application(scope, receive, send)
           ^^^^^^^^^^^^^^^^^^^^^^^^^^^^^^^^^^^^^^^
  File "D:\testplatformservice\testplatform\commons\ws\auth.py", line 28, in __call__
    return await super().__call__(scope, receive, send)
           ^^^^^^^^^^^^^^^^^^^^^^^^^^^^^^^^^^^^^^^^^^^^
  File "D:\testplatformservice\testplatform\venv\Lib\site-packages\channels\middleware.py", line 24, in __call__
    return await self.inner(scope, receive, send)
           ^^^^^^^^^^^^^^^^^^^^^^^^^^^^^^^^^^^^^^
  File "D:\testplatformservice\testplatform\venv\Lib\site-packages\channels\routing.py", line 118, in __call__
    return await application(
           ^^^^^^^^^^^^^^^^^^
  File "D:\testplatformservice\testplatform\venv\Lib\site-packages\channels\consumer.py", line 95, in app
    return await consumer(scope, receive, send)
           ^^^^^^^^^^^^^^^^^^^^^^^^^^^^^^^^^^^^
  File "D:\testplatformservice\testplatform\venv\Lib\site-packages\channels\consumer.py", line 58, in __call__
    await await_many_dispatch(
  File "D:\testplatformservice\testplatform\venv\Lib\site-packages\channels\utils.py", line 57, in await_many_dispatch
    await task
redis.exceptions.ResponseError: unknown command 'BZPOPMIN'
[2026-07-06 10:37:38] ERROR [daphne.server:303] Exception inside application: unknown command 'BZPOPMIN'
Traceback (most recent call last):
  File "D:\testplatformservice\testplatform\venv\Lib\site-packages\channels\routing.py", line 48, in __call__
    return await application(scope, receive, send)
           ^^^^^^^^^^^^^^^^^^^^^^^^^^^^^^^^^^^^^^^
  File "D:\testplatformservice\testplatform\commons\ws\auth.py", line 28, in __call__
    return await super().__call__(scope, receive, send)
           ^^^^^^^^^^^^^^^^^^^^^^^^^^^^^^^^^^^^^^^^^^^^
  File "D:\testplatformservice\testplatform\venv\Lib\site-packages\channels\middleware.py", line 24, in __call__
    return await self.inner(scope, receive, send)
           ^^^^^^^^^^^^^^^^^^^^^^^^^^^^^^^^^^^^^^
  File "D:\testplatformservice\testplatform\venv\Lib\site-packages\channels\routing.py", line 118, in __call__
    return await application(
           ^^^^^^^^^^^^^^^^^^
  File "D:\testplatformservice\testplatform\venv\Lib\site-packages\channels\consumer.py", line 95, in app
    return await consumer(scope, receive, send)
           ^^^^^^^^^^^^^^^^^^^^^^^^^^^^^^^^^^^^
  File "D:\testplatformservice\testplatform\venv\Lib\site-packages\channels\consumer.py", line 58, in __call__
    await await_many_dispatch(
  File "D:\testplatformservice\testplatform\venv\Lib\site-packages\channels\utils.py", line 57, in await_many_dispatch
    await task
redis.exceptions.ResponseError: unknown command 'BZPOPMIN'
[2026-07-06 10:37:42] ERROR [daphne.server:303] Exception inside application: unknown command 'BZPOPMIN'
Traceback (most recent call last):
  File "D:\testplatformservice\testplatform\venv\Lib\site-packages\channels\routing.py", line 48, in __call__
    return await application(scope, receive, send)
           ^^^^^^^^^^^^^^^^^^^^^^^^^^^^^^^^^^^^^^^
  File "D:\testplatformservice\testplatform\commons\ws\auth.py", line 28, in __call__
    return await super().__call__(scope, receive, send)
           ^^^^^^^^^^^^^^^^^^^^^^^^^^^^^^^^^^^^^^^^^^^^
  File "D:\testplatformservice\testplatform\venv\Lib\site-packages\channels\middleware.py", line 24, in __call__
    return await self.inner(scope, receive, send)
           ^^^^^^^^^^^^^^^^^^^^^^^^^^^^^^^^^^^^^^
  File "D:\testplatformservice\testplatform\venv\Lib\site-packages\channels\routing.py", line 118, in __call__
    return await application(
           ^^^^^^^^^^^^^^^^^^
  File "D:\testplatformservice\testplatform\venv\Lib\site-packages\channels\consumer.py", line 95, in app
    return await consumer(scope, receive, send)
           ^^^^^^^^^^^^^^^^^^^^^^^^^^^^^^^^^^^^
  File "D:\testplatformservice\testplatform\venv\Lib\site-packages\channels\consumer.py", line 58, in __call__
    await await_many_dispatch(
  File "D:\testplatformservice\testplatform\venv\Lib\site-packages\channels\utils.py", line 57, in await_many_dispatch
    await task
redis.exceptions.ResponseError: unknown command 'BZPOPMIN'
[2026-07-06 10:37:46] ERROR [daphne.server:303] Exception inside application: unknown command 'BZPOPMIN'
Traceback (most recent call last):
  File "D:\testplatformservice\testplatform\venv\Lib\site-packages\channels\routing.py", line 48, in __call__
    return await application(scope, receive, send)
           ^^^^^^^^^^^^^^^^^^^^^^^^^^^^^^^^^^^^^^^
  File "D:\testplatformservice\testplatform\commons\ws\auth.py", line 28, in __call__
    return await super().__call__(scope, receive, send)
           ^^^^^^^^^^^^^^^^^^^^^^^^^^^^^^^^^^^^^^^^^^^^
  File "D:\testplatformservice\testplatform\venv\Lib\site-packages\channels\middleware.py", line 24, in __call__
    return await self.inner(scope, receive, send)
           ^^^^^^^^^^^^^^^^^^^^^^^^^^^^^^^^^^^^^^
  File "D:\testplatformservice\testplatform\venv\Lib\site-packages\channels\routing.py", line 118, in __call__
    return await application(
           ^^^^^^^^^^^^^^^^^^
  File "D:\testplatformservice\testplatform\venv\Lib\site-packages\channels\consumer.py", line 95, in app
    return await consumer(scope, receive, send)
           ^^^^^^^^^^^^^^^^^^^^^^^^^^^^^^^^^^^^
  File "D:\testplatformservice\testplatform\venv\Lib\site-packages\channels\consumer.py", line 58, in __call__
    await await_many_dispatch(
  File "D:\testplatformservice\testplatform\venv\Lib\site-packages\channels\utils.py", line 57, in await_many_dispatch
    await task
redis.exceptions.ResponseError: unknown command 'BZPOPMIN'
[2026-07-06 10:37:50] ERROR [daphne.server:303] Exception inside application: unknown command 'BZPOPMIN'
Traceback (most recent call last):
  File "D:\testplatformservice\testplatform\venv\Lib\site-packages\channels\routing.py", line 48, in __call__
    return await application(scope, receive, send)
           ^^^^^^^^^^^^^^^^^^^^^^^^^^^^^^^^^^^^^^^
  File "D:\testplatformservice\testplatform\commons\ws\auth.py", line 28, in __call__
    return await super().__call__(scope, receive, send)
           ^^^^^^^^^^^^^^^^^^^^^^^^^^^^^^^^^^^^^^^^^^^^
  File "D:\testplatformservice\testplatform\venv\Lib\site-packages\channels\middleware.py", line 24, in __call__
    return await self.inner(scope, receive, send)
           ^^^^^^^^^^^^^^^^^^^^^^^^^^^^^^^^^^^^^^
  File "D:\testplatformservice\testplatform\venv\Lib\site-packages\channels\routing.py", line 118, in __call__
    return await application(
           ^^^^^^^^^^^^^^^^^^
  File "D:\testplatformservice\testplatform\venv\Lib\site-packages\channels\consumer.py", line 95, in app
    return await consumer(scope, receive, send)
           ^^^^^^^^^^^^^^^^^^^^^^^^^^^^^^^^^^^^
  File "D:\testplatformservice\testplatform\venv\Lib\site-packages\channels\consumer.py", line 58, in __call__
    await await_many_dispatch(
  File "D:\testplatformservice\testplatform\venv\Lib\site-packages\channels\utils.py", line 57, in await_many_dispatch
    await task
redis.exceptions.ResponseError: unknown command 'BZPOPMIN'
[2026-07-06 10:37:54] ERROR [daphne.server:303] Exception inside application: unknown command 'BZPOPMIN'
Traceback (most recent call last):
  File "D:\testplatformservice\testplatform\venv\Lib\site-packages\channels\routing.py", line 48, in __call__
    return await application(scope, receive, send)
           ^^^^^^^^^^^^^^^^^^^^^^^^^^^^^^^^^^^^^^^
  File "D:\testplatformservice\testplatform\commons\ws\auth.py", line 28, in __call__
    return await super().__call__(scope, receive, send)
           ^^^^^^^^^^^^^^^^^^^^^^^^^^^^^^^^^^^^^^^^^^^^
  File "D:\testplatformservice\testplatform\venv\Lib\site-packages\channels\middleware.py", line 24, in __call__
    return await self.inner(scope, receive, send)
           ^^^^^^^^^^^^^^^^^^^^^^^^^^^^^^^^^^^^^^
  File "D:\testplatformservice\testplatform\venv\Lib\site-packages\channels\routing.py", line 118, in __call__
    return await application(
           ^^^^^^^^^^^^^^^^^^
  File "D:\testplatformservice\testplatform\venv\Lib\site-packages\channels\consumer.py", line 95, in app
    return await consumer(scope, receive, send)
           ^^^^^^^^^^^^^^^^^^^^^^^^^^^^^^^^^^^^
  File "D:\testplatformservice\testplatform\venv\Lib\site-packages\channels\consumer.py", line 58, in __call__
    await await_many_dispatch(
  File "D:\testplatformservice\testplatform\venv\Lib\site-packages\channels\utils.py", line 57, in await_many_dispatch
    await task
redis.exceptions.ResponseError: unknown command 'BZPOPMIN'
[2026-07-06 10:37:58] ERROR [daphne.server:303] Exception inside application: unknown command 'BZPOPMIN'
Traceback (most recent call last):
  File "D:\testplatformservice\testplatform\venv\Lib\site-packages\channels\routing.py", line 48, in __call__
    return await application(scope, receive, send)
           ^^^^^^^^^^^^^^^^^^^^^^^^^^^^^^^^^^^^^^^
  File "D:\testplatformservice\testplatform\commons\ws\auth.py", line 28, in __call__
    return await super().__call__(scope, receive, send)
           ^^^^^^^^^^^^^^^^^^^^^^^^^^^^^^^^^^^^^^^^^^^^
  File "D:\testplatformservice\testplatform\venv\Lib\site-packages\channels\middleware.py", line 24, in __call__
    return await self.inner(scope, receive, send)
           ^^^^^^^^^^^^^^^^^^^^^^^^^^^^^^^^^^^^^^
  File "D:\testplatformservice\testplatform\venv\Lib\site-packages\channels\routing.py", line 118, in __call__
    return await application(
           ^^^^^^^^^^^^^^^^^^
  File "D:\testplatformservice\testplatform\venv\Lib\site-packages\channels\consumer.py", line 95, in app
    return await consumer(scope, receive, send)
           ^^^^^^^^^^^^^^^^^^^^^^^^^^^^^^^^^^^^
  File "D:\testplatformservice\testplatform\venv\Lib\site-packages\channels\consumer.py", line 58, in __call__
    await await_many_dispatch(
  File "D:\testplatformservice\testplatform\venv\Lib\site-packages\channels\utils.py", line 57, in await_many_dispatch
    await task
redis.exceptions.ResponseError: unknown command 'BZPOPMIN'
[2026-07-06 10:38:02] ERROR [daphne.server:303] Exception inside application: unknown command 'BZPOPMIN'
Traceback (most recent call last):
  File "D:\testplatformservice\testplatform\venv\Lib\site-packages\channels\routing.py", line 48, in __call__
    return await application(scope, receive, send)
           ^^^^^^^^^^^^^^^^^^^^^^^^^^^^^^^^^^^^^^^
  File "D:\testplatformservice\testplatform\commons\ws\auth.py", line 28, in __call__
    return await super().__call__(scope, receive, send)
           ^^^^^^^^^^^^^^^^^^^^^^^^^^^^^^^^^^^^^^^^^^^^
  File "D:\testplatformservice\testplatform\venv\Lib\site-packages\channels\middleware.py", line 24, in __call__
    return await self.inner(scope, receive, send)
           ^^^^^^^^^^^^^^^^^^^^^^^^^^^^^^^^^^^^^^
  File "D:\testplatformservice\testplatform\venv\Lib\site-packages\channels\routing.py", line 118, in __call__
    return await application(
           ^^^^^^^^^^^^^^^^^^
  File "D:\testplatformservice\testplatform\venv\Lib\site-packages\channels\consumer.py", line 95, in app
    return await consumer(scope, receive, send)
           ^^^^^^^^^^^^^^^^^^^^^^^^^^^^^^^^^^^^
  File "D:\testplatformservice\testplatform\venv\Lib\site-packages\channels\consumer.py", line 58, in __call__
    await await_many_dispatch(
  File "D:\testplatformservice\testplatform\venv\Lib\site-packages\channels\utils.py", line 57, in await_many_dispatch
    await task
redis.exceptions.ResponseError: unknown command 'BZPOPMIN'
[2026-07-06 10:38:06] ERROR [daphne.server:303] Exception inside application: unknown command 'BZPOPMIN'
Traceback (most recent call last):
  File "D:\testplatformservice\testplatform\venv\Lib\site-packages\channels\routing.py", line 48, in __call__
    return await application(scope, receive, send)
           ^^^^^^^^^^^^^^^^^^^^^^^^^^^^^^^^^^^^^^^
  File "D:\testplatformservice\testplatform\commons\ws\auth.py", line 28, in __call__
    return await super().__call__(scope, receive, send)
           ^^^^^^^^^^^^^^^^^^^^^^^^^^^^^^^^^^^^^^^^^^^^
  File "D:\testplatformservice\testplatform\venv\Lib\site-packages\channels\middleware.py", line 24, in __call__
    return await self.inner(scope, receive, send)
           ^^^^^^^^^^^^^^^^^^^^^^^^^^^^^^^^^^^^^^
  File "D:\testplatformservice\testplatform\venv\Lib\site-packages\channels\routing.py", line 118, in __call__
    return await application(
           ^^^^^^^^^^^^^^^^^^
  File "D:\testplatformservice\testplatform\venv\Lib\site-packages\channels\consumer.py", line 95, in app
    return await consumer(scope, receive, send)
           ^^^^^^^^^^^^^^^^^^^^^^^^^^^^^^^^^^^^
  File "D:\testplatformservice\testplatform\venv\Lib\site-packages\channels\consumer.py", line 58, in __call__
    await await_many_dispatch(
  File "D:\testplatformservice\testplatform\venv\Lib\site-packages\channels\utils.py", line 57, in await_many_dispatch
    await task
redis.exceptions.ResponseError: unknown command 'BZPOPMIN'
[2026-07-06 10:38:10] ERROR [daphne.server:303] Exception inside application: unknown command 'BZPOPMIN'
Traceback (most recent call last):
  File "D:\testplatformservice\testplatform\venv\Lib\site-packages\channels\routing.py", line 48, in __call__
    return await application(scope, receive, send)
           ^^^^^^^^^^^^^^^^^^^^^^^^^^^^^^^^^^^^^^^
  File "D:\testplatformservice\testplatform\commons\ws\auth.py", line 28, in __call__
    return await super().__call__(scope, receive, send)
           ^^^^^^^^^^^^^^^^^^^^^^^^^^^^^^^^^^^^^^^^^^^^
  File "D:\testplatformservice\testplatform\venv\Lib\site-packages\channels\middleware.py", line 24, in __call__
    return await self.inner(scope, receive, send)
           ^^^^^^^^^^^^^^^^^^^^^^^^^^^^^^^^^^^^^^
  File "D:\testplatformservice\testplatform\venv\Lib\site-packages\channels\routing.py", line 118, in __call__
    return await application(
           ^^^^^^^^^^^^^^^^^^
  File "D:\testplatformservice\testplatform\venv\Lib\site-packages\channels\consumer.py", line 95, in app
    return await consumer(scope, receive, send)
           ^^^^^^^^^^^^^^^^^^^^^^^^^^^^^^^^^^^^
  File "D:\testplatformservice\testplatform\venv\Lib\site-packages\channels\consumer.py", line 58, in __call__
    await await_many_dispatch(
  File "D:\testplatformservice\testplatform\venv\Lib\site-packages\channels\utils.py", line 57, in await_many_dispatch
    await task
redis.exceptions.ResponseError: unknown command 'BZPOPMIN'
[2026-07-06 10:38:14] ERROR [daphne.server:303] Exception inside application: unknown command 'BZPOPMIN'
Traceback (most recent call last):
  File "D:\testplatformservice\testplatform\venv\Lib\site-packages\channels\routing.py", line 48, in __call__
    return await application(scope, receive, send)
           ^^^^^^^^^^^^^^^^^^^^^^^^^^^^^^^^^^^^^^^
  File "D:\testplatformservice\testplatform\commons\ws\auth.py", line 28, in __call__
    return await super().__call__(scope, receive, send)
           ^^^^^^^^^^^^^^^^^^^^^^^^^^^^^^^^^^^^^^^^^^^^
  File "D:\testplatformservice\testplatform\venv\Lib\site-packages\channels\middleware.py", line 24, in __call__
    return await self.inner(scope, receive, send)
           ^^^^^^^^^^^^^^^^^^^^^^^^^^^^^^^^^^^^^^
  File "D:\testplatformservice\testplatform\venv\Lib\site-packages\channels\routing.py", line 118, in __call__
    return await application(
           ^^^^^^^^^^^^^^^^^^
  File "D:\testplatformservice\testplatform\venv\Lib\site-packages\channels\consumer.py", line 95, in app
    return await consumer(scope, receive, send)
           ^^^^^^^^^^^^^^^^^^^^^^^^^^^^^^^^^^^^
  File "D:\testplatformservice\testplatform\venv\Lib\site-packages\channels\consumer.py", line 58, in __call__
    await await_many_dispatch(
  File "D:\testplatformservice\testplatform\venv\Lib\site-packages\channels\utils.py", line 57, in await_many_dispatch
    await task
redis.exceptions.ResponseError: unknown command 'BZPOPMIN'
[2026-07-06 10:38:19] ERROR [daphne.server:303] Exception inside application: unknown command 'BZPOPMIN'
Traceback (most recent call last):
  File "D:\testplatformservice\testplatform\venv\Lib\site-packages\channels\routing.py", line 48, in __call__
    return await application(scope, receive, send)
           ^^^^^^^^^^^^^^^^^^^^^^^^^^^^^^^^^^^^^^^
  File "D:\testplatformservice\testplatform\commons\ws\auth.py", line 28, in __call__
    return await super().__call__(scope, receive, send)
           ^^^^^^^^^^^^^^^^^^^^^^^^^^^^^^^^^^^^^^^^^^^^
  File "D:\testplatformservice\testplatform\venv\Lib\site-packages\channels\middleware.py", line 24, in __call__
    return await self.inner(scope, receive, send)
           ^^^^^^^^^^^^^^^^^^^^^^^^^^^^^^^^^^^^^^
  File "D:\testplatformservice\testplatform\venv\Lib\site-packages\channels\routing.py", line 118, in __call__
    return await application(
           ^^^^^^^^^^^^^^^^^^
  File "D:\testplatformservice\testplatform\venv\Lib\site-packages\channels\consumer.py", line 95, in app
    return await consumer(scope, receive, send)
           ^^^^^^^^^^^^^^^^^^^^^^^^^^^^^^^^^^^^
  File "D:\testplatformservice\testplatform\venv\Lib\site-packages\channels\consumer.py", line 58, in __call__
    await await_many_dispatch(
  File "D:\testplatformservice\testplatform\venv\Lib\site-packages\channels\utils.py", line 57, in await_many_dispatch
    await task
redis.exceptions.ResponseError: unknown command 'BZPOPMIN'
[2026-07-06 10:38:23] ERROR [daphne.server:303] Exception inside application: unknown command 'BZPOPMIN'
Traceback (most recent call last):
  File "D:\testplatformservice\testplatform\venv\Lib\site-packages\channels\routing.py", line 48, in __call__
    return await application(scope, receive, send)
           ^^^^^^^^^^^^^^^^^^^^^^^^^^^^^^^^^^^^^^^
  File "D:\testplatformservice\testplatform\commons\ws\auth.py", line 28, in __call__
    return await super().__call__(scope, receive, send)
           ^^^^^^^^^^^^^^^^^^^^^^^^^^^^^^^^^^^^^^^^^^^^
  File "D:\testplatformservice\testplatform\venv\Lib\site-packages\channels\middleware.py", line 24, in __call__
    return await self.inner(scope, receive, send)
           ^^^^^^^^^^^^^^^^^^^^^^^^^^^^^^^^^^^^^^
  File "D:\testplatformservice\testplatform\venv\Lib\site-packages\channels\routing.py", line 118, in __call__
    return await application(
           ^^^^^^^^^^^^^^^^^^
  File "D:\testplatformservice\testplatform\venv\Lib\site-packages\channels\consumer.py", line 95, in app
    return await consumer(scope, receive, send)
           ^^^^^^^^^^^^^^^^^^^^^^^^^^^^^^^^^^^^
  File "D:\testplatformservice\testplatform\venv\Lib\site-packages\channels\consumer.py", line 58, in __call__
    await await_many_dispatch(
  File "D:\testplatformservice\testplatform\venv\Lib\site-packages\channels\utils.py", line 57, in await_many_dispatch
    await task
redis.exceptions.ResponseError: unknown command 'BZPOPMIN'
[2026-07-06 10:38:27] ERROR [daphne.server:303] Exception inside application: unknown command 'BZPOPMIN'
Traceback (most recent call last):
  File "D:\testplatformservice\testplatform\venv\Lib\site-packages\channels\routing.py", line 48, in __call__
    return await application(scope, receive, send)
           ^^^^^^^^^^^^^^^^^^^^^^^^^^^^^^^^^^^^^^^
  File "D:\testplatformservice\testplatform\commons\ws\auth.py", line 28, in __call__
    return await super().__call__(scope, receive, send)
           ^^^^^^^^^^^^^^^^^^^^^^^^^^^^^^^^^^^^^^^^^^^^
  File "D:\testplatformservice\testplatform\venv\Lib\site-packages\channels\middleware.py", line 24, in __call__
    return await self.inner(scope, receive, send)
           ^^^^^^^^^^^^^^^^^^^^^^^^^^^^^^^^^^^^^^
  File "D:\testplatformservice\testplatform\venv\Lib\site-packages\channels\routing.py", line 118, in __call__
    return await application(
           ^^^^^^^^^^^^^^^^^^
  File "D:\testplatformservice\testplatform\venv\Lib\site-packages\channels\consumer.py", line 95, in app
    return await consumer(scope, receive, send)
           ^^^^^^^^^^^^^^^^^^^^^^^^^^^^^^^^^^^^
  File "D:\testplatformservice\testplatform\venv\Lib\site-packages\channels\consumer.py", line 58, in __call__
    await await_many_dispatch(
  File "D:\testplatformservice\testplatform\venv\Lib\site-packages\channels\utils.py", line 57, in await_many_dispatch
    await task
redis.exceptions.ResponseError: unknown command 'BZPOPMIN'
[2026-07-06 10:38:31] ERROR [daphne.server:303] Exception inside application: unknown command 'BZPOPMIN'
Traceback (most recent call last):
  File "D:\testplatformservice\testplatform\venv\Lib\site-packages\channels\routing.py", line 48, in __call__
    return await application(scope, receive, send)
           ^^^^^^^^^^^^^^^^^^^^^^^^^^^^^^^^^^^^^^^
  File "D:\testplatformservice\testplatform\commons\ws\auth.py", line 28, in __call__
    return await super().__call__(scope, receive, send)
           ^^^^^^^^^^^^^^^^^^^^^^^^^^^^^^^^^^^^^^^^^^^^
  File "D:\testplatformservice\testplatform\venv\Lib\site-packages\channels\middleware.py", line 24, in __call__
    return await self.inner(scope, receive, send)
           ^^^^^^^^^^^^^^^^^^^^^^^^^^^^^^^^^^^^^^
  File "D:\testplatformservice\testplatform\venv\Lib\site-packages\channels\routing.py", line 118, in __call__
    return await application(
           ^^^^^^^^^^^^^^^^^^
  File "D:\testplatformservice\testplatform\venv\Lib\site-packages\channels\consumer.py", line 95, in app
    return await consumer(scope, receive, send)
           ^^^^^^^^^^^^^^^^^^^^^^^^^^^^^^^^^^^^
  File "D:\testplatformservice\testplatform\venv\Lib\site-packages\channels\consumer.py", line 58, in __call__
    await await_many_dispatch(
  File "D:\testplatformservice\testplatform\venv\Lib\site-packages\channels\utils.py", line 57, in await_many_dispatch
    await task
redis.exceptions.ResponseError: unknown command 'BZPOPMIN'
[2026-07-06 10:38:35] ERROR [daphne.server:303] Exception inside application: unknown command 'BZPOPMIN'
Traceback (most recent call last):
  File "D:\testplatformservice\testplatform\venv\Lib\site-packages\channels\routing.py", line 48, in __call__
    return await application(scope, receive, send)
           ^^^^^^^^^^^^^^^^^^^^^^^^^^^^^^^^^^^^^^^
  File "D:\testplatformservice\testplatform\commons\ws\auth.py", line 28, in __call__
    return await super().__call__(scope, receive, send)
           ^^^^^^^^^^^^^^^^^^^^^^^^^^^^^^^^^^^^^^^^^^^^
  File "D:\testplatformservice\testplatform\venv\Lib\site-packages\channels\middleware.py", line 24, in __call__
    return await self.inner(scope, receive, send)
           ^^^^^^^^^^^^^^^^^^^^^^^^^^^^^^^^^^^^^^
  File "D:\testplatformservice\testplatform\venv\Lib\site-packages\channels\routing.py", line 118, in __call__
    return await application(
           ^^^^^^^^^^^^^^^^^^
  File "D:\testplatformservice\testplatform\venv\Lib\site-packages\channels\consumer.py", line 95, in app
    return await consumer(scope, receive, send)
           ^^^^^^^^^^^^^^^^^^^^^^^^^^^^^^^^^^^^
  File "D:\testplatformservice\testplatform\venv\Lib\site-packages\channels\consumer.py", line 58, in __call__
    await await_many_dispatch(
  File "D:\testplatformservice\testplatform\venv\Lib\site-packages\channels\utils.py", line 57, in await_many_dispatch
    await task
redis.exceptions.ResponseError: unknown command 'BZPOPMIN'
[2026-07-06 10:38:39] ERROR [daphne.server:303] Exception inside application: unknown command 'BZPOPMIN'
Traceback (most recent call last):
  File "D:\testplatformservice\testplatform\venv\Lib\site-packages\channels\routing.py", line 48, in __call__
    return await application(scope, receive, send)
           ^^^^^^^^^^^^^^^^^^^^^^^^^^^^^^^^^^^^^^^
  File "D:\testplatformservice\testplatform\commons\ws\auth.py", line 28, in __call__
    return await super().__call__(scope, receive, send)
           ^^^^^^^^^^^^^^^^^^^^^^^^^^^^^^^^^^^^^^^^^^^^
  File "D:\testplatformservice\testplatform\venv\Lib\site-packages\channels\middleware.py", line 24, in __call__
    return await self.inner(scope, receive, send)
           ^^^^^^^^^^^^^^^^^^^^^^^^^^^^^^^^^^^^^^
  File "D:\testplatformservice\testplatform\venv\Lib\site-packages\channels\routing.py", line 118, in __call__
    return await application(
           ^^^^^^^^^^^^^^^^^^
  File "D:\testplatformservice\testplatform\venv\Lib\site-packages\channels\consumer.py", line 95, in app
    return await consumer(scope, receive, send)
           ^^^^^^^^^^^^^^^^^^^^^^^^^^^^^^^^^^^^
  File "D:\testplatformservice\testplatform\venv\Lib\site-packages\channels\consumer.py", line 58, in __call__
    await await_many_dispatch(
  File "D:\testplatformservice\testplatform\venv\Lib\site-packages\channels\utils.py", line 57, in await_many_dispatch
    await task
redis.exceptions.ResponseError: unknown command 'BZPOPMIN'
[2026-07-06 10:38:43] ERROR [daphne.server:303] Exception inside application: unknown command 'BZPOPMIN'
Traceback (most recent call last):
  File "D:\testplatformservice\testplatform\venv\Lib\site-packages\channels\routing.py", line 48, in __call__
    return await application(scope, receive, send)
           ^^^^^^^^^^^^^^^^^^^^^^^^^^^^^^^^^^^^^^^
  File "D:\testplatformservice\testplatform\commons\ws\auth.py", line 28, in __call__
    return await super().__call__(scope, receive, send)
           ^^^^^^^^^^^^^^^^^^^^^^^^^^^^^^^^^^^^^^^^^^^^
  File "D:\testplatformservice\testplatform\venv\Lib\site-packages\channels\middleware.py", line 24, in __call__
    return await self.inner(scope, receive, send)
           ^^^^^^^^^^^^^^^^^^^^^^^^^^^^^^^^^^^^^^
  File "D:\testplatformservice\testplatform\venv\Lib\site-packages\channels\routing.py", line 118, in __call__
    return await application(
           ^^^^^^^^^^^^^^^^^^
  File "D:\testplatformservice\testplatform\venv\Lib\site-packages\channels\consumer.py", line 95, in app
    return await consumer(scope, receive, send)
           ^^^^^^^^^^^^^^^^^^^^^^^^^^^^^^^^^^^^
  File "D:\testplatformservice\testplatform\venv\Lib\site-packages\channels\consumer.py", line 58, in __call__
    await await_many_dispatch(
  File "D:\testplatformservice\testplatform\venv\Lib\site-packages\channels\utils.py", line 57, in await_many_dispatch
    await task
redis.exceptions.ResponseError: unknown command 'BZPOPMIN'
[2026-07-06 10:38:47] ERROR [daphne.server:303] Exception inside application: unknown command 'BZPOPMIN'
Traceback (most recent call last):
  File "D:\testplatformservice\testplatform\venv\Lib\site-packages\channels\routing.py", line 48, in __call__
    return await application(scope, receive, send)
           ^^^^^^^^^^^^^^^^^^^^^^^^^^^^^^^^^^^^^^^
  File "D:\testplatformservice\testplatform\commons\ws\auth.py", line 28, in __call__
    return await super().__call__(scope, receive, send)
           ^^^^^^^^^^^^^^^^^^^^^^^^^^^^^^^^^^^^^^^^^^^^
  File "D:\testplatformservice\testplatform\venv\Lib\site-packages\channels\middleware.py", line 24, in __call__
    return await self.inner(scope, receive, send)
           ^^^^^^^^^^^^^^^^^^^^^^^^^^^^^^^^^^^^^^
  File "D:\testplatformservice\testplatform\venv\Lib\site-packages\channels\routing.py", line 118, in __call__
    return await application(
           ^^^^^^^^^^^^^^^^^^
  File "D:\testplatformservice\testplatform\venv\Lib\site-packages\channels\consumer.py", line 95, in app
    return await consumer(scope, receive, send)
           ^^^^^^^^^^^^^^^^^^^^^^^^^^^^^^^^^^^^
  File "D:\testplatformservice\testplatform\venv\Lib\site-packages\channels\consumer.py", line 58, in __call__
    await await_many_dispatch(
  File "D:\testplatformservice\testplatform\venv\Lib\site-packages\channels\utils.py", line 57, in await_many_dispatch
    await task
redis.exceptions.ResponseError: unknown command 'BZPOPMIN'
[2026-07-06 10:38:51] ERROR [daphne.server:303] Exception inside application: unknown command 'BZPOPMIN'
Traceback (most recent call last):
  File "D:\testplatformservice\testplatform\venv\Lib\site-packages\channels\routing.py", line 48, in __call__
    return await application(scope, receive, send)
           ^^^^^^^^^^^^^^^^^^^^^^^^^^^^^^^^^^^^^^^
  File "D:\testplatformservice\testplatform\commons\ws\auth.py", line 28, in __call__
    return await super().__call__(scope, receive, send)
           ^^^^^^^^^^^^^^^^^^^^^^^^^^^^^^^^^^^^^^^^^^^^
  File "D:\testplatformservice\testplatform\venv\Lib\site-packages\channels\middleware.py", line 24, in __call__
    return await self.inner(scope, receive, send)
           ^^^^^^^^^^^^^^^^^^^^^^^^^^^^^^^^^^^^^^
  File "D:\testplatformservice\testplatform\venv\Lib\site-packages\channels\routing.py", line 118, in __call__
    return await application(
           ^^^^^^^^^^^^^^^^^^
  File "D:\testplatformservice\testplatform\venv\Lib\site-packages\channels\consumer.py", line 95, in app
    return await consumer(scope, receive, send)
           ^^^^^^^^^^^^^^^^^^^^^^^^^^^^^^^^^^^^
  File "D:\testplatformservice\testplatform\venv\Lib\site-packages\channels\consumer.py", line 58, in __call__
    await await_many_dispatch(
  File "D:\testplatformservice\testplatform\venv\Lib\site-packages\channels\utils.py", line 57, in await_many_dispatch
    await task
redis.exceptions.ResponseError: unknown command 'BZPOPMIN'
[2026-07-06 10:38:55] ERROR [daphne.server:303] Exception inside application: unknown command 'BZPOPMIN'
Traceback (most recent call last):
  File "D:\testplatformservice\testplatform\venv\Lib\site-packages\channels\routing.py", line 48, in __call__
    return await application(scope, receive, send)
           ^^^^^^^^^^^^^^^^^^^^^^^^^^^^^^^^^^^^^^^
  File "D:\testplatformservice\testplatform\commons\ws\auth.py", line 28, in __call__
    return await super().__call__(scope, receive, send)
           ^^^^^^^^^^^^^^^^^^^^^^^^^^^^^^^^^^^^^^^^^^^^
  File "D:\testplatformservice\testplatform\venv\Lib\site-packages\channels\middleware.py", line 24, in __call__
    return await self.inner(scope, receive, send)
           ^^^^^^^^^^^^^^^^^^^^^^^^^^^^^^^^^^^^^^
  File "D:\testplatformservice\testplatform\venv\Lib\site-packages\channels\routing.py", line 118, in __call__
    return await application(
           ^^^^^^^^^^^^^^^^^^
  File "D:\testplatformservice\testplatform\venv\Lib\site-packages\channels\consumer.py", line 95, in app
    return await consumer(scope, receive, send)
           ^^^^^^^^^^^^^^^^^^^^^^^^^^^^^^^^^^^^
  File "D:\testplatformservice\testplatform\venv\Lib\site-packages\channels\consumer.py", line 58, in __call__
    await await_many_dispatch(
  File "D:\testplatformservice\testplatform\venv\Lib\site-packages\channels\utils.py", line 57, in await_many_dispatch
    await task
redis.exceptions.ResponseError: unknown command 'BZPOPMIN'
[2026-07-06 10:38:59] ERROR [daphne.server:303] Exception inside application: unknown command 'BZPOPMIN'
Traceback (most recent call last):
  File "D:\testplatformservice\testplatform\venv\Lib\site-packages\channels\routing.py", line 48, in __call__
    return await application(scope, receive, send)
           ^^^^^^^^^^^^^^^^^^^^^^^^^^^^^^^^^^^^^^^
  File "D:\testplatformservice\testplatform\commons\ws\auth.py", line 28, in __call__
    return await super().__call__(scope, receive, send)
           ^^^^^^^^^^^^^^^^^^^^^^^^^^^^^^^^^^^^^^^^^^^^
  File "D:\testplatformservice\testplatform\venv\Lib\site-packages\channels\middleware.py", line 24, in __call__
    return await self.inner(scope, receive, send)
           ^^^^^^^^^^^^^^^^^^^^^^^^^^^^^^^^^^^^^^
  File "D:\testplatformservice\testplatform\venv\Lib\site-packages\channels\routing.py", line 118, in __call__
    return await application(
           ^^^^^^^^^^^^^^^^^^
  File "D:\testplatformservice\testplatform\venv\Lib\site-packages\channels\consumer.py", line 95, in app
    return await consumer(scope, receive, send)
           ^^^^^^^^^^^^^^^^^^^^^^^^^^^^^^^^^^^^
  File "D:\testplatformservice\testplatform\venv\Lib\site-packages\channels\consumer.py", line 58, in __call__
    await await_many_dispatch(
  File "D:\testplatformservice\testplatform\venv\Lib\site-packages\channels\utils.py", line 57, in await_many_dispatch
    await task
redis.exceptions.ResponseError: unknown command 'BZPOPMIN'
[2026-07-06 10:39:03] ERROR [daphne.server:303] Exception inside application: unknown command 'BZPOPMIN'
Traceback (most recent call last):
  File "D:\testplatformservice\testplatform\venv\Lib\site-packages\channels\routing.py", line 48, in __call__
    return await application(scope, receive, send)
           ^^^^^^^^^^^^^^^^^^^^^^^^^^^^^^^^^^^^^^^
  File "D:\testplatformservice\testplatform\commons\ws\auth.py", line 28, in __call__
    return await super().__call__(scope, receive, send)
           ^^^^^^^^^^^^^^^^^^^^^^^^^^^^^^^^^^^^^^^^^^^^
  File "D:\testplatformservice\testplatform\venv\Lib\site-packages\channels\middleware.py", line 24, in __call__
    return await self.inner(scope, receive, send)
           ^^^^^^^^^^^^^^^^^^^^^^^^^^^^^^^^^^^^^^
  File "D:\testplatformservice\testplatform\venv\Lib\site-packages\channels\routing.py", line 118, in __call__
    return await application(
           ^^^^^^^^^^^^^^^^^^
  File "D:\testplatformservice\testplatform\venv\Lib\site-packages\channels\consumer.py", line 95, in app
    return await consumer(scope, receive, send)
           ^^^^^^^^^^^^^^^^^^^^^^^^^^^^^^^^^^^^
  File "D:\testplatformservice\testplatform\venv\Lib\site-packages\channels\consumer.py", line 58, in __call__
    await await_many_dispatch(
  File "D:\testplatformservice\testplatform\venv\Lib\site-packages\channels\utils.py", line 57, in await_many_dispatch
    await task
redis.exceptions.ResponseError: unknown command 'BZPOPMIN'
[2026-07-06 10:39:07] ERROR [daphne.server:303] Exception inside application: unknown command 'BZPOPMIN'
Traceback (most recent call last):
  File "D:\testplatformservice\testplatform\venv\Lib\site-packages\channels\routing.py", line 48, in __call__
    return await application(scope, receive, send)
           ^^^^^^^^^^^^^^^^^^^^^^^^^^^^^^^^^^^^^^^
  File "D:\testplatformservice\testplatform\commons\ws\auth.py", line 28, in __call__
    return await super().__call__(scope, receive, send)
           ^^^^^^^^^^^^^^^^^^^^^^^^^^^^^^^^^^^^^^^^^^^^
  File "D:\testplatformservice\testplatform\venv\Lib\site-packages\channels\middleware.py", line 24, in __call__
    return await self.inner(scope, receive, send)
           ^^^^^^^^^^^^^^^^^^^^^^^^^^^^^^^^^^^^^^
  File "D:\testplatformservice\testplatform\venv\Lib\site-packages\channels\routing.py", line 118, in __call__
    return await application(
           ^^^^^^^^^^^^^^^^^^
  File "D:\testplatformservice\testplatform\venv\Lib\site-packages\channels\consumer.py", line 95, in app
    return await consumer(scope, receive, send)
           ^^^^^^^^^^^^^^^^^^^^^^^^^^^^^^^^^^^^
  File "D:\testplatformservice\testplatform\venv\Lib\site-packages\channels\consumer.py", line 58, in __call__
    await await_many_dispatch(
  File "D:\testplatformservice\testplatform\venv\Lib\site-packages\channels\utils.py", line 57, in await_many_dispatch
    await task
redis.exceptions.ResponseError: unknown command 'BZPOPMIN'
[2026-07-06 10:39:11] ERROR [daphne.server:303] Exception inside application: unknown command 'BZPOPMIN'
Traceback (most recent call last):
  File "D:\testplatformservice\testplatform\venv\Lib\site-packages\channels\routing.py", line 48, in __call__
    return await application(scope, receive, send)
           ^^^^^^^^^^^^^^^^^^^^^^^^^^^^^^^^^^^^^^^
  File "D:\testplatformservice\testplatform\commons\ws\auth.py", line 28, in __call__
    return await super().__call__(scope, receive, send)
           ^^^^^^^^^^^^^^^^^^^^^^^^^^^^^^^^^^^^^^^^^^^^
  File "D:\testplatformservice\testplatform\venv\Lib\site-packages\channels\middleware.py", line 24, in __call__
    return await self.inner(scope, receive, send)
           ^^^^^^^^^^^^^^^^^^^^^^^^^^^^^^^^^^^^^^
  File "D:\testplatformservice\testplatform\venv\Lib\site-packages\channels\routing.py", line 118, in __call__
    return await application(
           ^^^^^^^^^^^^^^^^^^
  File "D:\testplatformservice\testplatform\venv\Lib\site-packages\channels\consumer.py", line 95, in app
    return await consumer(scope, receive, send)
           ^^^^^^^^^^^^^^^^^^^^^^^^^^^^^^^^^^^^
  File "D:\testplatformservice\testplatform\venv\Lib\site-packages\channels\consumer.py", line 58, in __call__
    await await_many_dispatch(
  File "D:\testplatformservice\testplatform\venv\Lib\site-packages\channels\utils.py", line 57, in await_many_dispatch
    await task
redis.exceptions.ResponseError: unknown command 'BZPOPMIN'
[2026-07-06 10:39:15] ERROR [daphne.server:303] Exception inside application: unknown command 'BZPOPMIN'
Traceback (most recent call last):
  File "D:\testplatformservice\testplatform\venv\Lib\site-packages\channels\routing.py", line 48, in __call__
    return await application(scope, receive, send)
           ^^^^^^^^^^^^^^^^^^^^^^^^^^^^^^^^^^^^^^^
  File "D:\testplatformservice\testplatform\commons\ws\auth.py", line 28, in __call__
    return await super().__call__(scope, receive, send)
           ^^^^^^^^^^^^^^^^^^^^^^^^^^^^^^^^^^^^^^^^^^^^
  File "D:\testplatformservice\testplatform\venv\Lib\site-packages\channels\middleware.py", line 24, in __call__
    return await self.inner(scope, receive, send)
           ^^^^^^^^^^^^^^^^^^^^^^^^^^^^^^^^^^^^^^
  File "D:\testplatformservice\testplatform\venv\Lib\site-packages\channels\routing.py", line 118, in __call__
    return await application(
           ^^^^^^^^^^^^^^^^^^
  File "D:\testplatformservice\testplatform\venv\Lib\site-packages\channels\consumer.py", line 95, in app
    return await consumer(scope, receive, send)
           ^^^^^^^^^^^^^^^^^^^^^^^^^^^^^^^^^^^^
  File "D:\testplatformservice\testplatform\venv\Lib\site-packages\channels\consumer.py", line 58, in __call__
    await await_many_dispatch(
  File "D:\testplatformservice\testplatform\venv\Lib\site-packages\channels\utils.py", line 57, in await_many_dispatch
    await task
redis.exceptions.ResponseError: unknown command 'BZPOPMIN'
[2026-07-06 10:39:19] ERROR [daphne.server:303] Exception inside application: unknown command 'BZPOPMIN'
Traceback (most recent call last):
  File "D:\testplatformservice\testplatform\venv\Lib\site-packages\channels\routing.py", line 48, in __call__
    return await application(scope, receive, send)
           ^^^^^^^^^^^^^^^^^^^^^^^^^^^^^^^^^^^^^^^
  File "D:\testplatformservice\testplatform\commons\ws\auth.py", line 28, in __call__
    return await super().__call__(scope, receive, send)
           ^^^^^^^^^^^^^^^^^^^^^^^^^^^^^^^^^^^^^^^^^^^^
  File "D:\testplatformservice\testplatform\venv\Lib\site-packages\channels\middleware.py", line 24, in __call__
    return await self.inner(scope, receive, send)
           ^^^^^^^^^^^^^^^^^^^^^^^^^^^^^^^^^^^^^^
  File "D:\testplatformservice\testplatform\venv\Lib\site-packages\channels\routing.py", line 118, in __call__
    return await application(
           ^^^^^^^^^^^^^^^^^^
  File "D:\testplatformservice\testplatform\venv\Lib\site-packages\channels\consumer.py", line 95, in app
    return await consumer(scope, receive, send)
           ^^^^^^^^^^^^^^^^^^^^^^^^^^^^^^^^^^^^
  File "D:\testplatformservice\testplatform\venv\Lib\site-packages\channels\consumer.py", line 58, in __call__
    await await_many_dispatch(
  File "D:\testplatformservice\testplatform\venv\Lib\site-packages\channels\utils.py", line 57, in await_many_dispatch
    await task
redis.exceptions.ResponseError: unknown command 'BZPOPMIN'
[2026-07-06 10:39:23] ERROR [daphne.server:303] Exception inside application: unknown command 'BZPOPMIN'
Traceback (most recent call last):
  File "D:\testplatformservice\testplatform\venv\Lib\site-packages\channels\routing.py", line 48, in __call__
    return await application(scope, receive, send)
           ^^^^^^^^^^^^^^^^^^^^^^^^^^^^^^^^^^^^^^^
  File "D:\testplatformservice\testplatform\commons\ws\auth.py", line 28, in __call__
    return await super().__call__(scope, receive, send)
           ^^^^^^^^^^^^^^^^^^^^^^^^^^^^^^^^^^^^^^^^^^^^
  File "D:\testplatformservice\testplatform\venv\Lib\site-packages\channels\middleware.py", line 24, in __call__
    return await self.inner(scope, receive, send)
           ^^^^^^^^^^^^^^^^^^^^^^^^^^^^^^^^^^^^^^
  File "D:\testplatformservice\testplatform\venv\Lib\site-packages\channels\routing.py", line 118, in __call__
    return await application(
           ^^^^^^^^^^^^^^^^^^
  File "D:\testplatformservice\testplatform\venv\Lib\site-packages\channels\consumer.py", line 95, in app
    return await consumer(scope, receive, send)
           ^^^^^^^^^^^^^^^^^^^^^^^^^^^^^^^^^^^^
  File "D:\testplatformservice\testplatform\venv\Lib\site-packages\channels\consumer.py", line 58, in __call__
    await await_many_dispatch(
  File "D:\testplatformservice\testplatform\venv\Lib\site-packages\channels\utils.py", line 57, in await_many_dispatch
    await task
redis.exceptions.ResponseError: unknown command 'BZPOPMIN'
[2026-07-06 10:39:27] ERROR [daphne.server:303] Exception inside application: unknown command 'BZPOPMIN'
Traceback (most recent call last):
  File "D:\testplatformservice\testplatform\venv\Lib\site-packages\channels\routing.py", line 48, in __call__
    return await application(scope, receive, send)
           ^^^^^^^^^^^^^^^^^^^^^^^^^^^^^^^^^^^^^^^
  File "D:\testplatformservice\testplatform\commons\ws\auth.py", line 28, in __call__
    return await super().__call__(scope, receive, send)
           ^^^^^^^^^^^^^^^^^^^^^^^^^^^^^^^^^^^^^^^^^^^^
  File "D:\testplatformservice\testplatform\venv\Lib\site-packages\channels\middleware.py", line 24, in __call__
    return await self.inner(scope, receive, send)
           ^^^^^^^^^^^^^^^^^^^^^^^^^^^^^^^^^^^^^^
  File "D:\testplatformservice\testplatform\venv\Lib\site-packages\channels\routing.py", line 118, in __call__
    return await application(
           ^^^^^^^^^^^^^^^^^^
  File "D:\testplatformservice\testplatform\venv\Lib\site-packages\channels\consumer.py", line 95, in app
    return await consumer(scope, receive, send)
           ^^^^^^^^^^^^^^^^^^^^^^^^^^^^^^^^^^^^
  File "D:\testplatformservice\testplatform\venv\Lib\site-packages\channels\consumer.py", line 58, in __call__
    await await_many_dispatch(
  File "D:\testplatformservice\testplatform\venv\Lib\site-packages\channels\utils.py", line 57, in await_many_dispatch
    await task
redis.exceptions.ResponseError: unknown command 'BZPOPMIN'
[2026-07-06 10:39:31] ERROR [daphne.server:303] Exception inside application: unknown command 'BZPOPMIN'
Traceback (most recent call last):
  File "D:\testplatformservice\testplatform\venv\Lib\site-packages\channels\routing.py", line 48, in __call__
    return await application(scope, receive, send)
           ^^^^^^^^^^^^^^^^^^^^^^^^^^^^^^^^^^^^^^^
  File "D:\testplatformservice\testplatform\commons\ws\auth.py", line 28, in __call__
    return await super().__call__(scope, receive, send)
           ^^^^^^^^^^^^^^^^^^^^^^^^^^^^^^^^^^^^^^^^^^^^
  File "D:\testplatformservice\testplatform\venv\Lib\site-packages\channels\middleware.py", line 24, in __call__
    return await self.inner(scope, receive, send)
           ^^^^^^^^^^^^^^^^^^^^^^^^^^^^^^^^^^^^^^
  File "D:\testplatformservice\testplatform\venv\Lib\site-packages\channels\routing.py", line 118, in __call__
    return await application(
           ^^^^^^^^^^^^^^^^^^
  File "D:\testplatformservice\testplatform\venv\Lib\site-packages\channels\consumer.py", line 95, in app
    return await consumer(scope, receive, send)
           ^^^^^^^^^^^^^^^^^^^^^^^^^^^^^^^^^^^^
  File "D:\testplatformservice\testplatform\venv\Lib\site-packages\channels\consumer.py", line 58, in __call__
    await await_many_dispatch(
  File "D:\testplatformservice\testplatform\venv\Lib\site-packages\channels\utils.py", line 57, in await_many_dispatch
    await task
redis.exceptions.ResponseError: unknown command 'BZPOPMIN'
[2026-07-06 10:39:35] ERROR [daphne.server:303] Exception inside application: unknown command 'BZPOPMIN'
Traceback (most recent call last):
  File "D:\testplatformservice\testplatform\venv\Lib\site-packages\channels\routing.py", line 48, in __call__
    return await application(scope, receive, send)
           ^^^^^^^^^^^^^^^^^^^^^^^^^^^^^^^^^^^^^^^
  File "D:\testplatformservice\testplatform\commons\ws\auth.py", line 28, in __call__
    return await super().__call__(scope, receive, send)
           ^^^^^^^^^^^^^^^^^^^^^^^^^^^^^^^^^^^^^^^^^^^^
  File "D:\testplatformservice\testplatform\venv\Lib\site-packages\channels\middleware.py", line 24, in __call__
    return await self.inner(scope, receive, send)
           ^^^^^^^^^^^^^^^^^^^^^^^^^^^^^^^^^^^^^^
  File "D:\testplatformservice\testplatform\venv\Lib\site-packages\channels\routing.py", line 118, in __call__
    return await application(
           ^^^^^^^^^^^^^^^^^^
  File "D:\testplatformservice\testplatform\venv\Lib\site-packages\channels\consumer.py", line 95, in app
    return await consumer(scope, receive, send)
           ^^^^^^^^^^^^^^^^^^^^^^^^^^^^^^^^^^^^
  File "D:\testplatformservice\testplatform\venv\Lib\site-packages\channels\consumer.py", line 58, in __call__
    await await_many_dispatch(
  File "D:\testplatformservice\testplatform\venv\Lib\site-packages\channels\utils.py", line 57, in await_many_dispatch
    await task
redis.exceptions.ResponseError: unknown command 'BZPOPMIN'
[2026-07-06 10:39:39] ERROR [daphne.server:303] Exception inside application: unknown command 'BZPOPMIN'
Traceback (most recent call last):
  File "D:\testplatformservice\testplatform\venv\Lib\site-packages\channels\routing.py", line 48, in __call__
    return await application(scope, receive, send)
           ^^^^^^^^^^^^^^^^^^^^^^^^^^^^^^^^^^^^^^^
  File "D:\testplatformservice\testplatform\commons\ws\auth.py", line 28, in __call__
    return await super().__call__(scope, receive, send)
           ^^^^^^^^^^^^^^^^^^^^^^^^^^^^^^^^^^^^^^^^^^^^
  File "D:\testplatformservice\testplatform\venv\Lib\site-packages\channels\middleware.py", line 24, in __call__
    return await self.inner(scope, receive, send)
           ^^^^^^^^^^^^^^^^^^^^^^^^^^^^^^^^^^^^^^
  File "D:\testplatformservice\testplatform\venv\Lib\site-packages\channels\routing.py", line 118, in __call__
    return await application(
           ^^^^^^^^^^^^^^^^^^
  File "D:\testplatformservice\testplatform\venv\Lib\site-packages\channels\consumer.py", line 95, in app
    return await consumer(scope, receive, send)
           ^^^^^^^^^^^^^^^^^^^^^^^^^^^^^^^^^^^^
  File "D:\testplatformservice\testplatform\venv\Lib\site-packages\channels\consumer.py", line 58, in __call__
    await await_many_dispatch(
  File "D:\testplatformservice\testplatform\venv\Lib\site-packages\channels\utils.py", line 57, in await_many_dispatch
    await task
redis.exceptions.ResponseError: unknown command 'BZPOPMIN'
[2026-07-06 10:39:43] ERROR [daphne.server:303] Exception inside application: unknown command 'BZPOPMIN'
Traceback (most recent call last):
  File "D:\testplatformservice\testplatform\venv\Lib\site-packages\channels\routing.py", line 48, in __call__
    return await application(scope, receive, send)
           ^^^^^^^^^^^^^^^^^^^^^^^^^^^^^^^^^^^^^^^
  File "D:\testplatformservice\testplatform\commons\ws\auth.py", line 28, in __call__
    return await super().__call__(scope, receive, send)
           ^^^^^^^^^^^^^^^^^^^^^^^^^^^^^^^^^^^^^^^^^^^^
  File "D:\testplatformservice\testplatform\venv\Lib\site-packages\channels\middleware.py", line 24, in __call__
    return await self.inner(scope, receive, send)
           ^^^^^^^^^^^^^^^^^^^^^^^^^^^^^^^^^^^^^^
  File "D:\testplatformservice\testplatform\venv\Lib\site-packages\channels\routing.py", line 118, in __call__
    return await application(
           ^^^^^^^^^^^^^^^^^^
  File "D:\testplatformservice\testplatform\venv\Lib\site-packages\channels\consumer.py", line 95, in app
    return await consumer(scope, receive, send)
           ^^^^^^^^^^^^^^^^^^^^^^^^^^^^^^^^^^^^
  File "D:\testplatformservice\testplatform\venv\Lib\site-packages\channels\consumer.py", line 58, in __call__
    await await_many_dispatch(
  File "D:\testplatformservice\testplatform\venv\Lib\site-packages\channels\utils.py", line 57, in await_many_dispatch
    await task
redis.exceptions.ResponseError: unknown command 'BZPOPMIN'
[2026-07-06 10:39:47] ERROR [daphne.server:303] Exception inside application: unknown command 'BZPOPMIN'
Traceback (most recent call last):
  File "D:\testplatformservice\testplatform\venv\Lib\site-packages\channels\routing.py", line 48, in __call__
    return await application(scope, receive, send)
           ^^^^^^^^^^^^^^^^^^^^^^^^^^^^^^^^^^^^^^^
  File "D:\testplatformservice\testplatform\commons\ws\auth.py", line 28, in __call__
    return await super().__call__(scope, receive, send)
           ^^^^^^^^^^^^^^^^^^^^^^^^^^^^^^^^^^^^^^^^^^^^
  File "D:\testplatformservice\testplatform\venv\Lib\site-packages\channels\middleware.py", line 24, in __call__
    return await self.inner(scope, receive, send)
           ^^^^^^^^^^^^^^^^^^^^^^^^^^^^^^^^^^^^^^
  File "D:\testplatformservice\testplatform\venv\Lib\site-packages\channels\routing.py", line 118, in __call__
    return await application(
           ^^^^^^^^^^^^^^^^^^
  File "D:\testplatformservice\testplatform\venv\Lib\site-packages\channels\consumer.py", line 95, in app
    return await consumer(scope, receive, send)
           ^^^^^^^^^^^^^^^^^^^^^^^^^^^^^^^^^^^^
  File "D:\testplatformservice\testplatform\venv\Lib\site-packages\channels\consumer.py", line 58, in __call__
    await await_many_dispatch(
  File "D:\testplatformservice\testplatform\venv\Lib\site-packages\channels\utils.py", line 57, in await_many_dispatch
    await task
redis.exceptions.ResponseError: unknown command 'BZPOPMIN'
[2026-07-06 10:39:51] ERROR [daphne.server:303] Exception inside application: unknown command 'BZPOPMIN'
Traceback (most recent call last):
  File "D:\testplatformservice\testplatform\venv\Lib\site-packages\channels\routing.py", line 48, in __call__
    return await application(scope, receive, send)
           ^^^^^^^^^^^^^^^^^^^^^^^^^^^^^^^^^^^^^^^
  File "D:\testplatformservice\testplatform\commons\ws\auth.py", line 28, in __call__
    return await super().__call__(scope, receive, send)
           ^^^^^^^^^^^^^^^^^^^^^^^^^^^^^^^^^^^^^^^^^^^^
  File "D:\testplatformservice\testplatform\venv\Lib\site-packages\channels\middleware.py", line 24, in __call__
    return await self.inner(scope, receive, send)
           ^^^^^^^^^^^^^^^^^^^^^^^^^^^^^^^^^^^^^^
  File "D:\testplatformservice\testplatform\venv\Lib\site-packages\channels\routing.py", line 118, in __call__
    return await application(
           ^^^^^^^^^^^^^^^^^^
  File "D:\testplatformservice\testplatform\venv\Lib\site-packages\channels\consumer.py", line 95, in app
    return await consumer(scope, receive, send)
           ^^^^^^^^^^^^^^^^^^^^^^^^^^^^^^^^^^^^
  File "D:\testplatformservice\testplatform\venv\Lib\site-packages\channels\consumer.py", line 58, in __call__
    await await_many_dispatch(
  File "D:\testplatformservice\testplatform\venv\Lib\site-packages\channels\utils.py", line 57, in await_many_dispatch
    await task
redis.exceptions.ResponseError: unknown command 'BZPOPMIN'
[2026-07-06 10:39:55] ERROR [daphne.server:303] Exception inside application: unknown command 'BZPOPMIN'
Traceback (most recent call last):
  File "D:\testplatformservice\testplatform\venv\Lib\site-packages\channels\routing.py", line 48, in __call__
    return await application(scope, receive, send)
           ^^^^^^^^^^^^^^^^^^^^^^^^^^^^^^^^^^^^^^^
  File "D:\testplatformservice\testplatform\commons\ws\auth.py", line 28, in __call__
    return await super().__call__(scope, receive, send)
           ^^^^^^^^^^^^^^^^^^^^^^^^^^^^^^^^^^^^^^^^^^^^
  File "D:\testplatformservice\testplatform\venv\Lib\site-packages\channels\middleware.py", line 24, in __call__
    return await self.inner(scope, receive, send)
           ^^^^^^^^^^^^^^^^^^^^^^^^^^^^^^^^^^^^^^
  File "D:\testplatformservice\testplatform\venv\Lib\site-packages\channels\routing.py", line 118, in __call__
    return await application(
           ^^^^^^^^^^^^^^^^^^
  File "D:\testplatformservice\testplatform\venv\Lib\site-packages\channels\consumer.py", line 95, in app
    return await consumer(scope, receive, send)
           ^^^^^^^^^^^^^^^^^^^^^^^^^^^^^^^^^^^^
  File "D:\testplatformservice\testplatform\venv\Lib\site-packages\channels\consumer.py", line 58, in __call__
    await await_many_dispatch(
  File "D:\testplatformservice\testplatform\venv\Lib\site-packages\channels\utils.py", line 57, in await_many_dispatch
    await task
redis.exceptions.ResponseError: unknown command 'BZPOPMIN'
[2026-07-06 10:39:59] ERROR [daphne.server:303] Exception inside application: unknown command 'BZPOPMIN'
Traceback (most recent call last):
  File "D:\testplatformservice\testplatform\venv\Lib\site-packages\channels\routing.py", line 48, in __call__
    return await application(scope, receive, send)
           ^^^^^^^^^^^^^^^^^^^^^^^^^^^^^^^^^^^^^^^
  File "D:\testplatformservice\testplatform\commons\ws\auth.py", line 28, in __call__
    return await super().__call__(scope, receive, send)
           ^^^^^^^^^^^^^^^^^^^^^^^^^^^^^^^^^^^^^^^^^^^^
  File "D:\testplatformservice\testplatform\venv\Lib\site-packages\channels\middleware.py", line 24, in __call__
    return await self.inner(scope, receive, send)
           ^^^^^^^^^^^^^^^^^^^^^^^^^^^^^^^^^^^^^^
  File "D:\testplatformservice\testplatform\venv\Lib\site-packages\channels\routing.py", line 118, in __call__
    return await application(
           ^^^^^^^^^^^^^^^^^^
  File "D:\testplatformservice\testplatform\venv\Lib\site-packages\channels\consumer.py", line 95, in app
    return await consumer(scope, receive, send)
           ^^^^^^^^^^^^^^^^^^^^^^^^^^^^^^^^^^^^
  File "D:\testplatformservice\testplatform\venv\Lib\site-packages\channels\consumer.py", line 58, in __call__
    await await_many_dispatch(
  File "D:\testplatformservice\testplatform\venv\Lib\site-packages\channels\utils.py", line 57, in await_many_dispatch
    await task
redis.exceptions.ResponseError: unknown command 'BZPOPMIN'
[2026-07-06 10:40:03] ERROR [daphne.server:303] Exception inside application: unknown command 'BZPOPMIN'
Traceback (most recent call last):
  File "D:\testplatformservice\testplatform\venv\Lib\site-packages\channels\routing.py", line 48, in __call__
    return await application(scope, receive, send)
           ^^^^^^^^^^^^^^^^^^^^^^^^^^^^^^^^^^^^^^^
  File "D:\testplatformservice\testplatform\commons\ws\auth.py", line 28, in __call__
    return await super().__call__(scope, receive, send)
           ^^^^^^^^^^^^^^^^^^^^^^^^^^^^^^^^^^^^^^^^^^^^
  File "D:\testplatformservice\testplatform\venv\Lib\site-packages\channels\middleware.py", line 24, in __call__
    return await self.inner(scope, receive, send)
           ^^^^^^^^^^^^^^^^^^^^^^^^^^^^^^^^^^^^^^
  File "D:\testplatformservice\testplatform\venv\Lib\site-packages\channels\routing.py", line 118, in __call__
    return await application(
           ^^^^^^^^^^^^^^^^^^
  File "D:\testplatformservice\testplatform\venv\Lib\site-packages\channels\consumer.py", line 95, in app
    return await consumer(scope, receive, send)
           ^^^^^^^^^^^^^^^^^^^^^^^^^^^^^^^^^^^^
  File "D:\testplatformservice\testplatform\venv\Lib\site-packages\channels\consumer.py", line 58, in __call__
    await await_many_dispatch(
  File "D:\testplatformservice\testplatform\venv\Lib\site-packages\channels\utils.py", line 57, in await_many_dispatch
    await task
redis.exceptions.ResponseError: unknown command 'BZPOPMIN'
[2026-07-06 10:40:07] ERROR [daphne.server:303] Exception inside application: unknown command 'BZPOPMIN'
Traceback (most recent call last):
  File "D:\testplatformservice\testplatform\venv\Lib\site-packages\channels\routing.py", line 48, in __call__
    return await application(scope, receive, send)
           ^^^^^^^^^^^^^^^^^^^^^^^^^^^^^^^^^^^^^^^
  File "D:\testplatformservice\testplatform\commons\ws\auth.py", line 28, in __call__
    return await super().__call__(scope, receive, send)
           ^^^^^^^^^^^^^^^^^^^^^^^^^^^^^^^^^^^^^^^^^^^^
  File "D:\testplatformservice\testplatform\venv\Lib\site-packages\channels\middleware.py", line 24, in __call__
    return await self.inner(scope, receive, send)
           ^^^^^^^^^^^^^^^^^^^^^^^^^^^^^^^^^^^^^^
  File "D:\testplatformservice\testplatform\venv\Lib\site-packages\channels\routing.py", line 118, in __call__
    return await application(
           ^^^^^^^^^^^^^^^^^^
  File "D:\testplatformservice\testplatform\venv\Lib\site-packages\channels\consumer.py", line 95, in app
    return await consumer(scope, receive, send)
           ^^^^^^^^^^^^^^^^^^^^^^^^^^^^^^^^^^^^
  File "D:\testplatformservice\testplatform\venv\Lib\site-packages\channels\consumer.py", line 58, in __call__
    await await_many_dispatch(
  File "D:\testplatformservice\testplatform\venv\Lib\site-packages\channels\utils.py", line 57, in await_many_dispatch
    await task
redis.exceptions.ResponseError: unknown command 'BZPOPMIN'
[2026-07-06 10:40:11] ERROR [daphne.server:303] Exception inside application: unknown command 'BZPOPMIN'
Traceback (most recent call last):
  File "D:\testplatformservice\testplatform\venv\Lib\site-packages\channels\routing.py", line 48, in __call__
    return await application(scope, receive, send)
           ^^^^^^^^^^^^^^^^^^^^^^^^^^^^^^^^^^^^^^^
  File "D:\testplatformservice\testplatform\commons\ws\auth.py", line 28, in __call__
    return await super().__call__(scope, receive, send)
           ^^^^^^^^^^^^^^^^^^^^^^^^^^^^^^^^^^^^^^^^^^^^
  File "D:\testplatformservice\testplatform\venv\Lib\site-packages\channels\middleware.py", line 24, in __call__
    return await self.inner(scope, receive, send)
           ^^^^^^^^^^^^^^^^^^^^^^^^^^^^^^^^^^^^^^
  File "D:\testplatformservice\testplatform\venv\Lib\site-packages\channels\routing.py", line 118, in __call__
    return await application(
           ^^^^^^^^^^^^^^^^^^
  File "D:\testplatformservice\testplatform\venv\Lib\site-packages\channels\consumer.py", line 95, in app
    return await consumer(scope, receive, send)
           ^^^^^^^^^^^^^^^^^^^^^^^^^^^^^^^^^^^^
  File "D:\testplatformservice\testplatform\venv\Lib\site-packages\channels\consumer.py", line 58, in __call__
    await await_many_dispatch(
  File "D:\testplatformservice\testplatform\venv\Lib\site-packages\channels\utils.py", line 57, in await_many_dispatch
    await task
redis.exceptions.ResponseError: unknown command 'BZPOPMIN'
[2026-07-06 10:40:15] ERROR [daphne.server:303] Exception inside application: unknown command 'BZPOPMIN'
Traceback (most recent call last):
  File "D:\testplatformservice\testplatform\venv\Lib\site-packages\channels\routing.py", line 48, in __call__
    return await application(scope, receive, send)
           ^^^^^^^^^^^^^^^^^^^^^^^^^^^^^^^^^^^^^^^
  File "D:\testplatformservice\testplatform\commons\ws\auth.py", line 28, in __call__
    return await super().__call__(scope, receive, send)
           ^^^^^^^^^^^^^^^^^^^^^^^^^^^^^^^^^^^^^^^^^^^^
  File "D:\testplatformservice\testplatform\venv\Lib\site-packages\channels\middleware.py", line 24, in __call__
    return await self.inner(scope, receive, send)
           ^^^^^^^^^^^^^^^^^^^^^^^^^^^^^^^^^^^^^^
  File "D:\testplatformservice\testplatform\venv\Lib\site-packages\channels\routing.py", line 118, in __call__
    return await application(
           ^^^^^^^^^^^^^^^^^^
  File "D:\testplatformservice\testplatform\venv\Lib\site-packages\channels\consumer.py", line 95, in app
    return await consumer(scope, receive, send)
           ^^^^^^^^^^^^^^^^^^^^^^^^^^^^^^^^^^^^
  File "D:\testplatformservice\testplatform\venv\Lib\site-packages\channels\consumer.py", line 58, in __call__
    await await_many_dispatch(
  File "D:\testplatformservice\testplatform\venv\Lib\site-packages\channels\utils.py", line 57, in await_many_dispatch
    await task
redis.exceptions.ResponseError: unknown command 'BZPOPMIN'
[2026-07-06 10:40:20] ERROR [daphne.server:303] Exception inside application: unknown command 'BZPOPMIN'
Traceback (most recent call last):
  File "D:\testplatformservice\testplatform\venv\Lib\site-packages\channels\routing.py", line 48, in __call__
    return await application(scope, receive, send)
           ^^^^^^^^^^^^^^^^^^^^^^^^^^^^^^^^^^^^^^^
  File "D:\testplatformservice\testplatform\commons\ws\auth.py", line 28, in __call__
    return await super().__call__(scope, receive, send)
           ^^^^^^^^^^^^^^^^^^^^^^^^^^^^^^^^^^^^^^^^^^^^
  File "D:\testplatformservice\testplatform\venv\Lib\site-packages\channels\middleware.py", line 24, in __call__
    return await self.inner(scope, receive, send)
           ^^^^^^^^^^^^^^^^^^^^^^^^^^^^^^^^^^^^^^
  File "D:\testplatformservice\testplatform\venv\Lib\site-packages\channels\routing.py", line 118, in __call__
    return await application(
           ^^^^^^^^^^^^^^^^^^
  File "D:\testplatformservice\testplatform\venv\Lib\site-packages\channels\consumer.py", line 95, in app
    return await consumer(scope, receive, send)
           ^^^^^^^^^^^^^^^^^^^^^^^^^^^^^^^^^^^^
  File "D:\testplatformservice\testplatform\venv\Lib\site-packages\channels\consumer.py", line 58, in __call__
    await await_many_dispatch(
  File "D:\testplatformservice\testplatform\venv\Lib\site-packages\channels\utils.py", line 57, in await_many_dispatch
    await task
redis.exceptions.ResponseError: unknown command 'BZPOPMIN'
[2026-07-06 10:40:24] ERROR [daphne.server:303] Exception inside application: unknown command 'BZPOPMIN'
Traceback (most recent call last):
  File "D:\testplatformservice\testplatform\venv\Lib\site-packages\channels\routing.py", line 48, in __call__
    return await application(scope, receive, send)
           ^^^^^^^^^^^^^^^^^^^^^^^^^^^^^^^^^^^^^^^
  File "D:\testplatformservice\testplatform\commons\ws\auth.py", line 28, in __call__
    return await super().__call__(scope, receive, send)
           ^^^^^^^^^^^^^^^^^^^^^^^^^^^^^^^^^^^^^^^^^^^^
  File "D:\testplatformservice\testplatform\venv\Lib\site-packages\channels\middleware.py", line 24, in __call__
    return await self.inner(scope, receive, send)
           ^^^^^^^^^^^^^^^^^^^^^^^^^^^^^^^^^^^^^^
  File "D:\testplatformservice\testplatform\venv\Lib\site-packages\channels\routing.py", line 118, in __call__
    return await application(
           ^^^^^^^^^^^^^^^^^^
  File "D:\testplatformservice\testplatform\venv\Lib\site-packages\channels\consumer.py", line 95, in app
    return await consumer(scope, receive, send)
           ^^^^^^^^^^^^^^^^^^^^^^^^^^^^^^^^^^^^
  File "D:\testplatformservice\testplatform\venv\Lib\site-packages\channels\consumer.py", line 58, in __call__
    await await_many_dispatch(
  File "D:\testplatformservice\testplatform\venv\Lib\site-packages\channels\utils.py", line 57, in await_many_dispatch
    await task
redis.exceptions.ResponseError: unknown command 'BZPOPMIN'
[2026-07-06 10:40:28] ERROR [daphne.server:303] Exception inside application: unknown command 'BZPOPMIN'
Traceback (most recent call last):
  File "D:\testplatformservice\testplatform\venv\Lib\site-packages\channels\routing.py", line 48, in __call__
    return await application(scope, receive, send)
           ^^^^^^^^^^^^^^^^^^^^^^^^^^^^^^^^^^^^^^^
  File "D:\testplatformservice\testplatform\commons\ws\auth.py", line 28, in __call__
    return await super().__call__(scope, receive, send)
           ^^^^^^^^^^^^^^^^^^^^^^^^^^^^^^^^^^^^^^^^^^^^
  File "D:\testplatformservice\testplatform\venv\Lib\site-packages\channels\middleware.py", line 24, in __call__
    return await self.inner(scope, receive, send)
           ^^^^^^^^^^^^^^^^^^^^^^^^^^^^^^^^^^^^^^
  File "D:\testplatformservice\testplatform\venv\Lib\site-packages\channels\routing.py", line 118, in __call__
    return await application(
           ^^^^^^^^^^^^^^^^^^
  File "D:\testplatformservice\testplatform\venv\Lib\site-packages\channels\consumer.py", line 95, in app
    return await consumer(scope, receive, send)
           ^^^^^^^^^^^^^^^^^^^^^^^^^^^^^^^^^^^^
  File "D:\testplatformservice\testplatform\venv\Lib\site-packages\channels\consumer.py", line 58, in __call__
    await await_many_dispatch(
  File "D:\testplatformservice\testplatform\venv\Lib\site-packages\channels\utils.py", line 57, in await_many_dispatch
    await task
redis.exceptions.ResponseError: unknown command 'BZPOPMIN'
[2026-07-06 10:40:32] ERROR [daphne.server:303] Exception inside application: unknown command 'BZPOPMIN'
Traceback (most recent call last):
  File "D:\testplatformservice\testplatform\venv\Lib\site-packages\channels\routing.py", line 48, in __call__
    return await application(scope, receive, send)
           ^^^^^^^^^^^^^^^^^^^^^^^^^^^^^^^^^^^^^^^
  File "D:\testplatformservice\testplatform\commons\ws\auth.py", line 28, in __call__
    return await super().__call__(scope, receive, send)
           ^^^^^^^^^^^^^^^^^^^^^^^^^^^^^^^^^^^^^^^^^^^^
  File "D:\testplatformservice\testplatform\venv\Lib\site-packages\channels\middleware.py", line 24, in __call__
    return await self.inner(scope, receive, send)
           ^^^^^^^^^^^^^^^^^^^^^^^^^^^^^^^^^^^^^^
  File "D:\testplatformservice\testplatform\venv\Lib\site-packages\channels\routing.py", line 118, in __call__
    return await application(
           ^^^^^^^^^^^^^^^^^^
  File "D:\testplatformservice\testplatform\venv\Lib\site-packages\channels\consumer.py", line 95, in app
    return await consumer(scope, receive, send)
           ^^^^^^^^^^^^^^^^^^^^^^^^^^^^^^^^^^^^
  File "D:\testplatformservice\testplatform\venv\Lib\site-packages\channels\consumer.py", line 58, in __call__
    await await_many_dispatch(
  File "D:\testplatformservice\testplatform\venv\Lib\site-packages\channels\utils.py", line 57, in await_many_dispatch
    await task
redis.exceptions.ResponseError: unknown command 'BZPOPMIN'
[2026-07-06 10:40:36] ERROR [daphne.server:303] Exception inside application: unknown command 'BZPOPMIN'
Traceback (most recent call last):
  File "D:\testplatformservice\testplatform\venv\Lib\site-packages\channels\routing.py", line 48, in __call__
    return await application(scope, receive, send)
           ^^^^^^^^^^^^^^^^^^^^^^^^^^^^^^^^^^^^^^^
  File "D:\testplatformservice\testplatform\commons\ws\auth.py", line 28, in __call__
    return await super().__call__(scope, receive, send)
           ^^^^^^^^^^^^^^^^^^^^^^^^^^^^^^^^^^^^^^^^^^^^
  File "D:\testplatformservice\testplatform\venv\Lib\site-packages\channels\middleware.py", line 24, in __call__
    return await self.inner(scope, receive, send)
           ^^^^^^^^^^^^^^^^^^^^^^^^^^^^^^^^^^^^^^
  File "D:\testplatformservice\testplatform\venv\Lib\site-packages\channels\routing.py", line 118, in __call__
    return await application(
           ^^^^^^^^^^^^^^^^^^
  File "D:\testplatformservice\testplatform\venv\Lib\site-packages\channels\consumer.py", line 95, in app
    return await consumer(scope, receive, send)
           ^^^^^^^^^^^^^^^^^^^^^^^^^^^^^^^^^^^^
  File "D:\testplatformservice\testplatform\venv\Lib\site-packages\channels\consumer.py", line 58, in __call__
    await await_many_dispatch(
  File "D:\testplatformservice\testplatform\venv\Lib\site-packages\channels\utils.py", line 57, in await_many_dispatch
    await task
redis.exceptions.ResponseError: unknown command 'BZPOPMIN'
[2026-07-06 10:40:40] ERROR [daphne.server:303] Exception inside application: unknown command 'BZPOPMIN'
Traceback (most recent call last):
  File "D:\testplatformservice\testplatform\venv\Lib\site-packages\channels\routing.py", line 48, in __call__
    return await application(scope, receive, send)
           ^^^^^^^^^^^^^^^^^^^^^^^^^^^^^^^^^^^^^^^
  File "D:\testplatformservice\testplatform\commons\ws\auth.py", line 28, in __call__
    return await super().__call__(scope, receive, send)
           ^^^^^^^^^^^^^^^^^^^^^^^^^^^^^^^^^^^^^^^^^^^^
  File "D:\testplatformservice\testplatform\venv\Lib\site-packages\channels\middleware.py", line 24, in __call__
    return await self.inner(scope, receive, send)
           ^^^^^^^^^^^^^^^^^^^^^^^^^^^^^^^^^^^^^^
  File "D:\testplatformservice\testplatform\venv\Lib\site-packages\channels\routing.py", line 118, in __call__
    return await application(
           ^^^^^^^^^^^^^^^^^^
  File "D:\testplatformservice\testplatform\venv\Lib\site-packages\channels\consumer.py", line 95, in app
    return await consumer(scope, receive, send)
           ^^^^^^^^^^^^^^^^^^^^^^^^^^^^^^^^^^^^
  File "D:\testplatformservice\testplatform\venv\Lib\site-packages\channels\consumer.py", line 58, in __call__
    await await_many_dispatch(
  File "D:\testplatformservice\testplatform\venv\Lib\site-packages\channels\utils.py", line 57, in await_many_dispatch
    await task
redis.exceptions.ResponseError: unknown command 'BZPOPMIN'
[2026-07-06 10:40:44] ERROR [daphne.server:303] Exception inside application: unknown command 'BZPOPMIN'
Traceback (most recent call last):
  File "D:\testplatformservice\testplatform\venv\Lib\site-packages\channels\routing.py", line 48, in __call__
    return await application(scope, receive, send)
           ^^^^^^^^^^^^^^^^^^^^^^^^^^^^^^^^^^^^^^^
  File "D:\testplatformservice\testplatform\commons\ws\auth.py", line 28, in __call__
    return await super().__call__(scope, receive, send)
           ^^^^^^^^^^^^^^^^^^^^^^^^^^^^^^^^^^^^^^^^^^^^
  File "D:\testplatformservice\testplatform\venv\Lib\site-packages\channels\middleware.py", line 24, in __call__
    return await self.inner(scope, receive, send)
           ^^^^^^^^^^^^^^^^^^^^^^^^^^^^^^^^^^^^^^
  File "D:\testplatformservice\testplatform\venv\Lib\site-packages\channels\routing.py", line 118, in __call__
    return await application(
           ^^^^^^^^^^^^^^^^^^
  File "D:\testplatformservice\testplatform\venv\Lib\site-packages\channels\consumer.py", line 95, in app
    return await consumer(scope, receive, send)
           ^^^^^^^^^^^^^^^^^^^^^^^^^^^^^^^^^^^^
  File "D:\testplatformservice\testplatform\venv\Lib\site-packages\channels\consumer.py", line 58, in __call__
    await await_many_dispatch(
  File "D:\testplatformservice\testplatform\venv\Lib\site-packages\channels\utils.py", line 57, in await_many_dispatch
    await task
redis.exceptions.ResponseError: unknown command 'BZPOPMIN'
[2026-07-06 10:40:48] ERROR [daphne.server:303] Exception inside application: unknown command 'BZPOPMIN'
Traceback (most recent call last):
  File "D:\testplatformservice\testplatform\venv\Lib\site-packages\channels\routing.py", line 48, in __call__
    return await application(scope, receive, send)
           ^^^^^^^^^^^^^^^^^^^^^^^^^^^^^^^^^^^^^^^
  File "D:\testplatformservice\testplatform\commons\ws\auth.py", line 28, in __call__
    return await super().__call__(scope, receive, send)
           ^^^^^^^^^^^^^^^^^^^^^^^^^^^^^^^^^^^^^^^^^^^^
  File "D:\testplatformservice\testplatform\venv\Lib\site-packages\channels\middleware.py", line 24, in __call__
    return await self.inner(scope, receive, send)
           ^^^^^^^^^^^^^^^^^^^^^^^^^^^^^^^^^^^^^^
  File "D:\testplatformservice\testplatform\venv\Lib\site-packages\channels\routing.py", line 118, in __call__
    return await application(
           ^^^^^^^^^^^^^^^^^^
  File "D:\testplatformservice\testplatform\venv\Lib\site-packages\channels\consumer.py", line 95, in app
    return await consumer(scope, receive, send)
           ^^^^^^^^^^^^^^^^^^^^^^^^^^^^^^^^^^^^
  File "D:\testplatformservice\testplatform\venv\Lib\site-packages\channels\consumer.py", line 58, in __call__
    await await_many_dispatch(
  File "D:\testplatformservice\testplatform\venv\Lib\site-packages\channels\utils.py", line 57, in await_many_dispatch
    await task
redis.exceptions.ResponseError: unknown command 'BZPOPMIN'
[2026-07-06 10:40:52] ERROR [daphne.server:303] Exception inside application: unknown command 'BZPOPMIN'
Traceback (most recent call last):
  File "D:\testplatformservice\testplatform\venv\Lib\site-packages\channels\routing.py", line 48, in __call__
    return await application(scope, receive, send)
           ^^^^^^^^^^^^^^^^^^^^^^^^^^^^^^^^^^^^^^^
  File "D:\testplatformservice\testplatform\commons\ws\auth.py", line 28, in __call__
    return await super().__call__(scope, receive, send)
           ^^^^^^^^^^^^^^^^^^^^^^^^^^^^^^^^^^^^^^^^^^^^
  File "D:\testplatformservice\testplatform\venv\Lib\site-packages\channels\middleware.py", line 24, in __call__
    return await self.inner(scope, receive, send)
           ^^^^^^^^^^^^^^^^^^^^^^^^^^^^^^^^^^^^^^
  File "D:\testplatformservice\testplatform\venv\Lib\site-packages\channels\routing.py", line 118, in __call__
    return await application(
           ^^^^^^^^^^^^^^^^^^
  File "D:\testplatformservice\testplatform\venv\Lib\site-packages\channels\consumer.py", line 95, in app
    return await consumer(scope, receive, send)
           ^^^^^^^^^^^^^^^^^^^^^^^^^^^^^^^^^^^^
  File "D:\testplatformservice\testplatform\venv\Lib\site-packages\channels\consumer.py", line 58, in __call__
    await await_many_dispatch(
  File "D:\testplatformservice\testplatform\venv\Lib\site-packages\channels\utils.py", line 57, in await_many_dispatch
    await task
redis.exceptions.ResponseError: unknown command 'BZPOPMIN'
[2026-07-06 10:40:56] ERROR [daphne.server:303] Exception inside application: unknown command 'BZPOPMIN'
Traceback (most recent call last):
  File "D:\testplatformservice\testplatform\venv\Lib\site-packages\channels\routing.py", line 48, in __call__
    return await application(scope, receive, send)
           ^^^^^^^^^^^^^^^^^^^^^^^^^^^^^^^^^^^^^^^
  File "D:\testplatformservice\testplatform\commons\ws\auth.py", line 28, in __call__
    return await super().__call__(scope, receive, send)
           ^^^^^^^^^^^^^^^^^^^^^^^^^^^^^^^^^^^^^^^^^^^^
  File "D:\testplatformservice\testplatform\venv\Lib\site-packages\channels\middleware.py", line 24, in __call__
    return await self.inner(scope, receive, send)
           ^^^^^^^^^^^^^^^^^^^^^^^^^^^^^^^^^^^^^^
  File "D:\testplatformservice\testplatform\venv\Lib\site-packages\channels\routing.py", line 118, in __call__
    return await application(
           ^^^^^^^^^^^^^^^^^^
  File "D:\testplatformservice\testplatform\venv\Lib\site-packages\channels\consumer.py", line 95, in app
    return await consumer(scope, receive, send)
           ^^^^^^^^^^^^^^^^^^^^^^^^^^^^^^^^^^^^
  File "D:\testplatformservice\testplatform\venv\Lib\site-packages\channels\consumer.py", line 58, in __call__
    await await_many_dispatch(
  File "D:\testplatformservice\testplatform\venv\Lib\site-packages\channels\utils.py", line 57, in await_many_dispatch
    await task
redis.exceptions.ResponseError: unknown command 'BZPOPMIN'
[2026-07-06 10:41:00] ERROR [daphne.server:303] Exception inside application: unknown command 'BZPOPMIN'
Traceback (most recent call last):
  File "D:\testplatformservice\testplatform\venv\Lib\site-packages\channels\routing.py", line 48, in __call__
    return await application(scope, receive, send)
           ^^^^^^^^^^^^^^^^^^^^^^^^^^^^^^^^^^^^^^^
  File "D:\testplatformservice\testplatform\commons\ws\auth.py", line 28, in __call__
    return await super().__call__(scope, receive, send)
           ^^^^^^^^^^^^^^^^^^^^^^^^^^^^^^^^^^^^^^^^^^^^
  File "D:\testplatformservice\testplatform\venv\Lib\site-packages\channels\middleware.py", line 24, in __call__
    return await self.inner(scope, receive, send)
           ^^^^^^^^^^^^^^^^^^^^^^^^^^^^^^^^^^^^^^
  File "D:\testplatformservice\testplatform\venv\Lib\site-packages\channels\routing.py", line 118, in __call__
    return await application(
           ^^^^^^^^^^^^^^^^^^
  File "D:\testplatformservice\testplatform\venv\Lib\site-packages\channels\consumer.py", line 95, in app
    return await consumer(scope, receive, send)
           ^^^^^^^^^^^^^^^^^^^^^^^^^^^^^^^^^^^^
  File "D:\testplatformservice\testplatform\venv\Lib\site-packages\channels\consumer.py", line 58, in __call__
    await await_many_dispatch(
  File "D:\testplatformservice\testplatform\venv\Lib\site-packages\channels\utils.py", line 57, in await_many_dispatch
    await task
redis.exceptions.ResponseError: unknown command 'BZPOPMIN'
[2026-07-06 10:41:04] ERROR [daphne.server:303] Exception inside application: unknown command 'BZPOPMIN'
Traceback (most recent call last):
  File "D:\testplatformservice\testplatform\venv\Lib\site-packages\channels\routing.py", line 48, in __call__
    return await application(scope, receive, send)
           ^^^^^^^^^^^^^^^^^^^^^^^^^^^^^^^^^^^^^^^
  File "D:\testplatformservice\testplatform\commons\ws\auth.py", line 28, in __call__
    return await super().__call__(scope, receive, send)
           ^^^^^^^^^^^^^^^^^^^^^^^^^^^^^^^^^^^^^^^^^^^^
  File "D:\testplatformservice\testplatform\venv\Lib\site-packages\channels\middleware.py", line 24, in __call__
    return await self.inner(scope, receive, send)
           ^^^^^^^^^^^^^^^^^^^^^^^^^^^^^^^^^^^^^^
  File "D:\testplatformservice\testplatform\venv\Lib\site-packages\channels\routing.py", line 118, in __call__
    return await application(
           ^^^^^^^^^^^^^^^^^^
  File "D:\testplatformservice\testplatform\venv\Lib\site-packages\channels\consumer.py", line 95, in app
    return await consumer(scope, receive, send)
           ^^^^^^^^^^^^^^^^^^^^^^^^^^^^^^^^^^^^
  File "D:\testplatformservice\testplatform\venv\Lib\site-packages\channels\consumer.py", line 58, in __call__
    await await_many_dispatch(
  File "D:\testplatformservice\testplatform\venv\Lib\site-packages\channels\utils.py", line 57, in await_many_dispatch
    await task
redis.exceptions.ResponseError: unknown command 'BZPOPMIN'
[2026-07-06 10:41:08] ERROR [daphne.server:303] Exception inside application: unknown command 'BZPOPMIN'
Traceback (most recent call last):
  File "D:\testplatformservice\testplatform\venv\Lib\site-packages\channels\routing.py", line 48, in __call__
    return await application(scope, receive, send)
           ^^^^^^^^^^^^^^^^^^^^^^^^^^^^^^^^^^^^^^^
  File "D:\testplatformservice\testplatform\commons\ws\auth.py", line 28, in __call__
    return await super().__call__(scope, receive, send)
           ^^^^^^^^^^^^^^^^^^^^^^^^^^^^^^^^^^^^^^^^^^^^
  File "D:\testplatformservice\testplatform\venv\Lib\site-packages\channels\middleware.py", line 24, in __call__
    return await self.inner(scope, receive, send)
           ^^^^^^^^^^^^^^^^^^^^^^^^^^^^^^^^^^^^^^
  File "D:\testplatformservice\testplatform\venv\Lib\site-packages\channels\routing.py", line 118, in __call__
    return await application(
           ^^^^^^^^^^^^^^^^^^
  File "D:\testplatformservice\testplatform\venv\Lib\site-packages\channels\consumer.py", line 95, in app
    return await consumer(scope, receive, send)
           ^^^^^^^^^^^^^^^^^^^^^^^^^^^^^^^^^^^^
  File "D:\testplatformservice\testplatform\venv\Lib\site-packages\channels\consumer.py", line 58, in __call__
    await await_many_dispatch(
  File "D:\testplatformservice\testplatform\venv\Lib\site-packages\channels\utils.py", line 57, in await_many_dispatch
    await task
redis.exceptions.ResponseError: unknown command 'BZPOPMIN'
[2026-07-06 10:41:12] ERROR [daphne.server:303] Exception inside application: unknown command 'BZPOPMIN'
Traceback (most recent call last):
  File "D:\testplatformservice\testplatform\venv\Lib\site-packages\channels\routing.py", line 48, in __call__
    return await application(scope, receive, send)
           ^^^^^^^^^^^^^^^^^^^^^^^^^^^^^^^^^^^^^^^
  File "D:\testplatformservice\testplatform\commons\ws\auth.py", line 28, in __call__
    return await super().__call__(scope, receive, send)
           ^^^^^^^^^^^^^^^^^^^^^^^^^^^^^^^^^^^^^^^^^^^^
  File "D:\testplatformservice\testplatform\venv\Lib\site-packages\channels\middleware.py", line 24, in __call__
    return await self.inner(scope, receive, send)
           ^^^^^^^^^^^^^^^^^^^^^^^^^^^^^^^^^^^^^^
  File "D:\testplatformservice\testplatform\venv\Lib\site-packages\channels\routing.py", line 118, in __call__
    return await application(
           ^^^^^^^^^^^^^^^^^^
  File "D:\testplatformservice\testplatform\venv\Lib\site-packages\channels\consumer.py", line 95, in app
    return await consumer(scope, receive, send)
           ^^^^^^^^^^^^^^^^^^^^^^^^^^^^^^^^^^^^
  File "D:\testplatformservice\testplatform\venv\Lib\site-packages\channels\consumer.py", line 58, in __call__
    await await_many_dispatch(
  File "D:\testplatformservice\testplatform\venv\Lib\site-packages\channels\utils.py", line 57, in await_many_dispatch
    await task
redis.exceptions.ResponseError: unknown command 'BZPOPMIN'
[2026-07-06 10:41:16] ERROR [daphne.server:303] Exception inside application: unknown command 'BZPOPMIN'
Traceback (most recent call last):
  File "D:\testplatformservice\testplatform\venv\Lib\site-packages\channels\routing.py", line 48, in __call__
    return await application(scope, receive, send)
           ^^^^^^^^^^^^^^^^^^^^^^^^^^^^^^^^^^^^^^^
  File "D:\testplatformservice\testplatform\commons\ws\auth.py", line 28, in __call__
    return await super().__call__(scope, receive, send)
           ^^^^^^^^^^^^^^^^^^^^^^^^^^^^^^^^^^^^^^^^^^^^
  File "D:\testplatformservice\testplatform\venv\Lib\site-packages\channels\middleware.py", line 24, in __call__
    return await self.inner(scope, receive, send)
           ^^^^^^^^^^^^^^^^^^^^^^^^^^^^^^^^^^^^^^
  File "D:\testplatformservice\testplatform\venv\Lib\site-packages\channels\routing.py", line 118, in __call__
    return await application(
           ^^^^^^^^^^^^^^^^^^
  File "D:\testplatformservice\testplatform\venv\Lib\site-packages\channels\consumer.py", line 95, in app
    return await consumer(scope, receive, send)
           ^^^^^^^^^^^^^^^^^^^^^^^^^^^^^^^^^^^^
  File "D:\testplatformservice\testplatform\venv\Lib\site-packages\channels\consumer.py", line 58, in __call__
    await await_many_dispatch(
  File "D:\testplatformservice\testplatform\venv\Lib\site-packages\channels\utils.py", line 57, in await_many_dispatch
    await task
redis.exceptions.ResponseError: unknown command 'BZPOPMIN'
[2026-07-06 10:41:20] ERROR [daphne.server:303] Exception inside application: unknown command 'BZPOPMIN'
Traceback (most recent call last):
  File "D:\testplatformservice\testplatform\venv\Lib\site-packages\channels\routing.py", line 48, in __call__
    return await application(scope, receive, send)
           ^^^^^^^^^^^^^^^^^^^^^^^^^^^^^^^^^^^^^^^
  File "D:\testplatformservice\testplatform\commons\ws\auth.py", line 28, in __call__
    return await super().__call__(scope, receive, send)
           ^^^^^^^^^^^^^^^^^^^^^^^^^^^^^^^^^^^^^^^^^^^^
  File "D:\testplatformservice\testplatform\venv\Lib\site-packages\channels\middleware.py", line 24, in __call__
    return await self.inner(scope, receive, send)
           ^^^^^^^^^^^^^^^^^^^^^^^^^^^^^^^^^^^^^^
  File "D:\testplatformservice\testplatform\venv\Lib\site-packages\channels\routing.py", line 118, in __call__
    return await application(
           ^^^^^^^^^^^^^^^^^^
  File "D:\testplatformservice\testplatform\venv\Lib\site-packages\channels\consumer.py", line 95, in app
    return await consumer(scope, receive, send)
           ^^^^^^^^^^^^^^^^^^^^^^^^^^^^^^^^^^^^
  File "D:\testplatformservice\testplatform\venv\Lib\site-packages\channels\consumer.py", line 58, in __call__
    await await_many_dispatch(
  File "D:\testplatformservice\testplatform\venv\Lib\site-packages\channels\utils.py", line 57, in await_many_dispatch
    await task
redis.exceptions.ResponseError: unknown command 'BZPOPMIN'
[2026-07-06 10:41:24] ERROR [daphne.server:303] Exception inside application: unknown command 'BZPOPMIN'
Traceback (most recent call last):
  File "D:\testplatformservice\testplatform\venv\Lib\site-packages\channels\routing.py", line 48, in __call__
    return await application(scope, receive, send)
           ^^^^^^^^^^^^^^^^^^^^^^^^^^^^^^^^^^^^^^^
  File "D:\testplatformservice\testplatform\commons\ws\auth.py", line 28, in __call__
    return await super().__call__(scope, receive, send)
           ^^^^^^^^^^^^^^^^^^^^^^^^^^^^^^^^^^^^^^^^^^^^
  File "D:\testplatformservice\testplatform\venv\Lib\site-packages\channels\middleware.py", line 24, in __call__
    return await self.inner(scope, receive, send)
           ^^^^^^^^^^^^^^^^^^^^^^^^^^^^^^^^^^^^^^
  File "D:\testplatformservice\testplatform\venv\Lib\site-packages\channels\routing.py", line 118, in __call__
    return await application(
           ^^^^^^^^^^^^^^^^^^
  File "D:\testplatformservice\testplatform\venv\Lib\site-packages\channels\consumer.py", line 95, in app
    return await consumer(scope, receive, send)
           ^^^^^^^^^^^^^^^^^^^^^^^^^^^^^^^^^^^^
  File "D:\testplatformservice\testplatform\venv\Lib\site-packages\channels\consumer.py", line 58, in __call__
    await await_many_dispatch(
  File "D:\testplatformservice\testplatform\venv\Lib\site-packages\channels\utils.py", line 57, in await_many_dispatch
    await task
redis.exceptions.ResponseError: unknown command 'BZPOPMIN'
[2026-07-06 10:41:28] ERROR [daphne.server:303] Exception inside application: unknown command 'BZPOPMIN'
Traceback (most recent call last):
  File "D:\testplatformservice\testplatform\venv\Lib\site-packages\channels\routing.py", line 48, in __call__
    return await application(scope, receive, send)
           ^^^^^^^^^^^^^^^^^^^^^^^^^^^^^^^^^^^^^^^
  File "D:\testplatformservice\testplatform\commons\ws\auth.py", line 28, in __call__
    return await super().__call__(scope, receive, send)
           ^^^^^^^^^^^^^^^^^^^^^^^^^^^^^^^^^^^^^^^^^^^^
  File "D:\testplatformservice\testplatform\venv\Lib\site-packages\channels\middleware.py", line 24, in __call__
    return await self.inner(scope, receive, send)
           ^^^^^^^^^^^^^^^^^^^^^^^^^^^^^^^^^^^^^^
  File "D:\testplatformservice\testplatform\venv\Lib\site-packages\channels\routing.py", line 118, in __call__
    return await application(
           ^^^^^^^^^^^^^^^^^^
  File "D:\testplatformservice\testplatform\venv\Lib\site-packages\channels\consumer.py", line 95, in app
    return await consumer(scope, receive, send)
           ^^^^^^^^^^^^^^^^^^^^^^^^^^^^^^^^^^^^
  File "D:\testplatformservice\testplatform\venv\Lib\site-packages\channels\consumer.py", line 58, in __call__
    await await_many_dispatch(
  File "D:\testplatformservice\testplatform\venv\Lib\site-packages\channels\utils.py", line 57, in await_many_dispatch
    await task
redis.exceptions.ResponseError: unknown command 'BZPOPMIN'
[2026-07-06 10:41:32] ERROR [daphne.server:303] Exception inside application: unknown command 'BZPOPMIN'
Traceback (most recent call last):
  File "D:\testplatformservice\testplatform\venv\Lib\site-packages\channels\routing.py", line 48, in __call__
    return await application(scope, receive, send)
           ^^^^^^^^^^^^^^^^^^^^^^^^^^^^^^^^^^^^^^^
  File "D:\testplatformservice\testplatform\commons\ws\auth.py", line 28, in __call__
    return await super().__call__(scope, receive, send)
           ^^^^^^^^^^^^^^^^^^^^^^^^^^^^^^^^^^^^^^^^^^^^
  File "D:\testplatformservice\testplatform\venv\Lib\site-packages\channels\middleware.py", line 24, in __call__
    return await self.inner(scope, receive, send)
           ^^^^^^^^^^^^^^^^^^^^^^^^^^^^^^^^^^^^^^
  File "D:\testplatformservice\testplatform\venv\Lib\site-packages\channels\routing.py", line 118, in __call__
    return await application(
           ^^^^^^^^^^^^^^^^^^
  File "D:\testplatformservice\testplatform\venv\Lib\site-packages\channels\consumer.py", line 95, in app
    return await consumer(scope, receive, send)
           ^^^^^^^^^^^^^^^^^^^^^^^^^^^^^^^^^^^^
  File "D:\testplatformservice\testplatform\venv\Lib\site-packages\channels\consumer.py", line 58, in __call__
    await await_many_dispatch(
  File "D:\testplatformservice\testplatform\venv\Lib\site-packages\channels\utils.py", line 57, in await_many_dispatch
    await task
redis.exceptions.ResponseError: unknown command 'BZPOPMIN'
[2026-07-06 10:41:36] ERROR [daphne.server:303] Exception inside application: unknown command 'BZPOPMIN'
Traceback (most recent call last):
  File "D:\testplatformservice\testplatform\venv\Lib\site-packages\channels\routing.py", line 48, in __call__
    return await application(scope, receive, send)
           ^^^^^^^^^^^^^^^^^^^^^^^^^^^^^^^^^^^^^^^
  File "D:\testplatformservice\testplatform\commons\ws\auth.py", line 28, in __call__
    return await super().__call__(scope, receive, send)
           ^^^^^^^^^^^^^^^^^^^^^^^^^^^^^^^^^^^^^^^^^^^^
  File "D:\testplatformservice\testplatform\venv\Lib\site-packages\channels\middleware.py", line 24, in __call__
    return await self.inner(scope, receive, send)
           ^^^^^^^^^^^^^^^^^^^^^^^^^^^^^^^^^^^^^^
  File "D:\testplatformservice\testplatform\venv\Lib\site-packages\channels\routing.py", line 118, in __call__
    return await application(
           ^^^^^^^^^^^^^^^^^^
  File "D:\testplatformservice\testplatform\venv\Lib\site-packages\channels\consumer.py", line 95, in app
    return await consumer(scope, receive, send)
           ^^^^^^^^^^^^^^^^^^^^^^^^^^^^^^^^^^^^
  File "D:\testplatformservice\testplatform\venv\Lib\site-packages\channels\consumer.py", line 58, in __call__
    await await_many_dispatch(
  File "D:\testplatformservice\testplatform\venv\Lib\site-packages\channels\utils.py", line 57, in await_many_dispatch
    await task
redis.exceptions.ResponseError: unknown command 'BZPOPMIN'
[2026-07-06 10:41:40] ERROR [daphne.server:303] Exception inside application: unknown command 'BZPOPMIN'
Traceback (most recent call last):
  File "D:\testplatformservice\testplatform\venv\Lib\site-packages\channels\routing.py", line 48, in __call__
    return await application(scope, receive, send)
           ^^^^^^^^^^^^^^^^^^^^^^^^^^^^^^^^^^^^^^^
  File "D:\testplatformservice\testplatform\commons\ws\auth.py", line 28, in __call__
    return await super().__call__(scope, receive, send)
           ^^^^^^^^^^^^^^^^^^^^^^^^^^^^^^^^^^^^^^^^^^^^
  File "D:\testplatformservice\testplatform\venv\Lib\site-packages\channels\middleware.py", line 24, in __call__
    return await self.inner(scope, receive, send)
           ^^^^^^^^^^^^^^^^^^^^^^^^^^^^^^^^^^^^^^
  File "D:\testplatformservice\testplatform\venv\Lib\site-packages\channels\routing.py", line 118, in __call__
    return await application(
           ^^^^^^^^^^^^^^^^^^
  File "D:\testplatformservice\testplatform\venv\Lib\site-packages\channels\consumer.py", line 95, in app
    return await consumer(scope, receive, send)
           ^^^^^^^^^^^^^^^^^^^^^^^^^^^^^^^^^^^^
  File "D:\testplatformservice\testplatform\venv\Lib\site-packages\channels\consumer.py", line 58, in __call__
    await await_many_dispatch(
  File "D:\testplatformservice\testplatform\venv\Lib\site-packages\channels\utils.py", line 57, in await_many_dispatch
    await task
redis.exceptions.ResponseError: unknown command 'BZPOPMIN'
[2026-07-06 10:41:44] ERROR [daphne.server:303] Exception inside application: unknown command 'BZPOPMIN'
Traceback (most recent call last):
  File "D:\testplatformservice\testplatform\venv\Lib\site-packages\channels\routing.py", line 48, in __call__
    return await application(scope, receive, send)
           ^^^^^^^^^^^^^^^^^^^^^^^^^^^^^^^^^^^^^^^
  File "D:\testplatformservice\testplatform\commons\ws\auth.py", line 28, in __call__
    return await super().__call__(scope, receive, send)
           ^^^^^^^^^^^^^^^^^^^^^^^^^^^^^^^^^^^^^^^^^^^^
  File "D:\testplatformservice\testplatform\venv\Lib\site-packages\channels\middleware.py", line 24, in __call__
    return await self.inner(scope, receive, send)
           ^^^^^^^^^^^^^^^^^^^^^^^^^^^^^^^^^^^^^^
  File "D:\testplatformservice\testplatform\venv\Lib\site-packages\channels\routing.py", line 118, in __call__
    return await application(
           ^^^^^^^^^^^^^^^^^^
  File "D:\testplatformservice\testplatform\venv\Lib\site-packages\channels\consumer.py", line 95, in app
    return await consumer(scope, receive, send)
           ^^^^^^^^^^^^^^^^^^^^^^^^^^^^^^^^^^^^
  File "D:\testplatformservice\testplatform\venv\Lib\site-packages\channels\consumer.py", line 58, in __call__
    await await_many_dispatch(
  File "D:\testplatformservice\testplatform\venv\Lib\site-packages\channels\utils.py", line 57, in await_many_dispatch
    await task
redis.exceptions.ResponseError: unknown command 'BZPOPMIN'
[2026-07-06 10:41:48] ERROR [daphne.server:303] Exception inside application: unknown command 'BZPOPMIN'
Traceback (most recent call last):
  File "D:\testplatformservice\testplatform\venv\Lib\site-packages\channels\routing.py", line 48, in __call__
    return await application(scope, receive, send)
           ^^^^^^^^^^^^^^^^^^^^^^^^^^^^^^^^^^^^^^^
  File "D:\testplatformservice\testplatform\commons\ws\auth.py", line 28, in __call__
    return await super().__call__(scope, receive, send)
           ^^^^^^^^^^^^^^^^^^^^^^^^^^^^^^^^^^^^^^^^^^^^
  File "D:\testplatformservice\testplatform\venv\Lib\site-packages\channels\middleware.py", line 24, in __call__
    return await self.inner(scope, receive, send)
           ^^^^^^^^^^^^^^^^^^^^^^^^^^^^^^^^^^^^^^
  File "D:\testplatformservice\testplatform\venv\Lib\site-packages\channels\routing.py", line 118, in __call__
    return await application(
           ^^^^^^^^^^^^^^^^^^
  File "D:\testplatformservice\testplatform\venv\Lib\site-packages\channels\consumer.py", line 95, in app
    return await consumer(scope, receive, send)
           ^^^^^^^^^^^^^^^^^^^^^^^^^^^^^^^^^^^^
  File "D:\testplatformservice\testplatform\venv\Lib\site-packages\channels\consumer.py", line 58, in __call__
    await await_many_dispatch(
  File "D:\testplatformservice\testplatform\venv\Lib\site-packages\channels\utils.py", line 57, in await_many_dispatch
    await task
redis.exceptions.ResponseError: unknown command 'BZPOPMIN'
[2026-07-06 10:41:52] ERROR [daphne.server:303] Exception inside application: unknown command 'BZPOPMIN'
Traceback (most recent call last):
  File "D:\testplatformservice\testplatform\venv\Lib\site-packages\channels\routing.py", line 48, in __call__
    return await application(scope, receive, send)
           ^^^^^^^^^^^^^^^^^^^^^^^^^^^^^^^^^^^^^^^
  File "D:\testplatformservice\testplatform\commons\ws\auth.py", line 28, in __call__
    return await super().__call__(scope, receive, send)
           ^^^^^^^^^^^^^^^^^^^^^^^^^^^^^^^^^^^^^^^^^^^^
  File "D:\testplatformservice\testplatform\venv\Lib\site-packages\channels\middleware.py", line 24, in __call__
    return await self.inner(scope, receive, send)
           ^^^^^^^^^^^^^^^^^^^^^^^^^^^^^^^^^^^^^^
  File "D:\testplatformservice\testplatform\venv\Lib\site-packages\channels\routing.py", line 118, in __call__
    return await application(
           ^^^^^^^^^^^^^^^^^^
  File "D:\testplatformservice\testplatform\venv\Lib\site-packages\channels\consumer.py", line 95, in app
    return await consumer(scope, receive, send)
           ^^^^^^^^^^^^^^^^^^^^^^^^^^^^^^^^^^^^
  File "D:\testplatformservice\testplatform\venv\Lib\site-packages\channels\consumer.py", line 58, in __call__
    await await_many_dispatch(
  File "D:\testplatformservice\testplatform\venv\Lib\site-packages\channels\utils.py", line 57, in await_many_dispatch
    await task
redis.exceptions.ResponseError: unknown command 'BZPOPMIN'
[2026-07-06 10:41:56] ERROR [daphne.server:303] Exception inside application: unknown command 'BZPOPMIN'
Traceback (most recent call last):
  File "D:\testplatformservice\testplatform\venv\Lib\site-packages\channels\routing.py", line 48, in __call__
    return await application(scope, receive, send)
           ^^^^^^^^^^^^^^^^^^^^^^^^^^^^^^^^^^^^^^^
  File "D:\testplatformservice\testplatform\commons\ws\auth.py", line 28, in __call__
    return await super().__call__(scope, receive, send)
           ^^^^^^^^^^^^^^^^^^^^^^^^^^^^^^^^^^^^^^^^^^^^
  File "D:\testplatformservice\testplatform\venv\Lib\site-packages\channels\middleware.py", line 24, in __call__
    return await self.inner(scope, receive, send)
           ^^^^^^^^^^^^^^^^^^^^^^^^^^^^^^^^^^^^^^
  File "D:\testplatformservice\testplatform\venv\Lib\site-packages\channels\routing.py", line 118, in __call__
    return await application(
           ^^^^^^^^^^^^^^^^^^
  File "D:\testplatformservice\testplatform\venv\Lib\site-packages\channels\consumer.py", line 95, in app
    return await consumer(scope, receive, send)
           ^^^^^^^^^^^^^^^^^^^^^^^^^^^^^^^^^^^^
  File "D:\testplatformservice\testplatform\venv\Lib\site-packages\channels\consumer.py", line 58, in __call__
    await await_many_dispatch(
  File "D:\testplatformservice\testplatform\venv\Lib\site-packages\channels\utils.py", line 57, in await_many_dispatch
    await task
redis.exceptions.ResponseError: unknown command 'BZPOPMIN'
[2026-07-06 10:42:00] ERROR [daphne.server:303] Exception inside application: unknown command 'BZPOPMIN'
Traceback (most recent call last):
  File "D:\testplatformservice\testplatform\venv\Lib\site-packages\channels\routing.py", line 48, in __call__
    return await application(scope, receive, send)
           ^^^^^^^^^^^^^^^^^^^^^^^^^^^^^^^^^^^^^^^
  File "D:\testplatformservice\testplatform\commons\ws\auth.py", line 28, in __call__
    return await super().__call__(scope, receive, send)
           ^^^^^^^^^^^^^^^^^^^^^^^^^^^^^^^^^^^^^^^^^^^^
  File "D:\testplatformservice\testplatform\venv\Lib\site-packages\channels\middleware.py", line 24, in __call__
    return await self.inner(scope, receive, send)
           ^^^^^^^^^^^^^^^^^^^^^^^^^^^^^^^^^^^^^^
  File "D:\testplatformservice\testplatform\venv\Lib\site-packages\channels\routing.py", line 118, in __call__
    return await application(
           ^^^^^^^^^^^^^^^^^^
  File "D:\testplatformservice\testplatform\venv\Lib\site-packages\channels\consumer.py", line 95, in app
    return await consumer(scope, receive, send)
           ^^^^^^^^^^^^^^^^^^^^^^^^^^^^^^^^^^^^
  File "D:\testplatformservice\testplatform\venv\Lib\site-packages\channels\consumer.py", line 58, in __call__
    await await_many_dispatch(
  File "D:\testplatformservice\testplatform\venv\Lib\site-packages\channels\utils.py", line 57, in await_many_dispatch
    await task
redis.exceptions.ResponseError: unknown command 'BZPOPMIN'
[2026-07-06 10:42:04] ERROR [daphne.server:303] Exception inside application: unknown command 'BZPOPMIN'
Traceback (most recent call last):
  File "D:\testplatformservice\testplatform\venv\Lib\site-packages\channels\routing.py", line 48, in __call__
    return await application(scope, receive, send)
           ^^^^^^^^^^^^^^^^^^^^^^^^^^^^^^^^^^^^^^^
  File "D:\testplatformservice\testplatform\commons\ws\auth.py", line 28, in __call__
    return await super().__call__(scope, receive, send)
           ^^^^^^^^^^^^^^^^^^^^^^^^^^^^^^^^^^^^^^^^^^^^
  File "D:\testplatformservice\testplatform\venv\Lib\site-packages\channels\middleware.py", line 24, in __call__
    return await self.inner(scope, receive, send)
           ^^^^^^^^^^^^^^^^^^^^^^^^^^^^^^^^^^^^^^
  File "D:\testplatformservice\testplatform\venv\Lib\site-packages\channels\routing.py", line 118, in __call__
    return await application(
           ^^^^^^^^^^^^^^^^^^
  File "D:\testplatformservice\testplatform\venv\Lib\site-packages\channels\consumer.py", line 95, in app
    return await consumer(scope, receive, send)
           ^^^^^^^^^^^^^^^^^^^^^^^^^^^^^^^^^^^^
  File "D:\testplatformservice\testplatform\venv\Lib\site-packages\channels\consumer.py", line 58, in __call__
    await await_many_dispatch(
  File "D:\testplatformservice\testplatform\venv\Lib\site-packages\channels\utils.py", line 57, in await_many_dispatch
    await task
redis.exceptions.ResponseError: unknown command 'BZPOPMIN'
[2026-07-06 10:42:08] ERROR [daphne.server:303] Exception inside application: unknown command 'BZPOPMIN'
Traceback (most recent call last):
  File "D:\testplatformservice\testplatform\venv\Lib\site-packages\channels\routing.py", line 48, in __call__
    return await application(scope, receive, send)
           ^^^^^^^^^^^^^^^^^^^^^^^^^^^^^^^^^^^^^^^
  File "D:\testplatformservice\testplatform\commons\ws\auth.py", line 28, in __call__
    return await super().__call__(scope, receive, send)
           ^^^^^^^^^^^^^^^^^^^^^^^^^^^^^^^^^^^^^^^^^^^^
  File "D:\testplatformservice\testplatform\venv\Lib\site-packages\channels\middleware.py", line 24, in __call__
    return await self.inner(scope, receive, send)
           ^^^^^^^^^^^^^^^^^^^^^^^^^^^^^^^^^^^^^^
  File "D:\testplatformservice\testplatform\venv\Lib\site-packages\channels\routing.py", line 118, in __call__
    return await application(
           ^^^^^^^^^^^^^^^^^^
  File "D:\testplatformservice\testplatform\venv\Lib\site-packages\channels\consumer.py", line 95, in app
    return await consumer(scope, receive, send)
           ^^^^^^^^^^^^^^^^^^^^^^^^^^^^^^^^^^^^
  File "D:\testplatformservice\testplatform\venv\Lib\site-packages\channels\consumer.py", line 58, in __call__
    await await_many_dispatch(
  File "D:\testplatformservice\testplatform\venv\Lib\site-packages\channels\utils.py", line 57, in await_many_dispatch
    await task
redis.exceptions.ResponseError: unknown command 'BZPOPMIN'
[2026-07-06 10:42:12] ERROR [daphne.server:303] Exception inside application: unknown command 'BZPOPMIN'
Traceback (most recent call last):
  File "D:\testplatformservice\testplatform\venv\Lib\site-packages\channels\routing.py", line 48, in __call__
    return await application(scope, receive, send)
           ^^^^^^^^^^^^^^^^^^^^^^^^^^^^^^^^^^^^^^^
  File "D:\testplatformservice\testplatform\commons\ws\auth.py", line 28, in __call__
    return await super().__call__(scope, receive, send)
           ^^^^^^^^^^^^^^^^^^^^^^^^^^^^^^^^^^^^^^^^^^^^
  File "D:\testplatformservice\testplatform\venv\Lib\site-packages\channels\middleware.py", line 24, in __call__
    return await self.inner(scope, receive, send)
           ^^^^^^^^^^^^^^^^^^^^^^^^^^^^^^^^^^^^^^
  File "D:\testplatformservice\testplatform\venv\Lib\site-packages\channels\routing.py", line 118, in __call__
    return await application(
           ^^^^^^^^^^^^^^^^^^
  File "D:\testplatformservice\testplatform\venv\Lib\site-packages\channels\consumer.py", line 95, in app
    return await consumer(scope, receive, send)
           ^^^^^^^^^^^^^^^^^^^^^^^^^^^^^^^^^^^^
  File "D:\testplatformservice\testplatform\venv\Lib\site-packages\channels\consumer.py", line 58, in __call__
    await await_many_dispatch(
  File "D:\testplatformservice\testplatform\venv\Lib\site-packages\channels\utils.py", line 57, in await_many_dispatch
    await task
redis.exceptions.ResponseError: unknown command 'BZPOPMIN'
[2026-07-06 10:42:16] ERROR [daphne.server:303] Exception inside application: unknown command 'BZPOPMIN'
Traceback (most recent call last):
  File "D:\testplatformservice\testplatform\venv\Lib\site-packages\channels\routing.py", line 48, in __call__
    return await application(scope, receive, send)
           ^^^^^^^^^^^^^^^^^^^^^^^^^^^^^^^^^^^^^^^
  File "D:\testplatformservice\testplatform\commons\ws\auth.py", line 28, in __call__
    return await super().__call__(scope, receive, send)
           ^^^^^^^^^^^^^^^^^^^^^^^^^^^^^^^^^^^^^^^^^^^^
  File "D:\testplatformservice\testplatform\venv\Lib\site-packages\channels\middleware.py", line 24, in __call__
    return await self.inner(scope, receive, send)
           ^^^^^^^^^^^^^^^^^^^^^^^^^^^^^^^^^^^^^^
  File "D:\testplatformservice\testplatform\venv\Lib\site-packages\channels\routing.py", line 118, in __call__
    return await application(
           ^^^^^^^^^^^^^^^^^^
  File "D:\testplatformservice\testplatform\venv\Lib\site-packages\channels\consumer.py", line 95, in app
    return await consumer(scope, receive, send)
           ^^^^^^^^^^^^^^^^^^^^^^^^^^^^^^^^^^^^
  File "D:\testplatformservice\testplatform\venv\Lib\site-packages\channels\consumer.py", line 58, in __call__
    await await_many_dispatch(
  File "D:\testplatformservice\testplatform\venv\Lib\site-packages\channels\utils.py", line 57, in await_many_dispatch
    await task
redis.exceptions.ResponseError: unknown command 'BZPOPMIN'
[2026-07-06 10:42:20] ERROR [daphne.server:303] Exception inside application: unknown command 'BZPOPMIN'
Traceback (most recent call last):
  File "D:\testplatformservice\testplatform\venv\Lib\site-packages\channels\routing.py", line 48, in __call__
    return await application(scope, receive, send)
           ^^^^^^^^^^^^^^^^^^^^^^^^^^^^^^^^^^^^^^^
  File "D:\testplatformservice\testplatform\commons\ws\auth.py", line 28, in __call__
    return await super().__call__(scope, receive, send)
           ^^^^^^^^^^^^^^^^^^^^^^^^^^^^^^^^^^^^^^^^^^^^
  File "D:\testplatformservice\testplatform\venv\Lib\site-packages\channels\middleware.py", line 24, in __call__
    return await self.inner(scope, receive, send)
           ^^^^^^^^^^^^^^^^^^^^^^^^^^^^^^^^^^^^^^
  File "D:\testplatformservice\testplatform\venv\Lib\site-packages\channels\routing.py", line 118, in __call__
    return await application(
           ^^^^^^^^^^^^^^^^^^
  File "D:\testplatformservice\testplatform\venv\Lib\site-packages\channels\consumer.py", line 95, in app
    return await consumer(scope, receive, send)
           ^^^^^^^^^^^^^^^^^^^^^^^^^^^^^^^^^^^^
  File "D:\testplatformservice\testplatform\venv\Lib\site-packages\channels\consumer.py", line 58, in __call__
    await await_many_dispatch(
  File "D:\testplatformservice\testplatform\venv\Lib\site-packages\channels\utils.py", line 57, in await_many_dispatch
    await task
redis.exceptions.ResponseError: unknown command 'BZPOPMIN'
[2026-07-06 10:42:24] ERROR [daphne.server:303] Exception inside application: unknown command 'BZPOPMIN'
Traceback (most recent call last):
  File "D:\testplatformservice\testplatform\venv\Lib\site-packages\channels\routing.py", line 48, in __call__
    return await application(scope, receive, send)
           ^^^^^^^^^^^^^^^^^^^^^^^^^^^^^^^^^^^^^^^
  File "D:\testplatformservice\testplatform\commons\ws\auth.py", line 28, in __call__
    return await super().__call__(scope, receive, send)
           ^^^^^^^^^^^^^^^^^^^^^^^^^^^^^^^^^^^^^^^^^^^^
  File "D:\testplatformservice\testplatform\venv\Lib\site-packages\channels\middleware.py", line 24, in __call__
    return await self.inner(scope, receive, send)
           ^^^^^^^^^^^^^^^^^^^^^^^^^^^^^^^^^^^^^^
  File "D:\testplatformservice\testplatform\venv\Lib\site-packages\channels\routing.py", line 118, in __call__
    return await application(
           ^^^^^^^^^^^^^^^^^^
  File "D:\testplatformservice\testplatform\venv\Lib\site-packages\channels\consumer.py", line 95, in app
    return await consumer(scope, receive, send)
           ^^^^^^^^^^^^^^^^^^^^^^^^^^^^^^^^^^^^
  File "D:\testplatformservice\testplatform\venv\Lib\site-packages\channels\consumer.py", line 58, in __call__
    await await_many_dispatch(
  File "D:\testplatformservice\testplatform\venv\Lib\site-packages\channels\utils.py", line 57, in await_many_dispatch
    await task
redis.exceptions.ResponseError: unknown command 'BZPOPMIN'
[2026-07-06 10:42:28] ERROR [daphne.server:303] Exception inside application: unknown command 'BZPOPMIN'
Traceback (most recent call last):
  File "D:\testplatformservice\testplatform\venv\Lib\site-packages\channels\routing.py", line 48, in __call__
    return await application(scope, receive, send)
           ^^^^^^^^^^^^^^^^^^^^^^^^^^^^^^^^^^^^^^^
  File "D:\testplatformservice\testplatform\commons\ws\auth.py", line 28, in __call__
    return await super().__call__(scope, receive, send)
           ^^^^^^^^^^^^^^^^^^^^^^^^^^^^^^^^^^^^^^^^^^^^
  File "D:\testplatformservice\testplatform\venv\Lib\site-packages\channels\middleware.py", line 24, in __call__
    return await self.inner(scope, receive, send)
           ^^^^^^^^^^^^^^^^^^^^^^^^^^^^^^^^^^^^^^
  File "D:\testplatformservice\testplatform\venv\Lib\site-packages\channels\routing.py", line 118, in __call__
    return await application(
           ^^^^^^^^^^^^^^^^^^
  File "D:\testplatformservice\testplatform\venv\Lib\site-packages\channels\consumer.py", line 95, in app
    return await consumer(scope, receive, send)
           ^^^^^^^^^^^^^^^^^^^^^^^^^^^^^^^^^^^^
  File "D:\testplatformservice\testplatform\venv\Lib\site-packages\channels\consumer.py", line 58, in __call__
    await await_many_dispatch(
  File "D:\testplatformservice\testplatform\venv\Lib\site-packages\channels\utils.py", line 57, in await_many_dispatch
    await task
redis.exceptions.ResponseError: unknown command 'BZPOPMIN'
[2026-07-06 10:42:33] ERROR [daphne.server:303] Exception inside application: unknown command 'BZPOPMIN'
Traceback (most recent call last):
  File "D:\testplatformservice\testplatform\venv\Lib\site-packages\channels\routing.py", line 48, in __call__
    return await application(scope, receive, send)
           ^^^^^^^^^^^^^^^^^^^^^^^^^^^^^^^^^^^^^^^
  File "D:\testplatformservice\testplatform\commons\ws\auth.py", line 28, in __call__
    return await super().__call__(scope, receive, send)
           ^^^^^^^^^^^^^^^^^^^^^^^^^^^^^^^^^^^^^^^^^^^^
  File "D:\testplatformservice\testplatform\venv\Lib\site-packages\channels\middleware.py", line 24, in __call__
    return await self.inner(scope, receive, send)
           ^^^^^^^^^^^^^^^^^^^^^^^^^^^^^^^^^^^^^^
  File "D:\testplatformservice\testplatform\venv\Lib\site-packages\channels\routing.py", line 118, in __call__
    return await application(
           ^^^^^^^^^^^^^^^^^^
  File "D:\testplatformservice\testplatform\venv\Lib\site-packages\channels\consumer.py", line 95, in app
    return await consumer(scope, receive, send)
           ^^^^^^^^^^^^^^^^^^^^^^^^^^^^^^^^^^^^
  File "D:\testplatformservice\testplatform\venv\Lib\site-packages\channels\consumer.py", line 58, in __call__
    await await_many_dispatch(
  File "D:\testplatformservice\testplatform\venv\Lib\site-packages\channels\utils.py", line 57, in await_many_dispatch
    await task
redis.exceptions.ResponseError: unknown command 'BZPOPMIN'
[2026-07-06 10:42:37] ERROR [daphne.server:303] Exception inside application: unknown command 'BZPOPMIN'
Traceback (most recent call last):
  File "D:\testplatformservice\testplatform\venv\Lib\site-packages\channels\routing.py", line 48, in __call__
    return await application(scope, receive, send)
           ^^^^^^^^^^^^^^^^^^^^^^^^^^^^^^^^^^^^^^^
  File "D:\testplatformservice\testplatform\commons\ws\auth.py", line 28, in __call__
    return await super().__call__(scope, receive, send)
           ^^^^^^^^^^^^^^^^^^^^^^^^^^^^^^^^^^^^^^^^^^^^
  File "D:\testplatformservice\testplatform\venv\Lib\site-packages\channels\middleware.py", line 24, in __call__
    return await self.inner(scope, receive, send)
           ^^^^^^^^^^^^^^^^^^^^^^^^^^^^^^^^^^^^^^
  File "D:\testplatformservice\testplatform\venv\Lib\site-packages\channels\routing.py", line 118, in __call__
    return await application(
           ^^^^^^^^^^^^^^^^^^
  File "D:\testplatformservice\testplatform\venv\Lib\site-packages\channels\consumer.py", line 95, in app
    return await consumer(scope, receive, send)
           ^^^^^^^^^^^^^^^^^^^^^^^^^^^^^^^^^^^^
  File "D:\testplatformservice\testplatform\venv\Lib\site-packages\channels\consumer.py", line 58, in __call__
    await await_many_dispatch(
  File "D:\testplatformservice\testplatform\venv\Lib\site-packages\channels\utils.py", line 57, in await_many_dispatch
    await task
redis.exceptions.ResponseError: unknown command 'BZPOPMIN'
[2026-07-06 10:42:41] ERROR [daphne.server:303] Exception inside application: unknown command 'BZPOPMIN'
Traceback (most recent call last):
  File "D:\testplatformservice\testplatform\venv\Lib\site-packages\channels\routing.py", line 48, in __call__
    return await application(scope, receive, send)
           ^^^^^^^^^^^^^^^^^^^^^^^^^^^^^^^^^^^^^^^
  File "D:\testplatformservice\testplatform\commons\ws\auth.py", line 28, in __call__
    return await super().__call__(scope, receive, send)
           ^^^^^^^^^^^^^^^^^^^^^^^^^^^^^^^^^^^^^^^^^^^^
  File "D:\testplatformservice\testplatform\venv\Lib\site-packages\channels\middleware.py", line 24, in __call__
    return await self.inner(scope, receive, send)
           ^^^^^^^^^^^^^^^^^^^^^^^^^^^^^^^^^^^^^^
  File "D:\testplatformservice\testplatform\venv\Lib\site-packages\channels\routing.py", line 118, in __call__
    return await application(
           ^^^^^^^^^^^^^^^^^^
  File "D:\testplatformservice\testplatform\venv\Lib\site-packages\channels\consumer.py", line 95, in app
    return await consumer(scope, receive, send)
           ^^^^^^^^^^^^^^^^^^^^^^^^^^^^^^^^^^^^
  File "D:\testplatformservice\testplatform\venv\Lib\site-packages\channels\consumer.py", line 58, in __call__
    await await_many_dispatch(
  File "D:\testplatformservice\testplatform\venv\Lib\site-packages\channels\utils.py", line 57, in await_many_dispatch
    await task
redis.exceptions.ResponseError: unknown command 'BZPOPMIN'
[2026-07-06 10:42:45] ERROR [daphne.server:303] Exception inside application: unknown command 'BZPOPMIN'
Traceback (most recent call last):
  File "D:\testplatformservice\testplatform\venv\Lib\site-packages\channels\routing.py", line 48, in __call__
    return await application(scope, receive, send)
           ^^^^^^^^^^^^^^^^^^^^^^^^^^^^^^^^^^^^^^^
  File "D:\testplatformservice\testplatform\commons\ws\auth.py", line 28, in __call__
    return await super().__call__(scope, receive, send)
           ^^^^^^^^^^^^^^^^^^^^^^^^^^^^^^^^^^^^^^^^^^^^
  File "D:\testplatformservice\testplatform\venv\Lib\site-packages\channels\middleware.py", line 24, in __call__
    return await self.inner(scope, receive, send)
           ^^^^^^^^^^^^^^^^^^^^^^^^^^^^^^^^^^^^^^
  File "D:\testplatformservice\testplatform\venv\Lib\site-packages\channels\routing.py", line 118, in __call__
    return await application(
           ^^^^^^^^^^^^^^^^^^
  File "D:\testplatformservice\testplatform\venv\Lib\site-packages\channels\consumer.py", line 95, in app
    return await consumer(scope, receive, send)
           ^^^^^^^^^^^^^^^^^^^^^^^^^^^^^^^^^^^^
  File "D:\testplatformservice\testplatform\venv\Lib\site-packages\channels\consumer.py", line 58, in __call__
    await await_many_dispatch(
  File "D:\testplatformservice\testplatform\venv\Lib\site-packages\channels\utils.py", line 57, in await_many_dispatch
    await task
redis.exceptions.ResponseError: unknown command 'BZPOPMIN'
[2026-07-06 10:42:49] ERROR [daphne.server:303] Exception inside application: unknown command 'BZPOPMIN'
Traceback (most recent call last):
  File "D:\testplatformservice\testplatform\venv\Lib\site-packages\channels\routing.py", line 48, in __call__
    return await application(scope, receive, send)
           ^^^^^^^^^^^^^^^^^^^^^^^^^^^^^^^^^^^^^^^
  File "D:\testplatformservice\testplatform\commons\ws\auth.py", line 28, in __call__
    return await super().__call__(scope, receive, send)
           ^^^^^^^^^^^^^^^^^^^^^^^^^^^^^^^^^^^^^^^^^^^^
  File "D:\testplatformservice\testplatform\venv\Lib\site-packages\channels\middleware.py", line 24, in __call__
    return await self.inner(scope, receive, send)
           ^^^^^^^^^^^^^^^^^^^^^^^^^^^^^^^^^^^^^^
  File "D:\testplatformservice\testplatform\venv\Lib\site-packages\channels\routing.py", line 118, in __call__
    return await application(
           ^^^^^^^^^^^^^^^^^^
  File "D:\testplatformservice\testplatform\venv\Lib\site-packages\channels\consumer.py", line 95, in app
    return await consumer(scope, receive, send)
           ^^^^^^^^^^^^^^^^^^^^^^^^^^^^^^^^^^^^
  File "D:\testplatformservice\testplatform\venv\Lib\site-packages\channels\consumer.py", line 58, in __call__
    await await_many_dispatch(
  File "D:\testplatformservice\testplatform\venv\Lib\site-packages\channels\utils.py", line 57, in await_many_dispatch
    await task
redis.exceptions.ResponseError: unknown command 'BZPOPMIN'
[2026-07-06 10:42:53] ERROR [daphne.server:303] Exception inside application: unknown command 'BZPOPMIN'
Traceback (most recent call last):
  File "D:\testplatformservice\testplatform\venv\Lib\site-packages\channels\routing.py", line 48, in __call__
    return await application(scope, receive, send)
           ^^^^^^^^^^^^^^^^^^^^^^^^^^^^^^^^^^^^^^^
  File "D:\testplatformservice\testplatform\commons\ws\auth.py", line 28, in __call__
    return await super().__call__(scope, receive, send)
           ^^^^^^^^^^^^^^^^^^^^^^^^^^^^^^^^^^^^^^^^^^^^
  File "D:\testplatformservice\testplatform\venv\Lib\site-packages\channels\middleware.py", line 24, in __call__
    return await self.inner(scope, receive, send)
           ^^^^^^^^^^^^^^^^^^^^^^^^^^^^^^^^^^^^^^
  File "D:\testplatformservice\testplatform\venv\Lib\site-packages\channels\routing.py", line 118, in __call__
    return await application(
           ^^^^^^^^^^^^^^^^^^
  File "D:\testplatformservice\testplatform\venv\Lib\site-packages\channels\consumer.py", line 95, in app
    return await consumer(scope, receive, send)
           ^^^^^^^^^^^^^^^^^^^^^^^^^^^^^^^^^^^^
  File "D:\testplatformservice\testplatform\venv\Lib\site-packages\channels\consumer.py", line 58, in __call__
    await await_many_dispatch(
  File "D:\testplatformservice\testplatform\venv\Lib\site-packages\channels\utils.py", line 57, in await_many_dispatch
    await task
redis.exceptions.ResponseError: unknown command 'BZPOPMIN'
[2026-07-06 10:42:57] ERROR [daphne.server:303] Exception inside application: unknown command 'BZPOPMIN'
Traceback (most recent call last):
  File "D:\testplatformservice\testplatform\venv\Lib\site-packages\channels\routing.py", line 48, in __call__
    return await application(scope, receive, send)
           ^^^^^^^^^^^^^^^^^^^^^^^^^^^^^^^^^^^^^^^
  File "D:\testplatformservice\testplatform\commons\ws\auth.py", line 28, in __call__
    return await super().__call__(scope, receive, send)
           ^^^^^^^^^^^^^^^^^^^^^^^^^^^^^^^^^^^^^^^^^^^^
  File "D:\testplatformservice\testplatform\venv\Lib\site-packages\channels\middleware.py", line 24, in __call__
    return await self.inner(scope, receive, send)
           ^^^^^^^^^^^^^^^^^^^^^^^^^^^^^^^^^^^^^^
  File "D:\testplatformservice\testplatform\venv\Lib\site-packages\channels\routing.py", line 118, in __call__
    return await application(
           ^^^^^^^^^^^^^^^^^^
  File "D:\testplatformservice\testplatform\venv\Lib\site-packages\channels\consumer.py", line 95, in app
    return await consumer(scope, receive, send)
           ^^^^^^^^^^^^^^^^^^^^^^^^^^^^^^^^^^^^
  File "D:\testplatformservice\testplatform\venv\Lib\site-packages\channels\consumer.py", line 58, in __call__
    await await_many_dispatch(
  File "D:\testplatformservice\testplatform\venv\Lib\site-packages\channels\utils.py", line 57, in await_many_dispatch
    await task
redis.exceptions.ResponseError: unknown command 'BZPOPMIN'
[2026-07-06 10:43:01] ERROR [daphne.server:303] Exception inside application: unknown command 'BZPOPMIN'
Traceback (most recent call last):
  File "D:\testplatformservice\testplatform\venv\Lib\site-packages\channels\routing.py", line 48, in __call__
    return await application(scope, receive, send)
           ^^^^^^^^^^^^^^^^^^^^^^^^^^^^^^^^^^^^^^^
  File "D:\testplatformservice\testplatform\commons\ws\auth.py", line 28, in __call__
    return await super().__call__(scope, receive, send)
           ^^^^^^^^^^^^^^^^^^^^^^^^^^^^^^^^^^^^^^^^^^^^
  File "D:\testplatformservice\testplatform\venv\Lib\site-packages\channels\middleware.py", line 24, in __call__
    return await self.inner(scope, receive, send)
           ^^^^^^^^^^^^^^^^^^^^^^^^^^^^^^^^^^^^^^
  File "D:\testplatformservice\testplatform\venv\Lib\site-packages\channels\routing.py", line 118, in __call__
    return await application(
           ^^^^^^^^^^^^^^^^^^
  File "D:\testplatformservice\testplatform\venv\Lib\site-packages\channels\consumer.py", line 95, in app
    return await consumer(scope, receive, send)
           ^^^^^^^^^^^^^^^^^^^^^^^^^^^^^^^^^^^^
  File "D:\testplatformservice\testplatform\venv\Lib\site-packages\channels\consumer.py", line 58, in __call__
    await await_many_dispatch(
  File "D:\testplatformservice\testplatform\venv\Lib\site-packages\channels\utils.py", line 57, in await_many_dispatch
    await task
redis.exceptions.ResponseError: unknown command 'BZPOPMIN'
[2026-07-06 10:43:05] ERROR [daphne.server:303] Exception inside application: unknown command 'BZPOPMIN'
Traceback (most recent call last):
  File "D:\testplatformservice\testplatform\venv\Lib\site-packages\channels\routing.py", line 48, in __call__
    return await application(scope, receive, send)
           ^^^^^^^^^^^^^^^^^^^^^^^^^^^^^^^^^^^^^^^
  File "D:\testplatformservice\testplatform\commons\ws\auth.py", line 28, in __call__
    return await super().__call__(scope, receive, send)
           ^^^^^^^^^^^^^^^^^^^^^^^^^^^^^^^^^^^^^^^^^^^^
  File "D:\testplatformservice\testplatform\venv\Lib\site-packages\channels\middleware.py", line 24, in __call__
    return await self.inner(scope, receive, send)
           ^^^^^^^^^^^^^^^^^^^^^^^^^^^^^^^^^^^^^^
  File "D:\testplatformservice\testplatform\venv\Lib\site-packages\channels\routing.py", line 118, in __call__
    return await application(
           ^^^^^^^^^^^^^^^^^^
  File "D:\testplatformservice\testplatform\venv\Lib\site-packages\channels\consumer.py", line 95, in app
    return await consumer(scope, receive, send)
           ^^^^^^^^^^^^^^^^^^^^^^^^^^^^^^^^^^^^
  File "D:\testplatformservice\testplatform\venv\Lib\site-packages\channels\consumer.py", line 58, in __call__
    await await_many_dispatch(
  File "D:\testplatformservice\testplatform\venv\Lib\site-packages\channels\utils.py", line 57, in await_many_dispatch
    await task
redis.exceptions.ResponseError: unknown command 'BZPOPMIN'
[2026-07-06 10:43:09] ERROR [daphne.server:303] Exception inside application: unknown command 'BZPOPMIN'
Traceback (most recent call last):
  File "D:\testplatformservice\testplatform\venv\Lib\site-packages\channels\routing.py", line 48, in __call__
    return await application(scope, receive, send)
           ^^^^^^^^^^^^^^^^^^^^^^^^^^^^^^^^^^^^^^^
  File "D:\testplatformservice\testplatform\commons\ws\auth.py", line 28, in __call__
    return await super().__call__(scope, receive, send)
           ^^^^^^^^^^^^^^^^^^^^^^^^^^^^^^^^^^^^^^^^^^^^
  File "D:\testplatformservice\testplatform\venv\Lib\site-packages\channels\middleware.py", line 24, in __call__
    return await self.inner(scope, receive, send)
           ^^^^^^^^^^^^^^^^^^^^^^^^^^^^^^^^^^^^^^
  File "D:\testplatformservice\testplatform\venv\Lib\site-packages\channels\routing.py", line 118, in __call__
    return await application(
           ^^^^^^^^^^^^^^^^^^
  File "D:\testplatformservice\testplatform\venv\Lib\site-packages\channels\consumer.py", line 95, in app
    return await consumer(scope, receive, send)
           ^^^^^^^^^^^^^^^^^^^^^^^^^^^^^^^^^^^^
  File "D:\testplatformservice\testplatform\venv\Lib\site-packages\channels\consumer.py", line 58, in __call__
    await await_many_dispatch(
  File "D:\testplatformservice\testplatform\venv\Lib\site-packages\channels\utils.py", line 57, in await_many_dispatch
    await task
redis.exceptions.ResponseError: unknown command 'BZPOPMIN'
[2026-07-06 10:43:13] ERROR [daphne.server:303] Exception inside application: unknown command 'BZPOPMIN'
Traceback (most recent call last):
  File "D:\testplatformservice\testplatform\venv\Lib\site-packages\channels\routing.py", line 48, in __call__
    return await application(scope, receive, send)
           ^^^^^^^^^^^^^^^^^^^^^^^^^^^^^^^^^^^^^^^
  File "D:\testplatformservice\testplatform\commons\ws\auth.py", line 28, in __call__
    return await super().__call__(scope, receive, send)
           ^^^^^^^^^^^^^^^^^^^^^^^^^^^^^^^^^^^^^^^^^^^^
  File "D:\testplatformservice\testplatform\venv\Lib\site-packages\channels\middleware.py", line 24, in __call__
    return await self.inner(scope, receive, send)
           ^^^^^^^^^^^^^^^^^^^^^^^^^^^^^^^^^^^^^^
  File "D:\testplatformservice\testplatform\venv\Lib\site-packages\channels\routing.py", line 118, in __call__
    return await application(
           ^^^^^^^^^^^^^^^^^^
  File "D:\testplatformservice\testplatform\venv\Lib\site-packages\channels\consumer.py", line 95, in app
    return await consumer(scope, receive, send)
           ^^^^^^^^^^^^^^^^^^^^^^^^^^^^^^^^^^^^
  File "D:\testplatformservice\testplatform\venv\Lib\site-packages\channels\consumer.py", line 58, in __call__
    await await_many_dispatch(
  File "D:\testplatformservice\testplatform\venv\Lib\site-packages\channels\utils.py", line 57, in await_many_dispatch
    await task
redis.exceptions.ResponseError: unknown command 'BZPOPMIN'
[2026-07-06 10:43:17] ERROR [daphne.server:303] Exception inside application: unknown command 'BZPOPMIN'
Traceback (most recent call last):
  File "D:\testplatformservice\testplatform\venv\Lib\site-packages\channels\routing.py", line 48, in __call__
    return await application(scope, receive, send)
           ^^^^^^^^^^^^^^^^^^^^^^^^^^^^^^^^^^^^^^^
  File "D:\testplatformservice\testplatform\commons\ws\auth.py", line 28, in __call__
    return await super().__call__(scope, receive, send)
           ^^^^^^^^^^^^^^^^^^^^^^^^^^^^^^^^^^^^^^^^^^^^
  File "D:\testplatformservice\testplatform\venv\Lib\site-packages\channels\middleware.py", line 24, in __call__
    return await self.inner(scope, receive, send)
           ^^^^^^^^^^^^^^^^^^^^^^^^^^^^^^^^^^^^^^
  File "D:\testplatformservice\testplatform\venv\Lib\site-packages\channels\routing.py", line 118, in __call__
    return await application(
           ^^^^^^^^^^^^^^^^^^
  File "D:\testplatformservice\testplatform\venv\Lib\site-packages\channels\consumer.py", line 95, in app
    return await consumer(scope, receive, send)
           ^^^^^^^^^^^^^^^^^^^^^^^^^^^^^^^^^^^^
  File "D:\testplatformservice\testplatform\venv\Lib\site-packages\channels\consumer.py", line 58, in __call__
    await await_many_dispatch(
  File "D:\testplatformservice\testplatform\venv\Lib\site-packages\channels\utils.py", line 57, in await_many_dispatch
    await task
redis.exceptions.ResponseError: unknown command 'BZPOPMIN'
[2026-07-06 10:43:21] ERROR [daphne.server:303] Exception inside application: unknown command 'BZPOPMIN'
Traceback (most recent call last):
  File "D:\testplatformservice\testplatform\venv\Lib\site-packages\channels\routing.py", line 48, in __call__
    return await application(scope, receive, send)
           ^^^^^^^^^^^^^^^^^^^^^^^^^^^^^^^^^^^^^^^
  File "D:\testplatformservice\testplatform\commons\ws\auth.py", line 28, in __call__
    return await super().__call__(scope, receive, send)
           ^^^^^^^^^^^^^^^^^^^^^^^^^^^^^^^^^^^^^^^^^^^^
  File "D:\testplatformservice\testplatform\venv\Lib\site-packages\channels\middleware.py", line 24, in __call__
    return await self.inner(scope, receive, send)
           ^^^^^^^^^^^^^^^^^^^^^^^^^^^^^^^^^^^^^^
  File "D:\testplatformservice\testplatform\venv\Lib\site-packages\channels\routing.py", line 118, in __call__
    return await application(
           ^^^^^^^^^^^^^^^^^^
  File "D:\testplatformservice\testplatform\venv\Lib\site-packages\channels\consumer.py", line 95, in app
    return await consumer(scope, receive, send)
           ^^^^^^^^^^^^^^^^^^^^^^^^^^^^^^^^^^^^
  File "D:\testplatformservice\testplatform\venv\Lib\site-packages\channels\consumer.py", line 58, in __call__
    await await_many_dispatch(
  File "D:\testplatformservice\testplatform\venv\Lib\site-packages\channels\utils.py", line 57, in await_many_dispatch
    await task
redis.exceptions.ResponseError: unknown command 'BZPOPMIN'
[2026-07-06 10:43:25] ERROR [daphne.server:303] Exception inside application: unknown command 'BZPOPMIN'
Traceback (most recent call last):
  File "D:\testplatformservice\testplatform\venv\Lib\site-packages\channels\routing.py", line 48, in __call__
    return await application(scope, receive, send)
           ^^^^^^^^^^^^^^^^^^^^^^^^^^^^^^^^^^^^^^^
  File "D:\testplatformservice\testplatform\commons\ws\auth.py", line 28, in __call__
    return await super().__call__(scope, receive, send)
           ^^^^^^^^^^^^^^^^^^^^^^^^^^^^^^^^^^^^^^^^^^^^
  File "D:\testplatformservice\testplatform\venv\Lib\site-packages\channels\middleware.py", line 24, in __call__
    return await self.inner(scope, receive, send)
           ^^^^^^^^^^^^^^^^^^^^^^^^^^^^^^^^^^^^^^
  File "D:\testplatformservice\testplatform\venv\Lib\site-packages\channels\routing.py", line 118, in __call__
    return await application(
           ^^^^^^^^^^^^^^^^^^
  File "D:\testplatformservice\testplatform\venv\Lib\site-packages\channels\consumer.py", line 95, in app
    return await consumer(scope, receive, send)
           ^^^^^^^^^^^^^^^^^^^^^^^^^^^^^^^^^^^^
  File "D:\testplatformservice\testplatform\venv\Lib\site-packages\channels\consumer.py", line 58, in __call__
    await await_many_dispatch(
  File "D:\testplatformservice\testplatform\venv\Lib\site-packages\channels\utils.py", line 57, in await_many_dispatch
    await task
redis.exceptions.ResponseError: unknown command 'BZPOPMIN'
[2026-07-06 10:43:29] ERROR [daphne.server:303] Exception inside application: unknown command 'BZPOPMIN'
Traceback (most recent call last):
  File "D:\testplatformservice\testplatform\venv\Lib\site-packages\channels\routing.py", line 48, in __call__
    return await application(scope, receive, send)
           ^^^^^^^^^^^^^^^^^^^^^^^^^^^^^^^^^^^^^^^
  File "D:\testplatformservice\testplatform\commons\ws\auth.py", line 28, in __call__
    return await super().__call__(scope, receive, send)
           ^^^^^^^^^^^^^^^^^^^^^^^^^^^^^^^^^^^^^^^^^^^^
  File "D:\testplatformservice\testplatform\venv\Lib\site-packages\channels\middleware.py", line 24, in __call__
    return await self.inner(scope, receive, send)
           ^^^^^^^^^^^^^^^^^^^^^^^^^^^^^^^^^^^^^^
  File "D:\testplatformservice\testplatform\venv\Lib\site-packages\channels\routing.py", line 118, in __call__
    return await application(
           ^^^^^^^^^^^^^^^^^^
  File "D:\testplatformservice\testplatform\venv\Lib\site-packages\channels\consumer.py", line 95, in app
    return await consumer(scope, receive, send)
           ^^^^^^^^^^^^^^^^^^^^^^^^^^^^^^^^^^^^
  File "D:\testplatformservice\testplatform\venv\Lib\site-packages\channels\consumer.py", line 58, in __call__
    await await_many_dispatch(
  File "D:\testplatformservice\testplatform\venv\Lib\site-packages\channels\utils.py", line 57, in await_many_dispatch
    await task
redis.exceptions.ResponseError: unknown command 'BZPOPMIN'
[2026-07-06 10:43:33] ERROR [daphne.server:303] Exception inside application: unknown command 'BZPOPMIN'
Traceback (most recent call last):
  File "D:\testplatformservice\testplatform\venv\Lib\site-packages\channels\routing.py", line 48, in __call__
    return await application(scope, receive, send)
           ^^^^^^^^^^^^^^^^^^^^^^^^^^^^^^^^^^^^^^^
  File "D:\testplatformservice\testplatform\commons\ws\auth.py", line 28, in __call__
    return await super().__call__(scope, receive, send)
           ^^^^^^^^^^^^^^^^^^^^^^^^^^^^^^^^^^^^^^^^^^^^
  File "D:\testplatformservice\testplatform\venv\Lib\site-packages\channels\middleware.py", line 24, in __call__
    return await self.inner(scope, receive, send)
           ^^^^^^^^^^^^^^^^^^^^^^^^^^^^^^^^^^^^^^
  File "D:\testplatformservice\testplatform\venv\Lib\site-packages\channels\routing.py", line 118, in __call__
    return await application(
           ^^^^^^^^^^^^^^^^^^
  File "D:\testplatformservice\testplatform\venv\Lib\site-packages\channels\consumer.py", line 95, in app
    return await consumer(scope, receive, send)
           ^^^^^^^^^^^^^^^^^^^^^^^^^^^^^^^^^^^^
  File "D:\testplatformservice\testplatform\venv\Lib\site-packages\channels\consumer.py", line 58, in __call__
    await await_many_dispatch(
  File "D:\testplatformservice\testplatform\venv\Lib\site-packages\channels\utils.py", line 57, in await_many_dispatch
    await task
redis.exceptions.ResponseError: unknown command 'BZPOPMIN'
[2026-07-06 10:43:37] ERROR [daphne.server:303] Exception inside application: unknown command 'BZPOPMIN'
Traceback (most recent call last):
  File "D:\testplatformservice\testplatform\venv\Lib\site-packages\channels\routing.py", line 48, in __call__
    return await application(scope, receive, send)
           ^^^^^^^^^^^^^^^^^^^^^^^^^^^^^^^^^^^^^^^
  File "D:\testplatformservice\testplatform\commons\ws\auth.py", line 28, in __call__
    return await super().__call__(scope, receive, send)
           ^^^^^^^^^^^^^^^^^^^^^^^^^^^^^^^^^^^^^^^^^^^^
  File "D:\testplatformservice\testplatform\venv\Lib\site-packages\channels\middleware.py", line 24, in __call__
    return await self.inner(scope, receive, send)
           ^^^^^^^^^^^^^^^^^^^^^^^^^^^^^^^^^^^^^^
  File "D:\testplatformservice\testplatform\venv\Lib\site-packages\channels\routing.py", line 118, in __call__
    return await application(
           ^^^^^^^^^^^^^^^^^^
  File "D:\testplatformservice\testplatform\venv\Lib\site-packages\channels\consumer.py", line 95, in app
    return await consumer(scope, receive, send)
           ^^^^^^^^^^^^^^^^^^^^^^^^^^^^^^^^^^^^
  File "D:\testplatformservice\testplatform\venv\Lib\site-packages\channels\consumer.py", line 58, in __call__
    await await_many_dispatch(
  File "D:\testplatformservice\testplatform\venv\Lib\site-packages\channels\utils.py", line 57, in await_many_dispatch
    await task
redis.exceptions.ResponseError: unknown command 'BZPOPMIN'
[2026-07-06 10:43:41] ERROR [daphne.server:303] Exception inside application: unknown command 'BZPOPMIN'
Traceback (most recent call last):
  File "D:\testplatformservice\testplatform\venv\Lib\site-packages\channels\routing.py", line 48, in __call__
    return await application(scope, receive, send)
           ^^^^^^^^^^^^^^^^^^^^^^^^^^^^^^^^^^^^^^^
  File "D:\testplatformservice\testplatform\commons\ws\auth.py", line 28, in __call__
    return await super().__call__(scope, receive, send)
           ^^^^^^^^^^^^^^^^^^^^^^^^^^^^^^^^^^^^^^^^^^^^
  File "D:\testplatformservice\testplatform\venv\Lib\site-packages\channels\middleware.py", line 24, in __call__
    return await self.inner(scope, receive, send)
           ^^^^^^^^^^^^^^^^^^^^^^^^^^^^^^^^^^^^^^
  File "D:\testplatformservice\testplatform\venv\Lib\site-packages\channels\routing.py", line 118, in __call__
    return await application(
           ^^^^^^^^^^^^^^^^^^
  File "D:\testplatformservice\testplatform\venv\Lib\site-packages\channels\consumer.py", line 95, in app
    return await consumer(scope, receive, send)
           ^^^^^^^^^^^^^^^^^^^^^^^^^^^^^^^^^^^^
  File "D:\testplatformservice\testplatform\venv\Lib\site-packages\channels\consumer.py", line 58, in __call__
    await await_many_dispatch(
  File "D:\testplatformservice\testplatform\venv\Lib\site-packages\channels\utils.py", line 57, in await_many_dispatch
    await task
redis.exceptions.ResponseError: unknown command 'BZPOPMIN'
[2026-07-06 10:43:45] ERROR [daphne.server:303] Exception inside application: unknown command 'BZPOPMIN'
Traceback (most recent call last):
  File "D:\testplatformservice\testplatform\venv\Lib\site-packages\channels\routing.py", line 48, in __call__
    return await application(scope, receive, send)
           ^^^^^^^^^^^^^^^^^^^^^^^^^^^^^^^^^^^^^^^
  File "D:\testplatformservice\testplatform\commons\ws\auth.py", line 28, in __call__
    return await super().__call__(scope, receive, send)
           ^^^^^^^^^^^^^^^^^^^^^^^^^^^^^^^^^^^^^^^^^^^^
  File "D:\testplatformservice\testplatform\venv\Lib\site-packages\channels\middleware.py", line 24, in __call__
    return await self.inner(scope, receive, send)
           ^^^^^^^^^^^^^^^^^^^^^^^^^^^^^^^^^^^^^^
  File "D:\testplatformservice\testplatform\venv\Lib\site-packages\channels\routing.py", line 118, in __call__
    return await application(
           ^^^^^^^^^^^^^^^^^^
  File "D:\testplatformservice\testplatform\venv\Lib\site-packages\channels\consumer.py", line 95, in app
    return await consumer(scope, receive, send)
           ^^^^^^^^^^^^^^^^^^^^^^^^^^^^^^^^^^^^
  File "D:\testplatformservice\testplatform\venv\Lib\site-packages\channels\consumer.py", line 58, in __call__
    await await_many_dispatch(
  File "D:\testplatformservice\testplatform\venv\Lib\site-packages\channels\utils.py", line 57, in await_many_dispatch
    await task
redis.exceptions.ResponseError: unknown command 'BZPOPMIN'
[2026-07-06 10:43:49] ERROR [daphne.server:303] Exception inside application: unknown command 'BZPOPMIN'
Traceback (most recent call last):
  File "D:\testplatformservice\testplatform\venv\Lib\site-packages\channels\routing.py", line 48, in __call__
    return await application(scope, receive, send)
           ^^^^^^^^^^^^^^^^^^^^^^^^^^^^^^^^^^^^^^^
  File "D:\testplatformservice\testplatform\commons\ws\auth.py", line 28, in __call__
    return await super().__call__(scope, receive, send)
           ^^^^^^^^^^^^^^^^^^^^^^^^^^^^^^^^^^^^^^^^^^^^
  File "D:\testplatformservice\testplatform\venv\Lib\site-packages\channels\middleware.py", line 24, in __call__
    return await self.inner(scope, receive, send)
           ^^^^^^^^^^^^^^^^^^^^^^^^^^^^^^^^^^^^^^
  File "D:\testplatformservice\testplatform\venv\Lib\site-packages\channels\routing.py", line 118, in __call__
    return await application(
           ^^^^^^^^^^^^^^^^^^
  File "D:\testplatformservice\testplatform\venv\Lib\site-packages\channels\consumer.py", line 95, in app
    return await consumer(scope, receive, send)
           ^^^^^^^^^^^^^^^^^^^^^^^^^^^^^^^^^^^^
  File "D:\testplatformservice\testplatform\venv\Lib\site-packages\channels\consumer.py", line 58, in __call__
    await await_many_dispatch(
  File "D:\testplatformservice\testplatform\venv\Lib\site-packages\channels\utils.py", line 57, in await_many_dispatch
    await task
redis.exceptions.ResponseError: unknown command 'BZPOPMIN'
[2026-07-06 10:43:53] ERROR [daphne.server:303] Exception inside application: unknown command 'BZPOPMIN'
Traceback (most recent call last):
  File "D:\testplatformservice\testplatform\venv\Lib\site-packages\channels\routing.py", line 48, in __call__
    return await application(scope, receive, send)
           ^^^^^^^^^^^^^^^^^^^^^^^^^^^^^^^^^^^^^^^
  File "D:\testplatformservice\testplatform\commons\ws\auth.py", line 28, in __call__
    return await super().__call__(scope, receive, send)
           ^^^^^^^^^^^^^^^^^^^^^^^^^^^^^^^^^^^^^^^^^^^^
  File "D:\testplatformservice\testplatform\venv\Lib\site-packages\channels\middleware.py", line 24, in __call__
    return await self.inner(scope, receive, send)
           ^^^^^^^^^^^^^^^^^^^^^^^^^^^^^^^^^^^^^^
  File "D:\testplatformservice\testplatform\venv\Lib\site-packages\channels\routing.py", line 118, in __call__
    return await application(
           ^^^^^^^^^^^^^^^^^^
  File "D:\testplatformservice\testplatform\venv\Lib\site-packages\channels\consumer.py", line 95, in app
    return await consumer(scope, receive, send)
           ^^^^^^^^^^^^^^^^^^^^^^^^^^^^^^^^^^^^
  File "D:\testplatformservice\testplatform\venv\Lib\site-packages\channels\consumer.py", line 58, in __call__
    await await_many_dispatch(
  File "D:\testplatformservice\testplatform\venv\Lib\site-packages\channels\utils.py", line 57, in await_many_dispatch
    await task
redis.exceptions.ResponseError: unknown command 'BZPOPMIN'
[2026-07-06 10:43:57] ERROR [daphne.server:303] Exception inside application: unknown command 'BZPOPMIN'
Traceback (most recent call last):
  File "D:\testplatformservice\testplatform\venv\Lib\site-packages\channels\routing.py", line 48, in __call__
    return await application(scope, receive, send)
           ^^^^^^^^^^^^^^^^^^^^^^^^^^^^^^^^^^^^^^^
  File "D:\testplatformservice\testplatform\commons\ws\auth.py", line 28, in __call__
    return await super().__call__(scope, receive, send)
           ^^^^^^^^^^^^^^^^^^^^^^^^^^^^^^^^^^^^^^^^^^^^
  File "D:\testplatformservice\testplatform\venv\Lib\site-packages\channels\middleware.py", line 24, in __call__
    return await self.inner(scope, receive, send)
           ^^^^^^^^^^^^^^^^^^^^^^^^^^^^^^^^^^^^^^
  File "D:\testplatformservice\testplatform\venv\Lib\site-packages\channels\routing.py", line 118, in __call__
    return await application(
           ^^^^^^^^^^^^^^^^^^
  File "D:\testplatformservice\testplatform\venv\Lib\site-packages\channels\consumer.py", line 95, in app
    return await consumer(scope, receive, send)
           ^^^^^^^^^^^^^^^^^^^^^^^^^^^^^^^^^^^^
  File "D:\testplatformservice\testplatform\venv\Lib\site-packages\channels\consumer.py", line 58, in __call__
    await await_many_dispatch(
  File "D:\testplatformservice\testplatform\venv\Lib\site-packages\channels\utils.py", line 57, in await_many_dispatch
    await task
redis.exceptions.ResponseError: unknown command 'BZPOPMIN'
[2026-07-06 10:44:01] ERROR [daphne.server:303] Exception inside application: unknown command 'BZPOPMIN'
Traceback (most recent call last):
  File "D:\testplatformservice\testplatform\venv\Lib\site-packages\channels\routing.py", line 48, in __call__
    return await application(scope, receive, send)
           ^^^^^^^^^^^^^^^^^^^^^^^^^^^^^^^^^^^^^^^
  File "D:\testplatformservice\testplatform\commons\ws\auth.py", line 28, in __call__
    return await super().__call__(scope, receive, send)
           ^^^^^^^^^^^^^^^^^^^^^^^^^^^^^^^^^^^^^^^^^^^^
  File "D:\testplatformservice\testplatform\venv\Lib\site-packages\channels\middleware.py", line 24, in __call__
    return await self.inner(scope, receive, send)
           ^^^^^^^^^^^^^^^^^^^^^^^^^^^^^^^^^^^^^^
  File "D:\testplatformservice\testplatform\venv\Lib\site-packages\channels\routing.py", line 118, in __call__
    return await application(
           ^^^^^^^^^^^^^^^^^^
  File "D:\testplatformservice\testplatform\venv\Lib\site-packages\channels\consumer.py", line 95, in app
    return await consumer(scope, receive, send)
           ^^^^^^^^^^^^^^^^^^^^^^^^^^^^^^^^^^^^
  File "D:\testplatformservice\testplatform\venv\Lib\site-packages\channels\consumer.py", line 58, in __call__
    await await_many_dispatch(
  File "D:\testplatformservice\testplatform\venv\Lib\site-packages\channels\utils.py", line 57, in await_many_dispatch
    await task
redis.exceptions.ResponseError: unknown command 'BZPOPMIN'
[2026-07-06 10:44:05] ERROR [daphne.server:303] Exception inside application: unknown command 'BZPOPMIN'
Traceback (most recent call last):
  File "D:\testplatformservice\testplatform\venv\Lib\site-packages\channels\routing.py", line 48, in __call__
    return await application(scope, receive, send)
           ^^^^^^^^^^^^^^^^^^^^^^^^^^^^^^^^^^^^^^^
  File "D:\testplatformservice\testplatform\commons\ws\auth.py", line 28, in __call__
    return await super().__call__(scope, receive, send)
           ^^^^^^^^^^^^^^^^^^^^^^^^^^^^^^^^^^^^^^^^^^^^
  File "D:\testplatformservice\testplatform\venv\Lib\site-packages\channels\middleware.py", line 24, in __call__
    return await self.inner(scope, receive, send)
           ^^^^^^^^^^^^^^^^^^^^^^^^^^^^^^^^^^^^^^
  File "D:\testplatformservice\testplatform\venv\Lib\site-packages\channels\routing.py", line 118, in __call__
    return await application(
           ^^^^^^^^^^^^^^^^^^
  File "D:\testplatformservice\testplatform\venv\Lib\site-packages\channels\consumer.py", line 95, in app
    return await consumer(scope, receive, send)
           ^^^^^^^^^^^^^^^^^^^^^^^^^^^^^^^^^^^^
  File "D:\testplatformservice\testplatform\venv\Lib\site-packages\channels\consumer.py", line 58, in __call__
    await await_many_dispatch(
  File "D:\testplatformservice\testplatform\venv\Lib\site-packages\channels\utils.py", line 57, in await_many_dispatch
    await task
redis.exceptions.ResponseError: unknown command 'BZPOPMIN'
[2026-07-06 10:44:09] ERROR [daphne.server:303] Exception inside application: unknown command 'BZPOPMIN'
Traceback (most recent call last):
  File "D:\testplatformservice\testplatform\venv\Lib\site-packages\channels\routing.py", line 48, in __call__
    return await application(scope, receive, send)
           ^^^^^^^^^^^^^^^^^^^^^^^^^^^^^^^^^^^^^^^
  File "D:\testplatformservice\testplatform\commons\ws\auth.py", line 28, in __call__
    return await super().__call__(scope, receive, send)
           ^^^^^^^^^^^^^^^^^^^^^^^^^^^^^^^^^^^^^^^^^^^^
  File "D:\testplatformservice\testplatform\venv\Lib\site-packages\channels\middleware.py", line 24, in __call__
    return await self.inner(scope, receive, send)
           ^^^^^^^^^^^^^^^^^^^^^^^^^^^^^^^^^^^^^^
  File "D:\testplatformservice\testplatform\venv\Lib\site-packages\channels\routing.py", line 118, in __call__
    return await application(
           ^^^^^^^^^^^^^^^^^^
  File "D:\testplatformservice\testplatform\venv\Lib\site-packages\channels\consumer.py", line 95, in app
    return await consumer(scope, receive, send)
           ^^^^^^^^^^^^^^^^^^^^^^^^^^^^^^^^^^^^
  File "D:\testplatformservice\testplatform\venv\Lib\site-packages\channels\consumer.py", line 58, in __call__
    await await_many_dispatch(
  File "D:\testplatformservice\testplatform\venv\Lib\site-packages\channels\utils.py", line 57, in await_many_dispatch
    await task
redis.exceptions.ResponseError: unknown command 'BZPOPMIN'
[2026-07-06 10:44:13] ERROR [daphne.server:303] Exception inside application: unknown command 'BZPOPMIN'
Traceback (most recent call last):
  File "D:\testplatformservice\testplatform\venv\Lib\site-packages\channels\routing.py", line 48, in __call__
    return await application(scope, receive, send)
           ^^^^^^^^^^^^^^^^^^^^^^^^^^^^^^^^^^^^^^^
  File "D:\testplatformservice\testplatform\commons\ws\auth.py", line 28, in __call__
    return await super().__call__(scope, receive, send)
           ^^^^^^^^^^^^^^^^^^^^^^^^^^^^^^^^^^^^^^^^^^^^
  File "D:\testplatformservice\testplatform\venv\Lib\site-packages\channels\middleware.py", line 24, in __call__
    return await self.inner(scope, receive, send)
           ^^^^^^^^^^^^^^^^^^^^^^^^^^^^^^^^^^^^^^
  File "D:\testplatformservice\testplatform\venv\Lib\site-packages\channels\routing.py", line 118, in __call__
    return await application(
           ^^^^^^^^^^^^^^^^^^
  File "D:\testplatformservice\testplatform\venv\Lib\site-packages\channels\consumer.py", line 95, in app
    return await consumer(scope, receive, send)
           ^^^^^^^^^^^^^^^^^^^^^^^^^^^^^^^^^^^^
  File "D:\testplatformservice\testplatform\venv\Lib\site-packages\channels\consumer.py", line 58, in __call__
    await await_many_dispatch(
  File "D:\testplatformservice\testplatform\venv\Lib\site-packages\channels\utils.py", line 57, in await_many_dispatch
    await task
redis.exceptions.ResponseError: unknown command 'BZPOPMIN'
[2026-07-06 10:44:17] ERROR [daphne.server:303] Exception inside application: unknown command 'BZPOPMIN'
Traceback (most recent call last):
  File "D:\testplatformservice\testplatform\venv\Lib\site-packages\channels\routing.py", line 48, in __call__
    return await application(scope, receive, send)
           ^^^^^^^^^^^^^^^^^^^^^^^^^^^^^^^^^^^^^^^
  File "D:\testplatformservice\testplatform\commons\ws\auth.py", line 28, in __call__
    return await super().__call__(scope, receive, send)
           ^^^^^^^^^^^^^^^^^^^^^^^^^^^^^^^^^^^^^^^^^^^^
  File "D:\testplatformservice\testplatform\venv\Lib\site-packages\channels\middleware.py", line 24, in __call__
    return await self.inner(scope, receive, send)
           ^^^^^^^^^^^^^^^^^^^^^^^^^^^^^^^^^^^^^^
  File "D:\testplatformservice\testplatform\venv\Lib\site-packages\channels\routing.py", line 118, in __call__
    return await application(
           ^^^^^^^^^^^^^^^^^^
  File "D:\testplatformservice\testplatform\venv\Lib\site-packages\channels\consumer.py", line 95, in app
    return await consumer(scope, receive, send)
           ^^^^^^^^^^^^^^^^^^^^^^^^^^^^^^^^^^^^
  File "D:\testplatformservice\testplatform\venv\Lib\site-packages\channels\consumer.py", line 58, in __call__
    await await_many_dispatch(
  File "D:\testplatformservice\testplatform\venv\Lib\site-packages\channels\utils.py", line 57, in await_many_dispatch
    await task
redis.exceptions.ResponseError: unknown command 'BZPOPMIN'
[2026-07-06 10:44:21] ERROR [daphne.server:303] Exception inside application: unknown command 'BZPOPMIN'
Traceback (most recent call last):
  File "D:\testplatformservice\testplatform\venv\Lib\site-packages\channels\routing.py", line 48, in __call__
    return await application(scope, receive, send)
           ^^^^^^^^^^^^^^^^^^^^^^^^^^^^^^^^^^^^^^^
  File "D:\testplatformservice\testplatform\commons\ws\auth.py", line 28, in __call__
    return await super().__call__(scope, receive, send)
           ^^^^^^^^^^^^^^^^^^^^^^^^^^^^^^^^^^^^^^^^^^^^
  File "D:\testplatformservice\testplatform\venv\Lib\site-packages\channels\middleware.py", line 24, in __call__
    return await self.inner(scope, receive, send)
           ^^^^^^^^^^^^^^^^^^^^^^^^^^^^^^^^^^^^^^
  File "D:\testplatformservice\testplatform\venv\Lib\site-packages\channels\routing.py", line 118, in __call__
    return await application(
           ^^^^^^^^^^^^^^^^^^
  File "D:\testplatformservice\testplatform\venv\Lib\site-packages\channels\consumer.py", line 95, in app
    return await consumer(scope, receive, send)
           ^^^^^^^^^^^^^^^^^^^^^^^^^^^^^^^^^^^^
  File "D:\testplatformservice\testplatform\venv\Lib\site-packages\channels\consumer.py", line 58, in __call__
    await await_many_dispatch(
  File "D:\testplatformservice\testplatform\venv\Lib\site-packages\channels\utils.py", line 57, in await_many_dispatch
    await task
redis.exceptions.ResponseError: unknown command 'BZPOPMIN'
[2026-07-06 10:44:25] ERROR [daphne.server:303] Exception inside application: unknown command 'BZPOPMIN'
Traceback (most recent call last):
  File "D:\testplatformservice\testplatform\venv\Lib\site-packages\channels\routing.py", line 48, in __call__
    return await application(scope, receive, send)
           ^^^^^^^^^^^^^^^^^^^^^^^^^^^^^^^^^^^^^^^
  File "D:\testplatformservice\testplatform\commons\ws\auth.py", line 28, in __call__
    return await super().__call__(scope, receive, send)
           ^^^^^^^^^^^^^^^^^^^^^^^^^^^^^^^^^^^^^^^^^^^^
  File "D:\testplatformservice\testplatform\venv\Lib\site-packages\channels\middleware.py", line 24, in __call__
    return await self.inner(scope, receive, send)
           ^^^^^^^^^^^^^^^^^^^^^^^^^^^^^^^^^^^^^^
  File "D:\testplatformservice\testplatform\venv\Lib\site-packages\channels\routing.py", line 118, in __call__
    return await application(
           ^^^^^^^^^^^^^^^^^^
  File "D:\testplatformservice\testplatform\venv\Lib\site-packages\channels\consumer.py", line 95, in app
    return await consumer(scope, receive, send)
           ^^^^^^^^^^^^^^^^^^^^^^^^^^^^^^^^^^^^
  File "D:\testplatformservice\testplatform\venv\Lib\site-packages\channels\consumer.py", line 58, in __call__
    await await_many_dispatch(
  File "D:\testplatformservice\testplatform\venv\Lib\site-packages\channels\utils.py", line 57, in await_many_dispatch
    await task
redis.exceptions.ResponseError: unknown command 'BZPOPMIN'
[2026-07-06 10:44:29] ERROR [daphne.server:303] Exception inside application: unknown command 'BZPOPMIN'
Traceback (most recent call last):
  File "D:\testplatformservice\testplatform\venv\Lib\site-packages\channels\routing.py", line 48, in __call__
    return await application(scope, receive, send)
           ^^^^^^^^^^^^^^^^^^^^^^^^^^^^^^^^^^^^^^^
  File "D:\testplatformservice\testplatform\commons\ws\auth.py", line 28, in __call__
    return await super().__call__(scope, receive, send)
           ^^^^^^^^^^^^^^^^^^^^^^^^^^^^^^^^^^^^^^^^^^^^
  File "D:\testplatformservice\testplatform\venv\Lib\site-packages\channels\middleware.py", line 24, in __call__
    return await self.inner(scope, receive, send)
           ^^^^^^^^^^^^^^^^^^^^^^^^^^^^^^^^^^^^^^
  File "D:\testplatformservice\testplatform\venv\Lib\site-packages\channels\routing.py", line 118, in __call__
    return await application(
           ^^^^^^^^^^^^^^^^^^
  File "D:\testplatformservice\testplatform\venv\Lib\site-packages\channels\consumer.py", line 95, in app
    return await consumer(scope, receive, send)
           ^^^^^^^^^^^^^^^^^^^^^^^^^^^^^^^^^^^^
  File "D:\testplatformservice\testplatform\venv\Lib\site-packages\channels\consumer.py", line 58, in __call__
    await await_many_dispatch(
  File "D:\testplatformservice\testplatform\venv\Lib\site-packages\channels\utils.py", line 57, in await_many_dispatch
    await task
redis.exceptions.ResponseError: unknown command 'BZPOPMIN'
[2026-07-06 10:44:33] ERROR [daphne.server:303] Exception inside application: unknown command 'BZPOPMIN'
Traceback (most recent call last):
  File "D:\testplatformservice\testplatform\venv\Lib\site-packages\channels\routing.py", line 48, in __call__
    return await application(scope, receive, send)
           ^^^^^^^^^^^^^^^^^^^^^^^^^^^^^^^^^^^^^^^
  File "D:\testplatformservice\testplatform\commons\ws\auth.py", line 28, in __call__
    return await super().__call__(scope, receive, send)
           ^^^^^^^^^^^^^^^^^^^^^^^^^^^^^^^^^^^^^^^^^^^^
  File "D:\testplatformservice\testplatform\venv\Lib\site-packages\channels\middleware.py", line 24, in __call__
    return await self.inner(scope, receive, send)
           ^^^^^^^^^^^^^^^^^^^^^^^^^^^^^^^^^^^^^^
  File "D:\testplatformservice\testplatform\venv\Lib\site-packages\channels\routing.py", line 118, in __call__
    return await application(
           ^^^^^^^^^^^^^^^^^^
  File "D:\testplatformservice\testplatform\venv\Lib\site-packages\channels\consumer.py", line 95, in app
    return await consumer(scope, receive, send)
           ^^^^^^^^^^^^^^^^^^^^^^^^^^^^^^^^^^^^
  File "D:\testplatformservice\testplatform\venv\Lib\site-packages\channels\consumer.py", line 58, in __call__
    await await_many_dispatch(
  File "D:\testplatformservice\testplatform\venv\Lib\site-packages\channels\utils.py", line 57, in await_many_dispatch
    await task
redis.exceptions.ResponseError: unknown command 'BZPOPMIN'
[2026-07-06 10:44:37] ERROR [daphne.server:303] Exception inside application: unknown command 'BZPOPMIN'
Traceback (most recent call last):
  File "D:\testplatformservice\testplatform\venv\Lib\site-packages\channels\routing.py", line 48, in __call__
    return await application(scope, receive, send)
           ^^^^^^^^^^^^^^^^^^^^^^^^^^^^^^^^^^^^^^^
  File "D:\testplatformservice\testplatform\commons\ws\auth.py", line 28, in __call__
    return await super().__call__(scope, receive, send)
           ^^^^^^^^^^^^^^^^^^^^^^^^^^^^^^^^^^^^^^^^^^^^
  File "D:\testplatformservice\testplatform\venv\Lib\site-packages\channels\middleware.py", line 24, in __call__
    return await self.inner(scope, receive, send)
           ^^^^^^^^^^^^^^^^^^^^^^^^^^^^^^^^^^^^^^
  File "D:\testplatformservice\testplatform\venv\Lib\site-packages\channels\routing.py", line 118, in __call__
    return await application(
           ^^^^^^^^^^^^^^^^^^
  File "D:\testplatformservice\testplatform\venv\Lib\site-packages\channels\consumer.py", line 95, in app
    return await consumer(scope, receive, send)
           ^^^^^^^^^^^^^^^^^^^^^^^^^^^^^^^^^^^^
  File "D:\testplatformservice\testplatform\venv\Lib\site-packages\channels\consumer.py", line 58, in __call__
    await await_many_dispatch(
  File "D:\testplatformservice\testplatform\venv\Lib\site-packages\channels\utils.py", line 57, in await_many_dispatch
    await task
redis.exceptions.ResponseError: unknown command 'BZPOPMIN'
[2026-07-06 10:44:41] ERROR [daphne.server:303] Exception inside application: unknown command 'BZPOPMIN'
Traceback (most recent call last):
  File "D:\testplatformservice\testplatform\venv\Lib\site-packages\channels\routing.py", line 48, in __call__
    return await application(scope, receive, send)
           ^^^^^^^^^^^^^^^^^^^^^^^^^^^^^^^^^^^^^^^
  File "D:\testplatformservice\testplatform\commons\ws\auth.py", line 28, in __call__
    return await super().__call__(scope, receive, send)
           ^^^^^^^^^^^^^^^^^^^^^^^^^^^^^^^^^^^^^^^^^^^^
  File "D:\testplatformservice\testplatform\venv\Lib\site-packages\channels\middleware.py", line 24, in __call__
    return await self.inner(scope, receive, send)
           ^^^^^^^^^^^^^^^^^^^^^^^^^^^^^^^^^^^^^^
  File "D:\testplatformservice\testplatform\venv\Lib\site-packages\channels\routing.py", line 118, in __call__
    return await application(
           ^^^^^^^^^^^^^^^^^^
  File "D:\testplatformservice\testplatform\venv\Lib\site-packages\channels\consumer.py", line 95, in app
    return await consumer(scope, receive, send)
           ^^^^^^^^^^^^^^^^^^^^^^^^^^^^^^^^^^^^
  File "D:\testplatformservice\testplatform\venv\Lib\site-packages\channels\consumer.py", line 58, in __call__
    await await_many_dispatch(
  File "D:\testplatformservice\testplatform\venv\Lib\site-packages\channels\utils.py", line 57, in await_many_dispatch
    await task
redis.exceptions.ResponseError: unknown command 'BZPOPMIN'
[2026-07-06 10:44:46] ERROR [daphne.server:303] Exception inside application: unknown command 'BZPOPMIN'
Traceback (most recent call last):
  File "D:\testplatformservice\testplatform\venv\Lib\site-packages\channels\routing.py", line 48, in __call__
    return await application(scope, receive, send)
           ^^^^^^^^^^^^^^^^^^^^^^^^^^^^^^^^^^^^^^^
  File "D:\testplatformservice\testplatform\commons\ws\auth.py", line 28, in __call__
    return await super().__call__(scope, receive, send)
           ^^^^^^^^^^^^^^^^^^^^^^^^^^^^^^^^^^^^^^^^^^^^
  File "D:\testplatformservice\testplatform\venv\Lib\site-packages\channels\middleware.py", line 24, in __call__
    return await self.inner(scope, receive, send)
           ^^^^^^^^^^^^^^^^^^^^^^^^^^^^^^^^^^^^^^
  File "D:\testplatformservice\testplatform\venv\Lib\site-packages\channels\routing.py", line 118, in __call__
    return await application(
           ^^^^^^^^^^^^^^^^^^
  File "D:\testplatformservice\testplatform\venv\Lib\site-packages\channels\consumer.py", line 95, in app
    return await consumer(scope, receive, send)
           ^^^^^^^^^^^^^^^^^^^^^^^^^^^^^^^^^^^^
  File "D:\testplatformservice\testplatform\venv\Lib\site-packages\channels\consumer.py", line 58, in __call__
    await await_many_dispatch(
  File "D:\testplatformservice\testplatform\venv\Lib\site-packages\channels\utils.py", line 57, in await_many_dispatch
    await task
redis.exceptions.ResponseError: unknown command 'BZPOPMIN'
[2026-07-06 10:44:50] ERROR [daphne.server:303] Exception inside application: unknown command 'BZPOPMIN'
Traceback (most recent call last):
  File "D:\testplatformservice\testplatform\venv\Lib\site-packages\channels\routing.py", line 48, in __call__
    return await application(scope, receive, send)
           ^^^^^^^^^^^^^^^^^^^^^^^^^^^^^^^^^^^^^^^
  File "D:\testplatformservice\testplatform\commons\ws\auth.py", line 28, in __call__
    return await super().__call__(scope, receive, send)
           ^^^^^^^^^^^^^^^^^^^^^^^^^^^^^^^^^^^^^^^^^^^^
  File "D:\testplatformservice\testplatform\venv\Lib\site-packages\channels\middleware.py", line 24, in __call__
    return await self.inner(scope, receive, send)
           ^^^^^^^^^^^^^^^^^^^^^^^^^^^^^^^^^^^^^^
  File "D:\testplatformservice\testplatform\venv\Lib\site-packages\channels\routing.py", line 118, in __call__
    return await application(
           ^^^^^^^^^^^^^^^^^^
  File "D:\testplatformservice\testplatform\venv\Lib\site-packages\channels\consumer.py", line 95, in app
    return await consumer(scope, receive, send)
           ^^^^^^^^^^^^^^^^^^^^^^^^^^^^^^^^^^^^
  File "D:\testplatformservice\testplatform\venv\Lib\site-packages\channels\consumer.py", line 58, in __call__
    await await_many_dispatch(
  File "D:\testplatformservice\testplatform\venv\Lib\site-packages\channels\utils.py", line 57, in await_many_dispatch
    await task
redis.exceptions.ResponseError: unknown command 'BZPOPMIN'
[2026-07-06 10:44:54] ERROR [daphne.server:303] Exception inside application: unknown command 'BZPOPMIN'
Traceback (most recent call last):
  File "D:\testplatformservice\testplatform\venv\Lib\site-packages\channels\routing.py", line 48, in __call__
    return await application(scope, receive, send)
           ^^^^^^^^^^^^^^^^^^^^^^^^^^^^^^^^^^^^^^^
  File "D:\testplatformservice\testplatform\commons\ws\auth.py", line 28, in __call__
    return await super().__call__(scope, receive, send)
           ^^^^^^^^^^^^^^^^^^^^^^^^^^^^^^^^^^^^^^^^^^^^
  File "D:\testplatformservice\testplatform\venv\Lib\site-packages\channels\middleware.py", line 24, in __call__
    return await self.inner(scope, receive, send)
           ^^^^^^^^^^^^^^^^^^^^^^^^^^^^^^^^^^^^^^
  File "D:\testplatformservice\testplatform\venv\Lib\site-packages\channels\routing.py", line 118, in __call__
    return await application(
           ^^^^^^^^^^^^^^^^^^
  File "D:\testplatformservice\testplatform\venv\Lib\site-packages\channels\consumer.py", line 95, in app
    return await consumer(scope, receive, send)
           ^^^^^^^^^^^^^^^^^^^^^^^^^^^^^^^^^^^^
  File "D:\testplatformservice\testplatform\venv\Lib\site-packages\channels\consumer.py", line 58, in __call__
    await await_many_dispatch(
  File "D:\testplatformservice\testplatform\venv\Lib\site-packages\channels\utils.py", line 57, in await_many_dispatch
    await task
redis.exceptions.ResponseError: unknown command 'BZPOPMIN'
[2026-07-06 10:44:58] ERROR [daphne.server:303] Exception inside application: unknown command 'BZPOPMIN'
Traceback (most recent call last):
  File "D:\testplatformservice\testplatform\venv\Lib\site-packages\channels\routing.py", line 48, in __call__
    return await application(scope, receive, send)
           ^^^^^^^^^^^^^^^^^^^^^^^^^^^^^^^^^^^^^^^
  File "D:\testplatformservice\testplatform\commons\ws\auth.py", line 28, in __call__
    return await super().__call__(scope, receive, send)
           ^^^^^^^^^^^^^^^^^^^^^^^^^^^^^^^^^^^^^^^^^^^^
  File "D:\testplatformservice\testplatform\venv\Lib\site-packages\channels\middleware.py", line 24, in __call__
    return await self.inner(scope, receive, send)
           ^^^^^^^^^^^^^^^^^^^^^^^^^^^^^^^^^^^^^^
  File "D:\testplatformservice\testplatform\venv\Lib\site-packages\channels\routing.py", line 118, in __call__
    return await application(
           ^^^^^^^^^^^^^^^^^^
  File "D:\testplatformservice\testplatform\venv\Lib\site-packages\channels\consumer.py", line 95, in app
    return await consumer(scope, receive, send)
           ^^^^^^^^^^^^^^^^^^^^^^^^^^^^^^^^^^^^
  File "D:\testplatformservice\testplatform\venv\Lib\site-packages\channels\consumer.py", line 58, in __call__
    await await_many_dispatch(
  File "D:\testplatformservice\testplatform\venv\Lib\site-packages\channels\utils.py", line 57, in await_many_dispatch
    await task
redis.exceptions.ResponseError: unknown command 'BZPOPMIN'
[2026-07-06 10:45:02] ERROR [daphne.server:303] Exception inside application: unknown command 'BZPOPMIN'
Traceback (most recent call last):
  File "D:\testplatformservice\testplatform\venv\Lib\site-packages\channels\routing.py", line 48, in __call__
    return await application(scope, receive, send)
           ^^^^^^^^^^^^^^^^^^^^^^^^^^^^^^^^^^^^^^^
  File "D:\testplatformservice\testplatform\commons\ws\auth.py", line 28, in __call__
    return await super().__call__(scope, receive, send)
           ^^^^^^^^^^^^^^^^^^^^^^^^^^^^^^^^^^^^^^^^^^^^
  File "D:\testplatformservice\testplatform\venv\Lib\site-packages\channels\middleware.py", line 24, in __call__
    return await self.inner(scope, receive, send)
           ^^^^^^^^^^^^^^^^^^^^^^^^^^^^^^^^^^^^^^
  File "D:\testplatformservice\testplatform\venv\Lib\site-packages\channels\routing.py", line 118, in __call__
    return await application(
           ^^^^^^^^^^^^^^^^^^
  File "D:\testplatformservice\testplatform\venv\Lib\site-packages\channels\consumer.py", line 95, in app
    return await consumer(scope, receive, send)
           ^^^^^^^^^^^^^^^^^^^^^^^^^^^^^^^^^^^^
  File "D:\testplatformservice\testplatform\venv\Lib\site-packages\channels\consumer.py", line 58, in __call__
    await await_many_dispatch(
  File "D:\testplatformservice\testplatform\venv\Lib\site-packages\channels\utils.py", line 57, in await_many_dispatch
    await task
redis.exceptions.ResponseError: unknown command 'BZPOPMIN'
[2026-07-06 10:45:06] ERROR [daphne.server:303] Exception inside application: unknown command 'BZPOPMIN'
Traceback (most recent call last):
  File "D:\testplatformservice\testplatform\venv\Lib\site-packages\channels\routing.py", line 48, in __call__
    return await application(scope, receive, send)
           ^^^^^^^^^^^^^^^^^^^^^^^^^^^^^^^^^^^^^^^
  File "D:\testplatformservice\testplatform\commons\ws\auth.py", line 28, in __call__
    return await super().__call__(scope, receive, send)
           ^^^^^^^^^^^^^^^^^^^^^^^^^^^^^^^^^^^^^^^^^^^^
  File "D:\testplatformservice\testplatform\venv\Lib\site-packages\channels\middleware.py", line 24, in __call__
    return await self.inner(scope, receive, send)
           ^^^^^^^^^^^^^^^^^^^^^^^^^^^^^^^^^^^^^^
  File "D:\testplatformservice\testplatform\venv\Lib\site-packages\channels\routing.py", line 118, in __call__
    return await application(
           ^^^^^^^^^^^^^^^^^^
  File "D:\testplatformservice\testplatform\venv\Lib\site-packages\channels\consumer.py", line 95, in app
    return await consumer(scope, receive, send)
           ^^^^^^^^^^^^^^^^^^^^^^^^^^^^^^^^^^^^
  File "D:\testplatformservice\testplatform\venv\Lib\site-packages\channels\consumer.py", line 58, in __call__
    await await_many_dispatch(
  File "D:\testplatformservice\testplatform\venv\Lib\site-packages\channels\utils.py", line 57, in await_many_dispatch
    await task
redis.exceptions.ResponseError: unknown command 'BZPOPMIN'
[2026-07-06 10:45:10] ERROR [daphne.server:303] Exception inside application: unknown command 'BZPOPMIN'
Traceback (most recent call last):
  File "D:\testplatformservice\testplatform\venv\Lib\site-packages\channels\routing.py", line 48, in __call__
    return await application(scope, receive, send)
           ^^^^^^^^^^^^^^^^^^^^^^^^^^^^^^^^^^^^^^^
  File "D:\testplatformservice\testplatform\commons\ws\auth.py", line 28, in __call__
    return await super().__call__(scope, receive, send)
           ^^^^^^^^^^^^^^^^^^^^^^^^^^^^^^^^^^^^^^^^^^^^
  File "D:\testplatformservice\testplatform\venv\Lib\site-packages\channels\middleware.py", line 24, in __call__
    return await self.inner(scope, receive, send)
           ^^^^^^^^^^^^^^^^^^^^^^^^^^^^^^^^^^^^^^
  File "D:\testplatformservice\testplatform\venv\Lib\site-packages\channels\routing.py", line 118, in __call__
    return await application(
           ^^^^^^^^^^^^^^^^^^
  File "D:\testplatformservice\testplatform\venv\Lib\site-packages\channels\consumer.py", line 95, in app
    return await consumer(scope, receive, send)
           ^^^^^^^^^^^^^^^^^^^^^^^^^^^^^^^^^^^^
  File "D:\testplatformservice\testplatform\venv\Lib\site-packages\channels\consumer.py", line 58, in __call__
    await await_many_dispatch(
  File "D:\testplatformservice\testplatform\venv\Lib\site-packages\channels\utils.py", line 57, in await_many_dispatch
    await task
redis.exceptions.ResponseError: unknown command 'BZPOPMIN'
[2026-07-06 10:45:14] ERROR [daphne.server:303] Exception inside application: unknown command 'BZPOPMIN'
Traceback (most recent call last):
  File "D:\testplatformservice\testplatform\venv\Lib\site-packages\channels\routing.py", line 48, in __call__
    return await application(scope, receive, send)
           ^^^^^^^^^^^^^^^^^^^^^^^^^^^^^^^^^^^^^^^
  File "D:\testplatformservice\testplatform\commons\ws\auth.py", line 28, in __call__
    return await super().__call__(scope, receive, send)
           ^^^^^^^^^^^^^^^^^^^^^^^^^^^^^^^^^^^^^^^^^^^^
  File "D:\testplatformservice\testplatform\venv\Lib\site-packages\channels\middleware.py", line 24, in __call__
    return await self.inner(scope, receive, send)
           ^^^^^^^^^^^^^^^^^^^^^^^^^^^^^^^^^^^^^^
  File "D:\testplatformservice\testplatform\venv\Lib\site-packages\channels\routing.py", line 118, in __call__
    return await application(
           ^^^^^^^^^^^^^^^^^^
  File "D:\testplatformservice\testplatform\venv\Lib\site-packages\channels\consumer.py", line 95, in app
    return await consumer(scope, receive, send)
           ^^^^^^^^^^^^^^^^^^^^^^^^^^^^^^^^^^^^
  File "D:\testplatformservice\testplatform\venv\Lib\site-packages\channels\consumer.py", line 58, in __call__
    await await_many_dispatch(
  File "D:\testplatformservice\testplatform\venv\Lib\site-packages\channels\utils.py", line 57, in await_many_dispatch
    await task
redis.exceptions.ResponseError: unknown command 'BZPOPMIN'
[2026-07-06 10:45:18] ERROR [daphne.server:303] Exception inside application: unknown command 'BZPOPMIN'
Traceback (most recent call last):
  File "D:\testplatformservice\testplatform\venv\Lib\site-packages\channels\routing.py", line 48, in __call__
    return await application(scope, receive, send)
           ^^^^^^^^^^^^^^^^^^^^^^^^^^^^^^^^^^^^^^^
  File "D:\testplatformservice\testplatform\commons\ws\auth.py", line 28, in __call__
    return await super().__call__(scope, receive, send)
           ^^^^^^^^^^^^^^^^^^^^^^^^^^^^^^^^^^^^^^^^^^^^
  File "D:\testplatformservice\testplatform\venv\Lib\site-packages\channels\middleware.py", line 24, in __call__
    return await self.inner(scope, receive, send)
           ^^^^^^^^^^^^^^^^^^^^^^^^^^^^^^^^^^^^^^
  File "D:\testplatformservice\testplatform\venv\Lib\site-packages\channels\routing.py", line 118, in __call__
    return await application(
           ^^^^^^^^^^^^^^^^^^
  File "D:\testplatformservice\testplatform\venv\Lib\site-packages\channels\consumer.py", line 95, in app
    return await consumer(scope, receive, send)
           ^^^^^^^^^^^^^^^^^^^^^^^^^^^^^^^^^^^^
  File "D:\testplatformservice\testplatform\venv\Lib\site-packages\channels\consumer.py", line 58, in __call__
    await await_many_dispatch(
  File "D:\testplatformservice\testplatform\venv\Lib\site-packages\channels\utils.py", line 57, in await_many_dispatch
    await task
redis.exceptions.ResponseError: unknown command 'BZPOPMIN'
[2026-07-06 10:45:22] ERROR [daphne.server:303] Exception inside application: unknown command 'BZPOPMIN'
Traceback (most recent call last):
  File "D:\testplatformservice\testplatform\venv\Lib\site-packages\channels\routing.py", line 48, in __call__
    return await application(scope, receive, send)
           ^^^^^^^^^^^^^^^^^^^^^^^^^^^^^^^^^^^^^^^
  File "D:\testplatformservice\testplatform\commons\ws\auth.py", line 28, in __call__
    return await super().__call__(scope, receive, send)
           ^^^^^^^^^^^^^^^^^^^^^^^^^^^^^^^^^^^^^^^^^^^^
  File "D:\testplatformservice\testplatform\venv\Lib\site-packages\channels\middleware.py", line 24, in __call__
    return await self.inner(scope, receive, send)
           ^^^^^^^^^^^^^^^^^^^^^^^^^^^^^^^^^^^^^^
  File "D:\testplatformservice\testplatform\venv\Lib\site-packages\channels\routing.py", line 118, in __call__
    return await application(
           ^^^^^^^^^^^^^^^^^^
  File "D:\testplatformservice\testplatform\venv\Lib\site-packages\channels\consumer.py", line 95, in app
    return await consumer(scope, receive, send)
           ^^^^^^^^^^^^^^^^^^^^^^^^^^^^^^^^^^^^
  File "D:\testplatformservice\testplatform\venv\Lib\site-packages\channels\consumer.py", line 58, in __call__
    await await_many_dispatch(
  File "D:\testplatformservice\testplatform\venv\Lib\site-packages\channels\utils.py", line 57, in await_many_dispatch
    await task
redis.exceptions.ResponseError: unknown command 'BZPOPMIN'
[2026-07-06 10:45:26] ERROR [daphne.server:303] Exception inside application: unknown command 'BZPOPMIN'
Traceback (most recent call last):
  File "D:\testplatformservice\testplatform\venv\Lib\site-packages\channels\routing.py", line 48, in __call__
    return await application(scope, receive, send)
           ^^^^^^^^^^^^^^^^^^^^^^^^^^^^^^^^^^^^^^^
  File "D:\testplatformservice\testplatform\commons\ws\auth.py", line 28, in __call__
    return await super().__call__(scope, receive, send)
           ^^^^^^^^^^^^^^^^^^^^^^^^^^^^^^^^^^^^^^^^^^^^
  File "D:\testplatformservice\testplatform\venv\Lib\site-packages\channels\middleware.py", line 24, in __call__
    return await self.inner(scope, receive, send)
           ^^^^^^^^^^^^^^^^^^^^^^^^^^^^^^^^^^^^^^
  File "D:\testplatformservice\testplatform\venv\Lib\site-packages\channels\routing.py", line 118, in __call__
    return await application(
           ^^^^^^^^^^^^^^^^^^
  File "D:\testplatformservice\testplatform\venv\Lib\site-packages\channels\consumer.py", line 95, in app
    return await consumer(scope, receive, send)
           ^^^^^^^^^^^^^^^^^^^^^^^^^^^^^^^^^^^^
  File "D:\testplatformservice\testplatform\venv\Lib\site-packages\channels\consumer.py", line 58, in __call__
    await await_many_dispatch(
  File "D:\testplatformservice\testplatform\venv\Lib\site-packages\channels\utils.py", line 57, in await_many_dispatch
    await task
redis.exceptions.ResponseError: unknown command 'BZPOPMIN'
[2026-07-06 10:45:30] ERROR [daphne.server:303] Exception inside application: unknown command 'BZPOPMIN'
Traceback (most recent call last):
  File "D:\testplatformservice\testplatform\venv\Lib\site-packages\channels\routing.py", line 48, in __call__
    return await application(scope, receive, send)
           ^^^^^^^^^^^^^^^^^^^^^^^^^^^^^^^^^^^^^^^
  File "D:\testplatformservice\testplatform\commons\ws\auth.py", line 28, in __call__
    return await super().__call__(scope, receive, send)
           ^^^^^^^^^^^^^^^^^^^^^^^^^^^^^^^^^^^^^^^^^^^^
  File "D:\testplatformservice\testplatform\venv\Lib\site-packages\channels\middleware.py", line 24, in __call__
    return await self.inner(scope, receive, send)
           ^^^^^^^^^^^^^^^^^^^^^^^^^^^^^^^^^^^^^^
  File "D:\testplatformservice\testplatform\venv\Lib\site-packages\channels\routing.py", line 118, in __call__
    return await application(
           ^^^^^^^^^^^^^^^^^^
  File "D:\testplatformservice\testplatform\venv\Lib\site-packages\channels\consumer.py", line 95, in app
    return await consumer(scope, receive, send)
           ^^^^^^^^^^^^^^^^^^^^^^^^^^^^^^^^^^^^
  File "D:\testplatformservice\testplatform\venv\Lib\site-packages\channels\consumer.py", line 58, in __call__
    await await_many_dispatch(
  File "D:\testplatformservice\testplatform\venv\Lib\site-packages\channels\utils.py", line 57, in await_many_dispatch
    await task
redis.exceptions.ResponseError: unknown command 'BZPOPMIN'
[2026-07-06 10:45:34] ERROR [daphne.server:303] Exception inside application: unknown command 'BZPOPMIN'
Traceback (most recent call last):
  File "D:\testplatformservice\testplatform\venv\Lib\site-packages\channels\routing.py", line 48, in __call__
    return await application(scope, receive, send)
           ^^^^^^^^^^^^^^^^^^^^^^^^^^^^^^^^^^^^^^^
  File "D:\testplatformservice\testplatform\commons\ws\auth.py", line 28, in __call__
    return await super().__call__(scope, receive, send)
           ^^^^^^^^^^^^^^^^^^^^^^^^^^^^^^^^^^^^^^^^^^^^
  File "D:\testplatformservice\testplatform\venv\Lib\site-packages\channels\middleware.py", line 24, in __call__
    return await self.inner(scope, receive, send)
           ^^^^^^^^^^^^^^^^^^^^^^^^^^^^^^^^^^^^^^
  File "D:\testplatformservice\testplatform\venv\Lib\site-packages\channels\routing.py", line 118, in __call__
    return await application(
           ^^^^^^^^^^^^^^^^^^
  File "D:\testplatformservice\testplatform\venv\Lib\site-packages\channels\consumer.py", line 95, in app
    return await consumer(scope, receive, send)
           ^^^^^^^^^^^^^^^^^^^^^^^^^^^^^^^^^^^^
  File "D:\testplatformservice\testplatform\venv\Lib\site-packages\channels\consumer.py", line 58, in __call__
    await await_many_dispatch(
  File "D:\testplatformservice\testplatform\venv\Lib\site-packages\channels\utils.py", line 57, in await_many_dispatch
    await task
redis.exceptions.ResponseError: unknown command 'BZPOPMIN'
[2026-07-06 10:45:38] ERROR [daphne.server:303] Exception inside application: unknown command 'BZPOPMIN'
Traceback (most recent call last):
  File "D:\testplatformservice\testplatform\venv\Lib\site-packages\channels\routing.py", line 48, in __call__
    return await application(scope, receive, send)
           ^^^^^^^^^^^^^^^^^^^^^^^^^^^^^^^^^^^^^^^
  File "D:\testplatformservice\testplatform\commons\ws\auth.py", line 28, in __call__
    return await super().__call__(scope, receive, send)
           ^^^^^^^^^^^^^^^^^^^^^^^^^^^^^^^^^^^^^^^^^^^^
  File "D:\testplatformservice\testplatform\venv\Lib\site-packages\channels\middleware.py", line 24, in __call__
    return await self.inner(scope, receive, send)
           ^^^^^^^^^^^^^^^^^^^^^^^^^^^^^^^^^^^^^^
  File "D:\testplatformservice\testplatform\venv\Lib\site-packages\channels\routing.py", line 118, in __call__
    return await application(
           ^^^^^^^^^^^^^^^^^^
  File "D:\testplatformservice\testplatform\venv\Lib\site-packages\channels\consumer.py", line 95, in app
    return await consumer(scope, receive, send)
           ^^^^^^^^^^^^^^^^^^^^^^^^^^^^^^^^^^^^
  File "D:\testplatformservice\testplatform\venv\Lib\site-packages\channels\consumer.py", line 58, in __call__
    await await_many_dispatch(
  File "D:\testplatformservice\testplatform\venv\Lib\site-packages\channels\utils.py", line 57, in await_many_dispatch
    await task
redis.exceptions.ResponseError: unknown command 'BZPOPMIN'
[2026-07-06 10:45:42] ERROR [daphne.server:303] Exception inside application: unknown command 'BZPOPMIN'
Traceback (most recent call last):
  File "D:\testplatformservice\testplatform\venv\Lib\site-packages\channels\routing.py", line 48, in __call__
    return await application(scope, receive, send)
           ^^^^^^^^^^^^^^^^^^^^^^^^^^^^^^^^^^^^^^^
  File "D:\testplatformservice\testplatform\commons\ws\auth.py", line 28, in __call__
    return await super().__call__(scope, receive, send)
           ^^^^^^^^^^^^^^^^^^^^^^^^^^^^^^^^^^^^^^^^^^^^
  File "D:\testplatformservice\testplatform\venv\Lib\site-packages\channels\middleware.py", line 24, in __call__
    return await self.inner(scope, receive, send)
           ^^^^^^^^^^^^^^^^^^^^^^^^^^^^^^^^^^^^^^
  File "D:\testplatformservice\testplatform\venv\Lib\site-packages\channels\routing.py", line 118, in __call__
    return await application(
           ^^^^^^^^^^^^^^^^^^
  File "D:\testplatformservice\testplatform\venv\Lib\site-packages\channels\consumer.py", line 95, in app
    return await consumer(scope, receive, send)
           ^^^^^^^^^^^^^^^^^^^^^^^^^^^^^^^^^^^^
  File "D:\testplatformservice\testplatform\venv\Lib\site-packages\channels\consumer.py", line 58, in __call__
    await await_many_dispatch(
  File "D:\testplatformservice\testplatform\venv\Lib\site-packages\channels\utils.py", line 57, in await_many_dispatch
    await task
redis.exceptions.ResponseError: unknown command 'BZPOPMIN'
[2026-07-06 10:45:46] ERROR [daphne.server:303] Exception inside application: unknown command 'BZPOPMIN'
Traceback (most recent call last):
  File "D:\testplatformservice\testplatform\venv\Lib\site-packages\channels\routing.py", line 48, in __call__
    return await application(scope, receive, send)
           ^^^^^^^^^^^^^^^^^^^^^^^^^^^^^^^^^^^^^^^
  File "D:\testplatformservice\testplatform\commons\ws\auth.py", line 28, in __call__
    return await super().__call__(scope, receive, send)
           ^^^^^^^^^^^^^^^^^^^^^^^^^^^^^^^^^^^^^^^^^^^^
  File "D:\testplatformservice\testplatform\venv\Lib\site-packages\channels\middleware.py", line 24, in __call__
    return await self.inner(scope, receive, send)
           ^^^^^^^^^^^^^^^^^^^^^^^^^^^^^^^^^^^^^^
  File "D:\testplatformservice\testplatform\venv\Lib\site-packages\channels\routing.py", line 118, in __call__
    return await application(
           ^^^^^^^^^^^^^^^^^^
  File "D:\testplatformservice\testplatform\venv\Lib\site-packages\channels\consumer.py", line 95, in app
    return await consumer(scope, receive, send)
           ^^^^^^^^^^^^^^^^^^^^^^^^^^^^^^^^^^^^
  File "D:\testplatformservice\testplatform\venv\Lib\site-packages\channels\consumer.py", line 58, in __call__
    await await_many_dispatch(
  File "D:\testplatformservice\testplatform\venv\Lib\site-packages\channels\utils.py", line 57, in await_many_dispatch
    await task
redis.exceptions.ResponseError: unknown command 'BZPOPMIN'
[2026-07-06 10:45:50] ERROR [daphne.server:303] Exception inside application: unknown command 'BZPOPMIN'
Traceback (most recent call last):
  File "D:\testplatformservice\testplatform\venv\Lib\site-packages\channels\routing.py", line 48, in __call__
    return await application(scope, receive, send)
           ^^^^^^^^^^^^^^^^^^^^^^^^^^^^^^^^^^^^^^^
  File "D:\testplatformservice\testplatform\commons\ws\auth.py", line 28, in __call__
    return await super().__call__(scope, receive, send)
           ^^^^^^^^^^^^^^^^^^^^^^^^^^^^^^^^^^^^^^^^^^^^
  File "D:\testplatformservice\testplatform\venv\Lib\site-packages\channels\middleware.py", line 24, in __call__
    return await self.inner(scope, receive, send)
           ^^^^^^^^^^^^^^^^^^^^^^^^^^^^^^^^^^^^^^
  File "D:\testplatformservice\testplatform\venv\Lib\site-packages\channels\routing.py", line 118, in __call__
    return await application(
           ^^^^^^^^^^^^^^^^^^
  File "D:\testplatformservice\testplatform\venv\Lib\site-packages\channels\consumer.py", line 95, in app
    return await consumer(scope, receive, send)
           ^^^^^^^^^^^^^^^^^^^^^^^^^^^^^^^^^^^^
  File "D:\testplatformservice\testplatform\venv\Lib\site-packages\channels\consumer.py", line 58, in __call__
    await await_many_dispatch(
  File "D:\testplatformservice\testplatform\venv\Lib\site-packages\channels\utils.py", line 57, in await_many_dispatch
    await task
redis.exceptions.ResponseError: unknown command 'BZPOPMIN'
[2026-07-06 10:45:54] ERROR [daphne.server:303] Exception inside application: unknown command 'BZPOPMIN'
Traceback (most recent call last):
  File "D:\testplatformservice\testplatform\venv\Lib\site-packages\channels\routing.py", line 48, in __call__
    return await application(scope, receive, send)
           ^^^^^^^^^^^^^^^^^^^^^^^^^^^^^^^^^^^^^^^
  File "D:\testplatformservice\testplatform\commons\ws\auth.py", line 28, in __call__
    return await super().__call__(scope, receive, send)
           ^^^^^^^^^^^^^^^^^^^^^^^^^^^^^^^^^^^^^^^^^^^^
  File "D:\testplatformservice\testplatform\venv\Lib\site-packages\channels\middleware.py", line 24, in __call__
    return await self.inner(scope, receive, send)
           ^^^^^^^^^^^^^^^^^^^^^^^^^^^^^^^^^^^^^^
  File "D:\testplatformservice\testplatform\venv\Lib\site-packages\channels\routing.py", line 118, in __call__
    return await application(
           ^^^^^^^^^^^^^^^^^^
  File "D:\testplatformservice\testplatform\venv\Lib\site-packages\channels\consumer.py", line 95, in app
    return await consumer(scope, receive, send)
           ^^^^^^^^^^^^^^^^^^^^^^^^^^^^^^^^^^^^
  File "D:\testplatformservice\testplatform\venv\Lib\site-packages\channels\consumer.py", line 58, in __call__
    await await_many_dispatch(
  File "D:\testplatformservice\testplatform\venv\Lib\site-packages\channels\utils.py", line 57, in await_many_dispatch
    await task
redis.exceptions.ResponseError: unknown command 'BZPOPMIN'
[2026-07-06 10:45:58] ERROR [daphne.server:303] Exception inside application: unknown command 'BZPOPMIN'
Traceback (most recent call last):
  File "D:\testplatformservice\testplatform\venv\Lib\site-packages\channels\routing.py", line 48, in __call__
    return await application(scope, receive, send)
           ^^^^^^^^^^^^^^^^^^^^^^^^^^^^^^^^^^^^^^^
  File "D:\testplatformservice\testplatform\commons\ws\auth.py", line 28, in __call__
    return await super().__call__(scope, receive, send)
           ^^^^^^^^^^^^^^^^^^^^^^^^^^^^^^^^^^^^^^^^^^^^
  File "D:\testplatformservice\testplatform\venv\Lib\site-packages\channels\middleware.py", line 24, in __call__
    return await self.inner(scope, receive, send)
           ^^^^^^^^^^^^^^^^^^^^^^^^^^^^^^^^^^^^^^
  File "D:\testplatformservice\testplatform\venv\Lib\site-packages\channels\routing.py", line 118, in __call__
    return await application(
           ^^^^^^^^^^^^^^^^^^
  File "D:\testplatformservice\testplatform\venv\Lib\site-packages\channels\consumer.py", line 95, in app
    return await consumer(scope, receive, send)
           ^^^^^^^^^^^^^^^^^^^^^^^^^^^^^^^^^^^^
  File "D:\testplatformservice\testplatform\venv\Lib\site-packages\channels\consumer.py", line 58, in __call__
    await await_many_dispatch(
  File "D:\testplatformservice\testplatform\venv\Lib\site-packages\channels\utils.py", line 57, in await_many_dispatch
    await task
redis.exceptions.ResponseError: unknown command 'BZPOPMIN'
[2026-07-06 10:46:02] ERROR [daphne.server:303] Exception inside application: unknown command 'BZPOPMIN'
Traceback (most recent call last):
  File "D:\testplatformservice\testplatform\venv\Lib\site-packages\channels\routing.py", line 48, in __call__
    return await application(scope, receive, send)
           ^^^^^^^^^^^^^^^^^^^^^^^^^^^^^^^^^^^^^^^
  File "D:\testplatformservice\testplatform\commons\ws\auth.py", line 28, in __call__
    return await super().__call__(scope, receive, send)
           ^^^^^^^^^^^^^^^^^^^^^^^^^^^^^^^^^^^^^^^^^^^^
  File "D:\testplatformservice\testplatform\venv\Lib\site-packages\channels\middleware.py", line 24, in __call__
    return await self.inner(scope, receive, send)
           ^^^^^^^^^^^^^^^^^^^^^^^^^^^^^^^^^^^^^^
  File "D:\testplatformservice\testplatform\venv\Lib\site-packages\channels\routing.py", line 118, in __call__
    return await application(
           ^^^^^^^^^^^^^^^^^^
  File "D:\testplatformservice\testplatform\venv\Lib\site-packages\channels\consumer.py", line 95, in app
    return await consumer(scope, receive, send)
           ^^^^^^^^^^^^^^^^^^^^^^^^^^^^^^^^^^^^
  File "D:\testplatformservice\testplatform\venv\Lib\site-packages\channels\consumer.py", line 58, in __call__
    await await_many_dispatch(
  File "D:\testplatformservice\testplatform\venv\Lib\site-packages\channels\utils.py", line 57, in await_many_dispatch
    await task
redis.exceptions.ResponseError: unknown command 'BZPOPMIN'
[2026-07-06 10:46:06] ERROR [daphne.server:303] Exception inside application: unknown command 'BZPOPMIN'
Traceback (most recent call last):
  File "D:\testplatformservice\testplatform\venv\Lib\site-packages\channels\routing.py", line 48, in __call__
    return await application(scope, receive, send)
           ^^^^^^^^^^^^^^^^^^^^^^^^^^^^^^^^^^^^^^^
  File "D:\testplatformservice\testplatform\commons\ws\auth.py", line 28, in __call__
    return await super().__call__(scope, receive, send)
           ^^^^^^^^^^^^^^^^^^^^^^^^^^^^^^^^^^^^^^^^^^^^
  File "D:\testplatformservice\testplatform\venv\Lib\site-packages\channels\middleware.py", line 24, in __call__
    return await self.inner(scope, receive, send)
           ^^^^^^^^^^^^^^^^^^^^^^^^^^^^^^^^^^^^^^
  File "D:\testplatformservice\testplatform\venv\Lib\site-packages\channels\routing.py", line 118, in __call__
    return await application(
           ^^^^^^^^^^^^^^^^^^
  File "D:\testplatformservice\testplatform\venv\Lib\site-packages\channels\consumer.py", line 95, in app
    return await consumer(scope, receive, send)
           ^^^^^^^^^^^^^^^^^^^^^^^^^^^^^^^^^^^^
  File "D:\testplatformservice\testplatform\venv\Lib\site-packages\channels\consumer.py", line 58, in __call__
    await await_many_dispatch(
  File "D:\testplatformservice\testplatform\venv\Lib\site-packages\channels\utils.py", line 57, in await_many_dispatch
    await task
redis.exceptions.ResponseError: unknown command 'BZPOPMIN'
[2026-07-06 10:46:10] ERROR [daphne.server:303] Exception inside application: unknown command 'BZPOPMIN'
Traceback (most recent call last):
  File "D:\testplatformservice\testplatform\venv\Lib\site-packages\channels\routing.py", line 48, in __call__
    return await application(scope, receive, send)
           ^^^^^^^^^^^^^^^^^^^^^^^^^^^^^^^^^^^^^^^
  File "D:\testplatformservice\testplatform\commons\ws\auth.py", line 28, in __call__
    return await super().__call__(scope, receive, send)
           ^^^^^^^^^^^^^^^^^^^^^^^^^^^^^^^^^^^^^^^^^^^^
  File "D:\testplatformservice\testplatform\venv\Lib\site-packages\channels\middleware.py", line 24, in __call__
    return await self.inner(scope, receive, send)
           ^^^^^^^^^^^^^^^^^^^^^^^^^^^^^^^^^^^^^^
  File "D:\testplatformservice\testplatform\venv\Lib\site-packages\channels\routing.py", line 118, in __call__
    return await application(
           ^^^^^^^^^^^^^^^^^^
  File "D:\testplatformservice\testplatform\venv\Lib\site-packages\channels\consumer.py", line 95, in app
    return await consumer(scope, receive, send)
           ^^^^^^^^^^^^^^^^^^^^^^^^^^^^^^^^^^^^
  File "D:\testplatformservice\testplatform\venv\Lib\site-packages\channels\consumer.py", line 58, in __call__
    await await_many_dispatch(
  File "D:\testplatformservice\testplatform\venv\Lib\site-packages\channels\utils.py", line 57, in await_many_dispatch
    await task
redis.exceptions.ResponseError: unknown command 'BZPOPMIN'
[2026-07-06 10:46:14] ERROR [daphne.server:303] Exception inside application: unknown command 'BZPOPMIN'
Traceback (most recent call last):
  File "D:\testplatformservice\testplatform\venv\Lib\site-packages\channels\routing.py", line 48, in __call__
    return await application(scope, receive, send)
           ^^^^^^^^^^^^^^^^^^^^^^^^^^^^^^^^^^^^^^^
  File "D:\testplatformservice\testplatform\commons\ws\auth.py", line 28, in __call__
    return await super().__call__(scope, receive, send)
           ^^^^^^^^^^^^^^^^^^^^^^^^^^^^^^^^^^^^^^^^^^^^
  File "D:\testplatformservice\testplatform\venv\Lib\site-packages\channels\middleware.py", line 24, in __call__
    return await self.inner(scope, receive, send)
           ^^^^^^^^^^^^^^^^^^^^^^^^^^^^^^^^^^^^^^
  File "D:\testplatformservice\testplatform\venv\Lib\site-packages\channels\routing.py", line 118, in __call__
    return await application(
           ^^^^^^^^^^^^^^^^^^
  File "D:\testplatformservice\testplatform\venv\Lib\site-packages\channels\consumer.py", line 95, in app
    return await consumer(scope, receive, send)
           ^^^^^^^^^^^^^^^^^^^^^^^^^^^^^^^^^^^^
  File "D:\testplatformservice\testplatform\venv\Lib\site-packages\channels\consumer.py", line 58, in __call__
    await await_many_dispatch(
  File "D:\testplatformservice\testplatform\venv\Lib\site-packages\channels\utils.py", line 57, in await_many_dispatch
    await task
redis.exceptions.ResponseError: unknown command 'BZPOPMIN'
[2026-07-06 10:46:18] ERROR [daphne.server:303] Exception inside application: unknown command 'BZPOPMIN'
Traceback (most recent call last):
  File "D:\testplatformservice\testplatform\venv\Lib\site-packages\channels\routing.py", line 48, in __call__
    return await application(scope, receive, send)
           ^^^^^^^^^^^^^^^^^^^^^^^^^^^^^^^^^^^^^^^
  File "D:\testplatformservice\testplatform\commons\ws\auth.py", line 28, in __call__
    return await super().__call__(scope, receive, send)
           ^^^^^^^^^^^^^^^^^^^^^^^^^^^^^^^^^^^^^^^^^^^^
  File "D:\testplatformservice\testplatform\venv\Lib\site-packages\channels\middleware.py", line 24, in __call__
    return await self.inner(scope, receive, send)
           ^^^^^^^^^^^^^^^^^^^^^^^^^^^^^^^^^^^^^^
  File "D:\testplatformservice\testplatform\venv\Lib\site-packages\channels\routing.py", line 118, in __call__
    return await application(
           ^^^^^^^^^^^^^^^^^^
  File "D:\testplatformservice\testplatform\venv\Lib\site-packages\channels\consumer.py", line 95, in app
    return await consumer(scope, receive, send)
           ^^^^^^^^^^^^^^^^^^^^^^^^^^^^^^^^^^^^
  File "D:\testplatformservice\testplatform\venv\Lib\site-packages\channels\consumer.py", line 58, in __call__
    await await_many_dispatch(
  File "D:\testplatformservice\testplatform\venv\Lib\site-packages\channels\utils.py", line 57, in await_many_dispatch
    await task
redis.exceptions.ResponseError: unknown command 'BZPOPMIN'
[2026-07-06 10:46:22] ERROR [daphne.server:303] Exception inside application: unknown command 'BZPOPMIN'
Traceback (most recent call last):
  File "D:\testplatformservice\testplatform\venv\Lib\site-packages\channels\routing.py", line 48, in __call__
    return await application(scope, receive, send)
           ^^^^^^^^^^^^^^^^^^^^^^^^^^^^^^^^^^^^^^^
  File "D:\testplatformservice\testplatform\commons\ws\auth.py", line 28, in __call__
    return await super().__call__(scope, receive, send)
           ^^^^^^^^^^^^^^^^^^^^^^^^^^^^^^^^^^^^^^^^^^^^
  File "D:\testplatformservice\testplatform\venv\Lib\site-packages\channels\middleware.py", line 24, in __call__
    return await self.inner(scope, receive, send)
           ^^^^^^^^^^^^^^^^^^^^^^^^^^^^^^^^^^^^^^
  File "D:\testplatformservice\testplatform\venv\Lib\site-packages\channels\routing.py", line 118, in __call__
    return await application(
           ^^^^^^^^^^^^^^^^^^
  File "D:\testplatformservice\testplatform\venv\Lib\site-packages\channels\consumer.py", line 95, in app
    return await consumer(scope, receive, send)
           ^^^^^^^^^^^^^^^^^^^^^^^^^^^^^^^^^^^^
  File "D:\testplatformservice\testplatform\venv\Lib\site-packages\channels\consumer.py", line 58, in __call__
    await await_many_dispatch(
  File "D:\testplatformservice\testplatform\venv\Lib\site-packages\channels\utils.py", line 57, in await_many_dispatch
    await task
redis.exceptions.ResponseError: unknown command 'BZPOPMIN'
[2026-07-06 10:46:26] ERROR [daphne.server:303] Exception inside application: unknown command 'BZPOPMIN'
Traceback (most recent call last):
  File "D:\testplatformservice\testplatform\venv\Lib\site-packages\channels\routing.py", line 48, in __call__
    return await application(scope, receive, send)
           ^^^^^^^^^^^^^^^^^^^^^^^^^^^^^^^^^^^^^^^
  File "D:\testplatformservice\testplatform\commons\ws\auth.py", line 28, in __call__
    return await super().__call__(scope, receive, send)
           ^^^^^^^^^^^^^^^^^^^^^^^^^^^^^^^^^^^^^^^^^^^^
  File "D:\testplatformservice\testplatform\venv\Lib\site-packages\channels\middleware.py", line 24, in __call__
    return await self.inner(scope, receive, send)
           ^^^^^^^^^^^^^^^^^^^^^^^^^^^^^^^^^^^^^^
  File "D:\testplatformservice\testplatform\venv\Lib\site-packages\channels\routing.py", line 118, in __call__
    return await application(
           ^^^^^^^^^^^^^^^^^^
  File "D:\testplatformservice\testplatform\venv\Lib\site-packages\channels\consumer.py", line 95, in app
    return await consumer(scope, receive, send)
           ^^^^^^^^^^^^^^^^^^^^^^^^^^^^^^^^^^^^
  File "D:\testplatformservice\testplatform\venv\Lib\site-packages\channels\consumer.py", line 58, in __call__
    await await_many_dispatch(
  File "D:\testplatformservice\testplatform\venv\Lib\site-packages\channels\utils.py", line 57, in await_many_dispatch
    await task
redis.exceptions.ResponseError: unknown command 'BZPOPMIN'
[2026-07-06 10:46:30] ERROR [daphne.server:303] Exception inside application: unknown command 'BZPOPMIN'
Traceback (most recent call last):
  File "D:\testplatformservice\testplatform\venv\Lib\site-packages\channels\routing.py", line 48, in __call__
    return await application(scope, receive, send)
           ^^^^^^^^^^^^^^^^^^^^^^^^^^^^^^^^^^^^^^^
  File "D:\testplatformservice\testplatform\commons\ws\auth.py", line 28, in __call__
    return await super().__call__(scope, receive, send)
           ^^^^^^^^^^^^^^^^^^^^^^^^^^^^^^^^^^^^^^^^^^^^
  File "D:\testplatformservice\testplatform\venv\Lib\site-packages\channels\middleware.py", line 24, in __call__
    return await self.inner(scope, receive, send)
           ^^^^^^^^^^^^^^^^^^^^^^^^^^^^^^^^^^^^^^
  File "D:\testplatformservice\testplatform\venv\Lib\site-packages\channels\routing.py", line 118, in __call__
    return await application(
           ^^^^^^^^^^^^^^^^^^
  File "D:\testplatformservice\testplatform\venv\Lib\site-packages\channels\consumer.py", line 95, in app
    return await consumer(scope, receive, send)
           ^^^^^^^^^^^^^^^^^^^^^^^^^^^^^^^^^^^^
  File "D:\testplatformservice\testplatform\venv\Lib\site-packages\channels\consumer.py", line 58, in __call__
    await await_many_dispatch(
  File "D:\testplatformservice\testplatform\venv\Lib\site-packages\channels\utils.py", line 57, in await_many_dispatch
    await task
redis.exceptions.ResponseError: unknown command 'BZPOPMIN'
[2026-07-06 10:46:34] ERROR [daphne.server:303] Exception inside application: unknown command 'BZPOPMIN'
Traceback (most recent call last):
  File "D:\testplatformservice\testplatform\venv\Lib\site-packages\channels\routing.py", line 48, in __call__
    return await application(scope, receive, send)
           ^^^^^^^^^^^^^^^^^^^^^^^^^^^^^^^^^^^^^^^
  File "D:\testplatformservice\testplatform\commons\ws\auth.py", line 28, in __call__
    return await super().__call__(scope, receive, send)
           ^^^^^^^^^^^^^^^^^^^^^^^^^^^^^^^^^^^^^^^^^^^^
  File "D:\testplatformservice\testplatform\venv\Lib\site-packages\channels\middleware.py", line 24, in __call__
    return await self.inner(scope, receive, send)
           ^^^^^^^^^^^^^^^^^^^^^^^^^^^^^^^^^^^^^^
  File "D:\testplatformservice\testplatform\venv\Lib\site-packages\channels\routing.py", line 118, in __call__
    return await application(
           ^^^^^^^^^^^^^^^^^^
  File "D:\testplatformservice\testplatform\venv\Lib\site-packages\channels\consumer.py", line 95, in app
    return await consumer(scope, receive, send)
           ^^^^^^^^^^^^^^^^^^^^^^^^^^^^^^^^^^^^
  File "D:\testplatformservice\testplatform\venv\Lib\site-packages\channels\consumer.py", line 58, in __call__
    await await_many_dispatch(
  File "D:\testplatformservice\testplatform\venv\Lib\site-packages\channels\utils.py", line 57, in await_many_dispatch
    await task
redis.exceptions.ResponseError: unknown command 'BZPOPMIN'
[2026-07-06 10:46:39] ERROR [daphne.server:303] Exception inside application: unknown command 'BZPOPMIN'
Traceback (most recent call last):
  File "D:\testplatformservice\testplatform\venv\Lib\site-packages\channels\routing.py", line 48, in __call__
    return await application(scope, receive, send)
           ^^^^^^^^^^^^^^^^^^^^^^^^^^^^^^^^^^^^^^^
  File "D:\testplatformservice\testplatform\commons\ws\auth.py", line 28, in __call__
    return await super().__call__(scope, receive, send)
           ^^^^^^^^^^^^^^^^^^^^^^^^^^^^^^^^^^^^^^^^^^^^
  File "D:\testplatformservice\testplatform\venv\Lib\site-packages\channels\middleware.py", line 24, in __call__
    return await self.inner(scope, receive, send)
           ^^^^^^^^^^^^^^^^^^^^^^^^^^^^^^^^^^^^^^
  File "D:\testplatformservice\testplatform\venv\Lib\site-packages\channels\routing.py", line 118, in __call__
    return await application(
           ^^^^^^^^^^^^^^^^^^
  File "D:\testplatformservice\testplatform\venv\Lib\site-packages\channels\consumer.py", line 95, in app
    return await consumer(scope, receive, send)
           ^^^^^^^^^^^^^^^^^^^^^^^^^^^^^^^^^^^^
  File "D:\testplatformservice\testplatform\venv\Lib\site-packages\channels\consumer.py", line 58, in __call__
    await await_many_dispatch(
  File "D:\testplatformservice\testplatform\venv\Lib\site-packages\channels\utils.py", line 57, in await_many_dispatch
    await task
redis.exceptions.ResponseError: unknown command 'BZPOPMIN'
[2026-07-06 10:46:43] ERROR [daphne.server:303] Exception inside application: unknown command 'BZPOPMIN'
Traceback (most recent call last):
  File "D:\testplatformservice\testplatform\venv\Lib\site-packages\channels\routing.py", line 48, in __call__
    return await application(scope, receive, send)
           ^^^^^^^^^^^^^^^^^^^^^^^^^^^^^^^^^^^^^^^
  File "D:\testplatformservice\testplatform\commons\ws\auth.py", line 28, in __call__
    return await super().__call__(scope, receive, send)
           ^^^^^^^^^^^^^^^^^^^^^^^^^^^^^^^^^^^^^^^^^^^^
  File "D:\testplatformservice\testplatform\venv\Lib\site-packages\channels\middleware.py", line 24, in __call__
    return await self.inner(scope, receive, send)
           ^^^^^^^^^^^^^^^^^^^^^^^^^^^^^^^^^^^^^^
  File "D:\testplatformservice\testplatform\venv\Lib\site-packages\channels\routing.py", line 118, in __call__
    return await application(
           ^^^^^^^^^^^^^^^^^^
  File "D:\testplatformservice\testplatform\venv\Lib\site-packages\channels\consumer.py", line 95, in app
    return await consumer(scope, receive, send)
           ^^^^^^^^^^^^^^^^^^^^^^^^^^^^^^^^^^^^
  File "D:\testplatformservice\testplatform\venv\Lib\site-packages\channels\consumer.py", line 58, in __call__
    await await_many_dispatch(
  File "D:\testplatformservice\testplatform\venv\Lib\site-packages\channels\utils.py", line 57, in await_many_dispatch
    await task
redis.exceptions.ResponseError: unknown command 'BZPOPMIN'
[2026-07-06 10:46:47] ERROR [daphne.server:303] Exception inside application: unknown command 'BZPOPMIN'
Traceback (most recent call last):
  File "D:\testplatformservice\testplatform\venv\Lib\site-packages\channels\routing.py", line 48, in __call__
    return await application(scope, receive, send)
           ^^^^^^^^^^^^^^^^^^^^^^^^^^^^^^^^^^^^^^^
  File "D:\testplatformservice\testplatform\commons\ws\auth.py", line 28, in __call__
    return await super().__call__(scope, receive, send)
           ^^^^^^^^^^^^^^^^^^^^^^^^^^^^^^^^^^^^^^^^^^^^
  File "D:\testplatformservice\testplatform\venv\Lib\site-packages\channels\middleware.py", line 24, in __call__
    return await self.inner(scope, receive, send)
           ^^^^^^^^^^^^^^^^^^^^^^^^^^^^^^^^^^^^^^
  File "D:\testplatformservice\testplatform\venv\Lib\site-packages\channels\routing.py", line 118, in __call__
    return await application(
           ^^^^^^^^^^^^^^^^^^
  File "D:\testplatformservice\testplatform\venv\Lib\site-packages\channels\consumer.py", line 95, in app
    return await consumer(scope, receive, send)
           ^^^^^^^^^^^^^^^^^^^^^^^^^^^^^^^^^^^^
  File "D:\testplatformservice\testplatform\venv\Lib\site-packages\channels\consumer.py", line 58, in __call__
    await await_many_dispatch(
  File "D:\testplatformservice\testplatform\venv\Lib\site-packages\channels\utils.py", line 57, in await_many_dispatch
    await task
redis.exceptions.ResponseError: unknown command 'BZPOPMIN'
[2026-07-06 10:46:51] ERROR [daphne.server:303] Exception inside application: unknown command 'BZPOPMIN'
Traceback (most recent call last):
  File "D:\testplatformservice\testplatform\venv\Lib\site-packages\channels\routing.py", line 48, in __call__
    return await application(scope, receive, send)
           ^^^^^^^^^^^^^^^^^^^^^^^^^^^^^^^^^^^^^^^
  File "D:\testplatformservice\testplatform\commons\ws\auth.py", line 28, in __call__
    return await super().__call__(scope, receive, send)
           ^^^^^^^^^^^^^^^^^^^^^^^^^^^^^^^^^^^^^^^^^^^^
  File "D:\testplatformservice\testplatform\venv\Lib\site-packages\channels\middleware.py", line 24, in __call__
    return await self.inner(scope, receive, send)
           ^^^^^^^^^^^^^^^^^^^^^^^^^^^^^^^^^^^^^^
  File "D:\testplatformservice\testplatform\venv\Lib\site-packages\channels\routing.py", line 118, in __call__
    return await application(
           ^^^^^^^^^^^^^^^^^^
  File "D:\testplatformservice\testplatform\venv\Lib\site-packages\channels\consumer.py", line 95, in app
    return await consumer(scope, receive, send)
           ^^^^^^^^^^^^^^^^^^^^^^^^^^^^^^^^^^^^
  File "D:\testplatformservice\testplatform\venv\Lib\site-packages\channels\consumer.py", line 58, in __call__
    await await_many_dispatch(
  File "D:\testplatformservice\testplatform\venv\Lib\site-packages\channels\utils.py", line 57, in await_many_dispatch
    await task
redis.exceptions.ResponseError: unknown command 'BZPOPMIN'
[2026-07-06 10:46:55] ERROR [daphne.server:303] Exception inside application: unknown command 'BZPOPMIN'
Traceback (most recent call last):
  File "D:\testplatformservice\testplatform\venv\Lib\site-packages\channels\routing.py", line 48, in __call__
    return await application(scope, receive, send)
           ^^^^^^^^^^^^^^^^^^^^^^^^^^^^^^^^^^^^^^^
  File "D:\testplatformservice\testplatform\commons\ws\auth.py", line 28, in __call__
    return await super().__call__(scope, receive, send)
           ^^^^^^^^^^^^^^^^^^^^^^^^^^^^^^^^^^^^^^^^^^^^
  File "D:\testplatformservice\testplatform\venv\Lib\site-packages\channels\middleware.py", line 24, in __call__
    return await self.inner(scope, receive, send)
           ^^^^^^^^^^^^^^^^^^^^^^^^^^^^^^^^^^^^^^
  File "D:\testplatformservice\testplatform\venv\Lib\site-packages\channels\routing.py", line 118, in __call__
    return await application(
           ^^^^^^^^^^^^^^^^^^
  File "D:\testplatformservice\testplatform\venv\Lib\site-packages\channels\consumer.py", line 95, in app
    return await consumer(scope, receive, send)
           ^^^^^^^^^^^^^^^^^^^^^^^^^^^^^^^^^^^^
  File "D:\testplatformservice\testplatform\venv\Lib\site-packages\channels\consumer.py", line 58, in __call__
    await await_many_dispatch(
  File "D:\testplatformservice\testplatform\venv\Lib\site-packages\channels\utils.py", line 57, in await_many_dispatch
    await task
redis.exceptions.ResponseError: unknown command 'BZPOPMIN'
[2026-07-06 10:46:59] ERROR [daphne.server:303] Exception inside application: unknown command 'BZPOPMIN'
Traceback (most recent call last):
  File "D:\testplatformservice\testplatform\venv\Lib\site-packages\channels\routing.py", line 48, in __call__
    return await application(scope, receive, send)
           ^^^^^^^^^^^^^^^^^^^^^^^^^^^^^^^^^^^^^^^
  File "D:\testplatformservice\testplatform\commons\ws\auth.py", line 28, in __call__
    return await super().__call__(scope, receive, send)
           ^^^^^^^^^^^^^^^^^^^^^^^^^^^^^^^^^^^^^^^^^^^^
  File "D:\testplatformservice\testplatform\venv\Lib\site-packages\channels\middleware.py", line 24, in __call__
    return await self.inner(scope, receive, send)
           ^^^^^^^^^^^^^^^^^^^^^^^^^^^^^^^^^^^^^^
  File "D:\testplatformservice\testplatform\venv\Lib\site-packages\channels\routing.py", line 118, in __call__
    return await application(
           ^^^^^^^^^^^^^^^^^^
  File "D:\testplatformservice\testplatform\venv\Lib\site-packages\channels\consumer.py", line 95, in app
    return await consumer(scope, receive, send)
           ^^^^^^^^^^^^^^^^^^^^^^^^^^^^^^^^^^^^
  File "D:\testplatformservice\testplatform\venv\Lib\site-packages\channels\consumer.py", line 58, in __call__
    await await_many_dispatch(
  File "D:\testplatformservice\testplatform\venv\Lib\site-packages\channels\utils.py", line 57, in await_many_dispatch
    await task
redis.exceptions.ResponseError: unknown command 'BZPOPMIN'
[2026-07-06 10:47:03] ERROR [daphne.server:303] Exception inside application: unknown command 'BZPOPMIN'
Traceback (most recent call last):
  File "D:\testplatformservice\testplatform\venv\Lib\site-packages\channels\routing.py", line 48, in __call__
    return await application(scope, receive, send)
           ^^^^^^^^^^^^^^^^^^^^^^^^^^^^^^^^^^^^^^^
  File "D:\testplatformservice\testplatform\commons\ws\auth.py", line 28, in __call__
    return await super().__call__(scope, receive, send)
           ^^^^^^^^^^^^^^^^^^^^^^^^^^^^^^^^^^^^^^^^^^^^
  File "D:\testplatformservice\testplatform\venv\Lib\site-packages\channels\middleware.py", line 24, in __call__
    return await self.inner(scope, receive, send)
           ^^^^^^^^^^^^^^^^^^^^^^^^^^^^^^^^^^^^^^
  File "D:\testplatformservice\testplatform\venv\Lib\site-packages\channels\routing.py", line 118, in __call__
    return await application(
           ^^^^^^^^^^^^^^^^^^
  File "D:\testplatformservice\testplatform\venv\Lib\site-packages\channels\consumer.py", line 95, in app
    return await consumer(scope, receive, send)
           ^^^^^^^^^^^^^^^^^^^^^^^^^^^^^^^^^^^^
  File "D:\testplatformservice\testplatform\venv\Lib\site-packages\channels\consumer.py", line 58, in __call__
    await await_many_dispatch(
  File "D:\testplatformservice\testplatform\venv\Lib\site-packages\channels\utils.py", line 57, in await_many_dispatch
    await task
redis.exceptions.ResponseError: unknown command 'BZPOPMIN'
[2026-07-06 10:47:07] ERROR [daphne.server:303] Exception inside application: unknown command 'BZPOPMIN'
Traceback (most recent call last):
  File "D:\testplatformservice\testplatform\venv\Lib\site-packages\channels\routing.py", line 48, in __call__
    return await application(scope, receive, send)
           ^^^^^^^^^^^^^^^^^^^^^^^^^^^^^^^^^^^^^^^
  File "D:\testplatformservice\testplatform\commons\ws\auth.py", line 28, in __call__
    return await super().__call__(scope, receive, send)
           ^^^^^^^^^^^^^^^^^^^^^^^^^^^^^^^^^^^^^^^^^^^^
  File "D:\testplatformservice\testplatform\venv\Lib\site-packages\channels\middleware.py", line 24, in __call__
    return await self.inner(scope, receive, send)
           ^^^^^^^^^^^^^^^^^^^^^^^^^^^^^^^^^^^^^^
  File "D:\testplatformservice\testplatform\venv\Lib\site-packages\channels\routing.py", line 118, in __call__
    return await application(
           ^^^^^^^^^^^^^^^^^^
  File "D:\testplatformservice\testplatform\venv\Lib\site-packages\channels\consumer.py", line 95, in app
    return await consumer(scope, receive, send)
           ^^^^^^^^^^^^^^^^^^^^^^^^^^^^^^^^^^^^
  File "D:\testplatformservice\testplatform\venv\Lib\site-packages\channels\consumer.py", line 58, in __call__
    await await_many_dispatch(
  File "D:\testplatformservice\testplatform\venv\Lib\site-packages\channels\utils.py", line 57, in await_many_dispatch
    await task
redis.exceptions.ResponseError: unknown command 'BZPOPMIN'
[2026-07-06 10:47:11] ERROR [daphne.server:303] Exception inside application: unknown command 'BZPOPMIN'
Traceback (most recent call last):
  File "D:\testplatformservice\testplatform\venv\Lib\site-packages\channels\routing.py", line 48, in __call__
    return await application(scope, receive, send)
           ^^^^^^^^^^^^^^^^^^^^^^^^^^^^^^^^^^^^^^^
  File "D:\testplatformservice\testplatform\commons\ws\auth.py", line 28, in __call__
    return await super().__call__(scope, receive, send)
           ^^^^^^^^^^^^^^^^^^^^^^^^^^^^^^^^^^^^^^^^^^^^
  File "D:\testplatformservice\testplatform\venv\Lib\site-packages\channels\middleware.py", line 24, in __call__
    return await self.inner(scope, receive, send)
           ^^^^^^^^^^^^^^^^^^^^^^^^^^^^^^^^^^^^^^
  File "D:\testplatformservice\testplatform\venv\Lib\site-packages\channels\routing.py", line 118, in __call__
    return await application(
           ^^^^^^^^^^^^^^^^^^
  File "D:\testplatformservice\testplatform\venv\Lib\site-packages\channels\consumer.py", line 95, in app
    return await consumer(scope, receive, send)
           ^^^^^^^^^^^^^^^^^^^^^^^^^^^^^^^^^^^^
  File "D:\testplatformservice\testplatform\venv\Lib\site-packages\channels\consumer.py", line 58, in __call__
    await await_many_dispatch(
  File "D:\testplatformservice\testplatform\venv\Lib\site-packages\channels\utils.py", line 57, in await_many_dispatch
    await task
redis.exceptions.ResponseError: unknown command 'BZPOPMIN'
[2026-07-06 10:47:15] ERROR [daphne.server:303] Exception inside application: unknown command 'BZPOPMIN'
Traceback (most recent call last):
  File "D:\testplatformservice\testplatform\venv\Lib\site-packages\channels\routing.py", line 48, in __call__
    return await application(scope, receive, send)
           ^^^^^^^^^^^^^^^^^^^^^^^^^^^^^^^^^^^^^^^
  File "D:\testplatformservice\testplatform\commons\ws\auth.py", line 28, in __call__
    return await super().__call__(scope, receive, send)
           ^^^^^^^^^^^^^^^^^^^^^^^^^^^^^^^^^^^^^^^^^^^^
  File "D:\testplatformservice\testplatform\venv\Lib\site-packages\channels\middleware.py", line 24, in __call__
    return await self.inner(scope, receive, send)
           ^^^^^^^^^^^^^^^^^^^^^^^^^^^^^^^^^^^^^^
  File "D:\testplatformservice\testplatform\venv\Lib\site-packages\channels\routing.py", line 118, in __call__
    return await application(
           ^^^^^^^^^^^^^^^^^^
  File "D:\testplatformservice\testplatform\venv\Lib\site-packages\channels\consumer.py", line 95, in app
    return await consumer(scope, receive, send)
           ^^^^^^^^^^^^^^^^^^^^^^^^^^^^^^^^^^^^
  File "D:\testplatformservice\testplatform\venv\Lib\site-packages\channels\consumer.py", line 58, in __call__
    await await_many_dispatch(
  File "D:\testplatformservice\testplatform\venv\Lib\site-packages\channels\utils.py", line 57, in await_many_dispatch
    await task
redis.exceptions.ResponseError: unknown command 'BZPOPMIN'
[2026-07-06 10:47:19] ERROR [daphne.server:303] Exception inside application: unknown command 'BZPOPMIN'
Traceback (most recent call last):
  File "D:\testplatformservice\testplatform\venv\Lib\site-packages\channels\routing.py", line 48, in __call__
    return await application(scope, receive, send)
           ^^^^^^^^^^^^^^^^^^^^^^^^^^^^^^^^^^^^^^^
  File "D:\testplatformservice\testplatform\commons\ws\auth.py", line 28, in __call__
    return await super().__call__(scope, receive, send)
           ^^^^^^^^^^^^^^^^^^^^^^^^^^^^^^^^^^^^^^^^^^^^
  File "D:\testplatformservice\testplatform\venv\Lib\site-packages\channels\middleware.py", line 24, in __call__
    return await self.inner(scope, receive, send)
           ^^^^^^^^^^^^^^^^^^^^^^^^^^^^^^^^^^^^^^
  File "D:\testplatformservice\testplatform\venv\Lib\site-packages\channels\routing.py", line 118, in __call__
    return await application(
           ^^^^^^^^^^^^^^^^^^
  File "D:\testplatformservice\testplatform\venv\Lib\site-packages\channels\consumer.py", line 95, in app
    return await consumer(scope, receive, send)
           ^^^^^^^^^^^^^^^^^^^^^^^^^^^^^^^^^^^^
  File "D:\testplatformservice\testplatform\venv\Lib\site-packages\channels\consumer.py", line 58, in __call__
    await await_many_dispatch(
  File "D:\testplatformservice\testplatform\venv\Lib\site-packages\channels\utils.py", line 57, in await_many_dispatch
    await task
redis.exceptions.ResponseError: unknown command 'BZPOPMIN'
[2026-07-06 10:47:23] ERROR [daphne.server:303] Exception inside application: unknown command 'BZPOPMIN'
Traceback (most recent call last):
  File "D:\testplatformservice\testplatform\venv\Lib\site-packages\channels\routing.py", line 48, in __call__
    return await application(scope, receive, send)
           ^^^^^^^^^^^^^^^^^^^^^^^^^^^^^^^^^^^^^^^
  File "D:\testplatformservice\testplatform\commons\ws\auth.py", line 28, in __call__
    return await super().__call__(scope, receive, send)
           ^^^^^^^^^^^^^^^^^^^^^^^^^^^^^^^^^^^^^^^^^^^^
  File "D:\testplatformservice\testplatform\venv\Lib\site-packages\channels\middleware.py", line 24, in __call__
    return await self.inner(scope, receive, send)
           ^^^^^^^^^^^^^^^^^^^^^^^^^^^^^^^^^^^^^^
  File "D:\testplatformservice\testplatform\venv\Lib\site-packages\channels\routing.py", line 118, in __call__
    return await application(
           ^^^^^^^^^^^^^^^^^^
  File "D:\testplatformservice\testplatform\venv\Lib\site-packages\channels\consumer.py", line 95, in app
    return await consumer(scope, receive, send)
           ^^^^^^^^^^^^^^^^^^^^^^^^^^^^^^^^^^^^
  File "D:\testplatformservice\testplatform\venv\Lib\site-packages\channels\consumer.py", line 58, in __call__
    await await_many_dispatch(
  File "D:\testplatformservice\testplatform\venv\Lib\site-packages\channels\utils.py", line 57, in await_many_dispatch
    await task
redis.exceptions.ResponseError: unknown command 'BZPOPMIN'
[2026-07-06 10:47:27] ERROR [daphne.server:303] Exception inside application: unknown command 'BZPOPMIN'
Traceback (most recent call last):
  File "D:\testplatformservice\testplatform\venv\Lib\site-packages\channels\routing.py", line 48, in __call__
    return await application(scope, receive, send)
           ^^^^^^^^^^^^^^^^^^^^^^^^^^^^^^^^^^^^^^^
  File "D:\testplatformservice\testplatform\commons\ws\auth.py", line 28, in __call__
    return await super().__call__(scope, receive, send)
           ^^^^^^^^^^^^^^^^^^^^^^^^^^^^^^^^^^^^^^^^^^^^
  File "D:\testplatformservice\testplatform\venv\Lib\site-packages\channels\middleware.py", line 24, in __call__
    return await self.inner(scope, receive, send)
           ^^^^^^^^^^^^^^^^^^^^^^^^^^^^^^^^^^^^^^
  File "D:\testplatformservice\testplatform\venv\Lib\site-packages\channels\routing.py", line 118, in __call__
    return await application(
           ^^^^^^^^^^^^^^^^^^
  File "D:\testplatformservice\testplatform\venv\Lib\site-packages\channels\consumer.py", line 95, in app
    return await consumer(scope, receive, send)
           ^^^^^^^^^^^^^^^^^^^^^^^^^^^^^^^^^^^^
  File "D:\testplatformservice\testplatform\venv\Lib\site-packages\channels\consumer.py", line 58, in __call__
    await await_many_dispatch(
  File "D:\testplatformservice\testplatform\venv\Lib\site-packages\channels\utils.py", line 57, in await_many_dispatch
    await task
redis.exceptions.ResponseError: unknown command 'BZPOPMIN'
[2026-07-06 10:47:31] ERROR [daphne.server:303] Exception inside application: unknown command 'BZPOPMIN'
Traceback (most recent call last):
  File "D:\testplatformservice\testplatform\venv\Lib\site-packages\channels\routing.py", line 48, in __call__
    return await application(scope, receive, send)
           ^^^^^^^^^^^^^^^^^^^^^^^^^^^^^^^^^^^^^^^
  File "D:\testplatformservice\testplatform\commons\ws\auth.py", line 28, in __call__
    return await super().__call__(scope, receive, send)
           ^^^^^^^^^^^^^^^^^^^^^^^^^^^^^^^^^^^^^^^^^^^^
  File "D:\testplatformservice\testplatform\venv\Lib\site-packages\channels\middleware.py", line 24, in __call__
    return await self.inner(scope, receive, send)
           ^^^^^^^^^^^^^^^^^^^^^^^^^^^^^^^^^^^^^^
  File "D:\testplatformservice\testplatform\venv\Lib\site-packages\channels\routing.py", line 118, in __call__
    return await application(
           ^^^^^^^^^^^^^^^^^^
  File "D:\testplatformservice\testplatform\venv\Lib\site-packages\channels\consumer.py", line 95, in app
    return await consumer(scope, receive, send)
           ^^^^^^^^^^^^^^^^^^^^^^^^^^^^^^^^^^^^
  File "D:\testplatformservice\testplatform\venv\Lib\site-packages\channels\consumer.py", line 58, in __call__
    await await_many_dispatch(
  File "D:\testplatformservice\testplatform\venv\Lib\site-packages\channels\utils.py", line 57, in await_many_dispatch
    await task
redis.exceptions.ResponseError: unknown command 'BZPOPMIN'
[2026-07-06 10:47:35] ERROR [daphne.server:303] Exception inside application: unknown command 'BZPOPMIN'
Traceback (most recent call last):
  File "D:\testplatformservice\testplatform\venv\Lib\site-packages\channels\routing.py", line 48, in __call__
    return await application(scope, receive, send)
           ^^^^^^^^^^^^^^^^^^^^^^^^^^^^^^^^^^^^^^^
  File "D:\testplatformservice\testplatform\commons\ws\auth.py", line 28, in __call__
    return await super().__call__(scope, receive, send)
           ^^^^^^^^^^^^^^^^^^^^^^^^^^^^^^^^^^^^^^^^^^^^
  File "D:\testplatformservice\testplatform\venv\Lib\site-packages\channels\middleware.py", line 24, in __call__
    return await self.inner(scope, receive, send)
           ^^^^^^^^^^^^^^^^^^^^^^^^^^^^^^^^^^^^^^
  File "D:\testplatformservice\testplatform\venv\Lib\site-packages\channels\routing.py", line 118, in __call__
    return await application(
           ^^^^^^^^^^^^^^^^^^
  File "D:\testplatformservice\testplatform\venv\Lib\site-packages\channels\consumer.py", line 95, in app
    return await consumer(scope, receive, send)
           ^^^^^^^^^^^^^^^^^^^^^^^^^^^^^^^^^^^^
  File "D:\testplatformservice\testplatform\venv\Lib\site-packages\channels\consumer.py", line 58, in __call__
    await await_many_dispatch(
  File "D:\testplatformservice\testplatform\venv\Lib\site-packages\channels\utils.py", line 57, in await_many_dispatch
    await task
redis.exceptions.ResponseError: unknown command 'BZPOPMIN'
[2026-07-06 10:47:39] ERROR [daphne.server:303] Exception inside application: unknown command 'BZPOPMIN'
Traceback (most recent call last):
  File "D:\testplatformservice\testplatform\venv\Lib\site-packages\channels\routing.py", line 48, in __call__
    return await application(scope, receive, send)
           ^^^^^^^^^^^^^^^^^^^^^^^^^^^^^^^^^^^^^^^
  File "D:\testplatformservice\testplatform\commons\ws\auth.py", line 28, in __call__
    return await super().__call__(scope, receive, send)
           ^^^^^^^^^^^^^^^^^^^^^^^^^^^^^^^^^^^^^^^^^^^^
  File "D:\testplatformservice\testplatform\venv\Lib\site-packages\channels\middleware.py", line 24, in __call__
    return await self.inner(scope, receive, send)
           ^^^^^^^^^^^^^^^^^^^^^^^^^^^^^^^^^^^^^^
  File "D:\testplatformservice\testplatform\venv\Lib\site-packages\channels\routing.py", line 118, in __call__
    return await application(
           ^^^^^^^^^^^^^^^^^^
  File "D:\testplatformservice\testplatform\venv\Lib\site-packages\channels\consumer.py", line 95, in app
    return await consumer(scope, receive, send)
           ^^^^^^^^^^^^^^^^^^^^^^^^^^^^^^^^^^^^
  File "D:\testplatformservice\testplatform\venv\Lib\site-packages\channels\consumer.py", line 58, in __call__
    await await_many_dispatch(
  File "D:\testplatformservice\testplatform\venv\Lib\site-packages\channels\utils.py", line 57, in await_many_dispatch
    await task
redis.exceptions.ResponseError: unknown command 'BZPOPMIN'
[2026-07-06 10:47:43] ERROR [daphne.server:303] Exception inside application: unknown command 'BZPOPMIN'
Traceback (most recent call last):
  File "D:\testplatformservice\testplatform\venv\Lib\site-packages\channels\routing.py", line 48, in __call__
    return await application(scope, receive, send)
           ^^^^^^^^^^^^^^^^^^^^^^^^^^^^^^^^^^^^^^^
  File "D:\testplatformservice\testplatform\commons\ws\auth.py", line 28, in __call__
    return await super().__call__(scope, receive, send)
           ^^^^^^^^^^^^^^^^^^^^^^^^^^^^^^^^^^^^^^^^^^^^
  File "D:\testplatformservice\testplatform\venv\Lib\site-packages\channels\middleware.py", line 24, in __call__
    return await self.inner(scope, receive, send)
           ^^^^^^^^^^^^^^^^^^^^^^^^^^^^^^^^^^^^^^
  File "D:\testplatformservice\testplatform\venv\Lib\site-packages\channels\routing.py", line 118, in __call__
    return await application(
           ^^^^^^^^^^^^^^^^^^
  File "D:\testplatformservice\testplatform\venv\Lib\site-packages\channels\consumer.py", line 95, in app
    return await consumer(scope, receive, send)
           ^^^^^^^^^^^^^^^^^^^^^^^^^^^^^^^^^^^^
  File "D:\testplatformservice\testplatform\venv\Lib\site-packages\channels\consumer.py", line 58, in __call__
    await await_many_dispatch(
  File "D:\testplatformservice\testplatform\venv\Lib\site-packages\channels\utils.py", line 57, in await_many_dispatch
    await task
redis.exceptions.ResponseError: unknown command 'BZPOPMIN'
[2026-07-06 10:47:47] ERROR [daphne.server:303] Exception inside application: unknown command 'BZPOPMIN'
Traceback (most recent call last):
  File "D:\testplatformservice\testplatform\venv\Lib\site-packages\channels\routing.py", line 48, in __call__
    return await application(scope, receive, send)
           ^^^^^^^^^^^^^^^^^^^^^^^^^^^^^^^^^^^^^^^
  File "D:\testplatformservice\testplatform\commons\ws\auth.py", line 28, in __call__
    return await super().__call__(scope, receive, send)
           ^^^^^^^^^^^^^^^^^^^^^^^^^^^^^^^^^^^^^^^^^^^^
  File "D:\testplatformservice\testplatform\venv\Lib\site-packages\channels\middleware.py", line 24, in __call__
    return await self.inner(scope, receive, send)
           ^^^^^^^^^^^^^^^^^^^^^^^^^^^^^^^^^^^^^^
  File "D:\testplatformservice\testplatform\venv\Lib\site-packages\channels\routing.py", line 118, in __call__
    return await application(
           ^^^^^^^^^^^^^^^^^^
  File "D:\testplatformservice\testplatform\venv\Lib\site-packages\channels\consumer.py", line 95, in app
    return await consumer(scope, receive, send)
           ^^^^^^^^^^^^^^^^^^^^^^^^^^^^^^^^^^^^
  File "D:\testplatformservice\testplatform\venv\Lib\site-packages\channels\consumer.py", line 58, in __call__
    await await_many_dispatch(
  File "D:\testplatformservice\testplatform\venv\Lib\site-packages\channels\utils.py", line 57, in await_many_dispatch
    await task
redis.exceptions.ResponseError: unknown command 'BZPOPMIN'
[2026-07-06 10:47:51] ERROR [daphne.server:303] Exception inside application: unknown command 'BZPOPMIN'
Traceback (most recent call last):
  File "D:\testplatformservice\testplatform\venv\Lib\site-packages\channels\routing.py", line 48, in __call__
    return await application(scope, receive, send)
           ^^^^^^^^^^^^^^^^^^^^^^^^^^^^^^^^^^^^^^^
  File "D:\testplatformservice\testplatform\commons\ws\auth.py", line 28, in __call__
    return await super().__call__(scope, receive, send)
           ^^^^^^^^^^^^^^^^^^^^^^^^^^^^^^^^^^^^^^^^^^^^
  File "D:\testplatformservice\testplatform\venv\Lib\site-packages\channels\middleware.py", line 24, in __call__
    return await self.inner(scope, receive, send)
           ^^^^^^^^^^^^^^^^^^^^^^^^^^^^^^^^^^^^^^
  File "D:\testplatformservice\testplatform\venv\Lib\site-packages\channels\routing.py", line 118, in __call__
    return await application(
           ^^^^^^^^^^^^^^^^^^
  File "D:\testplatformservice\testplatform\venv\Lib\site-packages\channels\consumer.py", line 95, in app
    return await consumer(scope, receive, send)
           ^^^^^^^^^^^^^^^^^^^^^^^^^^^^^^^^^^^^
  File "D:\testplatformservice\testplatform\venv\Lib\site-packages\channels\consumer.py", line 58, in __call__
    await await_many_dispatch(
  File "D:\testplatformservice\testplatform\venv\Lib\site-packages\channels\utils.py", line 57, in await_many_dispatch
    await task
redis.exceptions.ResponseError: unknown command 'BZPOPMIN'
[2026-07-06 10:47:55] ERROR [daphne.server:303] Exception inside application: unknown command 'BZPOPMIN'
Traceback (most recent call last):
  File "D:\testplatformservice\testplatform\venv\Lib\site-packages\channels\routing.py", line 48, in __call__
    return await application(scope, receive, send)
           ^^^^^^^^^^^^^^^^^^^^^^^^^^^^^^^^^^^^^^^
  File "D:\testplatformservice\testplatform\commons\ws\auth.py", line 28, in __call__
    return await super().__call__(scope, receive, send)
           ^^^^^^^^^^^^^^^^^^^^^^^^^^^^^^^^^^^^^^^^^^^^
  File "D:\testplatformservice\testplatform\venv\Lib\site-packages\channels\middleware.py", line 24, in __call__
    return await self.inner(scope, receive, send)
           ^^^^^^^^^^^^^^^^^^^^^^^^^^^^^^^^^^^^^^
  File "D:\testplatformservice\testplatform\venv\Lib\site-packages\channels\routing.py", line 118, in __call__
    return await application(
           ^^^^^^^^^^^^^^^^^^
  File "D:\testplatformservice\testplatform\venv\Lib\site-packages\channels\consumer.py", line 95, in app
    return await consumer(scope, receive, send)
           ^^^^^^^^^^^^^^^^^^^^^^^^^^^^^^^^^^^^
  File "D:\testplatformservice\testplatform\venv\Lib\site-packages\channels\consumer.py", line 58, in __call__
    await await_many_dispatch(
  File "D:\testplatformservice\testplatform\venv\Lib\site-packages\channels\utils.py", line 57, in await_many_dispatch
    await task
redis.exceptions.ResponseError: unknown command 'BZPOPMIN'
[2026-07-06 10:47:59] ERROR [daphne.server:303] Exception inside application: unknown command 'BZPOPMIN'
Traceback (most recent call last):
  File "D:\testplatformservice\testplatform\venv\Lib\site-packages\channels\routing.py", line 48, in __call__
    return await application(scope, receive, send)
           ^^^^^^^^^^^^^^^^^^^^^^^^^^^^^^^^^^^^^^^
  File "D:\testplatformservice\testplatform\commons\ws\auth.py", line 28, in __call__
    return await super().__call__(scope, receive, send)
           ^^^^^^^^^^^^^^^^^^^^^^^^^^^^^^^^^^^^^^^^^^^^
  File "D:\testplatformservice\testplatform\venv\Lib\site-packages\channels\middleware.py", line 24, in __call__
    return await self.inner(scope, receive, send)
           ^^^^^^^^^^^^^^^^^^^^^^^^^^^^^^^^^^^^^^
  File "D:\testplatformservice\testplatform\venv\Lib\site-packages\channels\routing.py", line 118, in __call__
    return await application(
           ^^^^^^^^^^^^^^^^^^
  File "D:\testplatformservice\testplatform\venv\Lib\site-packages\channels\consumer.py", line 95, in app
    return await consumer(scope, receive, send)
           ^^^^^^^^^^^^^^^^^^^^^^^^^^^^^^^^^^^^
  File "D:\testplatformservice\testplatform\venv\Lib\site-packages\channels\consumer.py", line 58, in __call__
    await await_many_dispatch(
  File "D:\testplatformservice\testplatform\venv\Lib\site-packages\channels\utils.py", line 57, in await_many_dispatch
    await task
redis.exceptions.ResponseError: unknown command 'BZPOPMIN'
[2026-07-06 10:48:03] ERROR [daphne.server:303] Exception inside application: unknown command 'BZPOPMIN'
Traceback (most recent call last):
  File "D:\testplatformservice\testplatform\venv\Lib\site-packages\channels\routing.py", line 48, in __call__
    return await application(scope, receive, send)
           ^^^^^^^^^^^^^^^^^^^^^^^^^^^^^^^^^^^^^^^
  File "D:\testplatformservice\testplatform\commons\ws\auth.py", line 28, in __call__
    return await super().__call__(scope, receive, send)
           ^^^^^^^^^^^^^^^^^^^^^^^^^^^^^^^^^^^^^^^^^^^^
  File "D:\testplatformservice\testplatform\venv\Lib\site-packages\channels\middleware.py", line 24, in __call__
    return await self.inner(scope, receive, send)
           ^^^^^^^^^^^^^^^^^^^^^^^^^^^^^^^^^^^^^^
  File "D:\testplatformservice\testplatform\venv\Lib\site-packages\channels\routing.py", line 118, in __call__
    return await application(
           ^^^^^^^^^^^^^^^^^^
  File "D:\testplatformservice\testplatform\venv\Lib\site-packages\channels\consumer.py", line 95, in app
    return await consumer(scope, receive, send)
           ^^^^^^^^^^^^^^^^^^^^^^^^^^^^^^^^^^^^
  File "D:\testplatformservice\testplatform\venv\Lib\site-packages\channels\consumer.py", line 58, in __call__
    await await_many_dispatch(
  File "D:\testplatformservice\testplatform\venv\Lib\site-packages\channels\utils.py", line 57, in await_many_dispatch
    await task
redis.exceptions.ResponseError: unknown command 'BZPOPMIN'
[2026-07-06 10:48:07] ERROR [daphne.server:303] Exception inside application: unknown command 'BZPOPMIN'
Traceback (most recent call last):
  File "D:\testplatformservice\testplatform\venv\Lib\site-packages\channels\routing.py", line 48, in __call__
    return await application(scope, receive, send)
           ^^^^^^^^^^^^^^^^^^^^^^^^^^^^^^^^^^^^^^^
  File "D:\testplatformservice\testplatform\commons\ws\auth.py", line 28, in __call__
    return await super().__call__(scope, receive, send)
           ^^^^^^^^^^^^^^^^^^^^^^^^^^^^^^^^^^^^^^^^^^^^
  File "D:\testplatformservice\testplatform\venv\Lib\site-packages\channels\middleware.py", line 24, in __call__
    return await self.inner(scope, receive, send)
           ^^^^^^^^^^^^^^^^^^^^^^^^^^^^^^^^^^^^^^
  File "D:\testplatformservice\testplatform\venv\Lib\site-packages\channels\routing.py", line 118, in __call__
    return await application(
           ^^^^^^^^^^^^^^^^^^
  File "D:\testplatformservice\testplatform\venv\Lib\site-packages\channels\consumer.py", line 95, in app
    return await consumer(scope, receive, send)
           ^^^^^^^^^^^^^^^^^^^^^^^^^^^^^^^^^^^^
  File "D:\testplatformservice\testplatform\venv\Lib\site-packages\channels\consumer.py", line 58, in __call__
    await await_many_dispatch(
  File "D:\testplatformservice\testplatform\venv\Lib\site-packages\channels\utils.py", line 57, in await_many_dispatch
    await task
redis.exceptions.ResponseError: unknown command 'BZPOPMIN'
[2026-07-06 10:48:11] ERROR [daphne.server:303] Exception inside application: unknown command 'BZPOPMIN'
Traceback (most recent call last):
  File "D:\testplatformservice\testplatform\venv\Lib\site-packages\channels\routing.py", line 48, in __call__
    return await application(scope, receive, send)
           ^^^^^^^^^^^^^^^^^^^^^^^^^^^^^^^^^^^^^^^
  File "D:\testplatformservice\testplatform\commons\ws\auth.py", line 28, in __call__
    return await super().__call__(scope, receive, send)
           ^^^^^^^^^^^^^^^^^^^^^^^^^^^^^^^^^^^^^^^^^^^^
  File "D:\testplatformservice\testplatform\venv\Lib\site-packages\channels\middleware.py", line 24, in __call__
    return await self.inner(scope, receive, send)
           ^^^^^^^^^^^^^^^^^^^^^^^^^^^^^^^^^^^^^^
  File "D:\testplatformservice\testplatform\venv\Lib\site-packages\channels\routing.py", line 118, in __call__
    return await application(
           ^^^^^^^^^^^^^^^^^^
  File "D:\testplatformservice\testplatform\venv\Lib\site-packages\channels\consumer.py", line 95, in app
    return await consumer(scope, receive, send)
           ^^^^^^^^^^^^^^^^^^^^^^^^^^^^^^^^^^^^
  File "D:\testplatformservice\testplatform\venv\Lib\site-packages\channels\consumer.py", line 58, in __call__
    await await_many_dispatch(
  File "D:\testplatformservice\testplatform\venv\Lib\site-packages\channels\utils.py", line 57, in await_many_dispatch
    await task
redis.exceptions.ResponseError: unknown command 'BZPOPMIN'
[2026-07-06 10:48:15] ERROR [daphne.server:303] Exception inside application: unknown command 'BZPOPMIN'
Traceback (most recent call last):
  File "D:\testplatformservice\testplatform\venv\Lib\site-packages\channels\routing.py", line 48, in __call__
    return await application(scope, receive, send)
           ^^^^^^^^^^^^^^^^^^^^^^^^^^^^^^^^^^^^^^^
  File "D:\testplatformservice\testplatform\commons\ws\auth.py", line 28, in __call__
    return await super().__call__(scope, receive, send)
           ^^^^^^^^^^^^^^^^^^^^^^^^^^^^^^^^^^^^^^^^^^^^
  File "D:\testplatformservice\testplatform\venv\Lib\site-packages\channels\middleware.py", line 24, in __call__
    return await self.inner(scope, receive, send)
           ^^^^^^^^^^^^^^^^^^^^^^^^^^^^^^^^^^^^^^
  File "D:\testplatformservice\testplatform\venv\Lib\site-packages\channels\routing.py", line 118, in __call__
    return await application(
           ^^^^^^^^^^^^^^^^^^
  File "D:\testplatformservice\testplatform\venv\Lib\site-packages\channels\consumer.py", line 95, in app
    return await consumer(scope, receive, send)
           ^^^^^^^^^^^^^^^^^^^^^^^^^^^^^^^^^^^^
  File "D:\testplatformservice\testplatform\venv\Lib\site-packages\channels\consumer.py", line 58, in __call__
    await await_many_dispatch(
  File "D:\testplatformservice\testplatform\venv\Lib\site-packages\channels\utils.py", line 57, in await_many_dispatch
    await task
redis.exceptions.ResponseError: unknown command 'BZPOPMIN'
[2026-07-06 10:48:19] ERROR [daphne.server:303] Exception inside application: unknown command 'BZPOPMIN'
Traceback (most recent call last):
  File "D:\testplatformservice\testplatform\venv\Lib\site-packages\channels\routing.py", line 48, in __call__
    return await application(scope, receive, send)
           ^^^^^^^^^^^^^^^^^^^^^^^^^^^^^^^^^^^^^^^
  File "D:\testplatformservice\testplatform\commons\ws\auth.py", line 28, in __call__
    return await super().__call__(scope, receive, send)
           ^^^^^^^^^^^^^^^^^^^^^^^^^^^^^^^^^^^^^^^^^^^^
  File "D:\testplatformservice\testplatform\venv\Lib\site-packages\channels\middleware.py", line 24, in __call__
    return await self.inner(scope, receive, send)
           ^^^^^^^^^^^^^^^^^^^^^^^^^^^^^^^^^^^^^^
  File "D:\testplatformservice\testplatform\venv\Lib\site-packages\channels\routing.py", line 118, in __call__
    return await application(
           ^^^^^^^^^^^^^^^^^^
  File "D:\testplatformservice\testplatform\venv\Lib\site-packages\channels\consumer.py", line 95, in app
    return await consumer(scope, receive, send)
           ^^^^^^^^^^^^^^^^^^^^^^^^^^^^^^^^^^^^
  File "D:\testplatformservice\testplatform\venv\Lib\site-packages\channels\consumer.py", line 58, in __call__
    await await_many_dispatch(
  File "D:\testplatformservice\testplatform\venv\Lib\site-packages\channels\utils.py", line 57, in await_many_dispatch
    await task
redis.exceptions.ResponseError: unknown command 'BZPOPMIN'
[2026-07-06 10:48:23] ERROR [daphne.server:303] Exception inside application: unknown command 'BZPOPMIN'
Traceback (most recent call last):
  File "D:\testplatformservice\testplatform\venv\Lib\site-packages\channels\routing.py", line 48, in __call__
    return await application(scope, receive, send)
           ^^^^^^^^^^^^^^^^^^^^^^^^^^^^^^^^^^^^^^^
  File "D:\testplatformservice\testplatform\commons\ws\auth.py", line 28, in __call__
    return await super().__call__(scope, receive, send)
           ^^^^^^^^^^^^^^^^^^^^^^^^^^^^^^^^^^^^^^^^^^^^
  File "D:\testplatformservice\testplatform\venv\Lib\site-packages\channels\middleware.py", line 24, in __call__
    return await self.inner(scope, receive, send)
           ^^^^^^^^^^^^^^^^^^^^^^^^^^^^^^^^^^^^^^
  File "D:\testplatformservice\testplatform\venv\Lib\site-packages\channels\routing.py", line 118, in __call__
    return await application(
           ^^^^^^^^^^^^^^^^^^
  File "D:\testplatformservice\testplatform\venv\Lib\site-packages\channels\consumer.py", line 95, in app
    return await consumer(scope, receive, send)
           ^^^^^^^^^^^^^^^^^^^^^^^^^^^^^^^^^^^^
  File "D:\testplatformservice\testplatform\venv\Lib\site-packages\channels\consumer.py", line 58, in __call__
    await await_many_dispatch(
  File "D:\testplatformservice\testplatform\venv\Lib\site-packages\channels\utils.py", line 57, in await_many_dispatch
    await task
redis.exceptions.ResponseError: unknown command 'BZPOPMIN'
[2026-07-06 10:48:27] ERROR [daphne.server:303] Exception inside application: unknown command 'BZPOPMIN'
Traceback (most recent call last):
  File "D:\testplatformservice\testplatform\venv\Lib\site-packages\channels\routing.py", line 48, in __call__
    return await application(scope, receive, send)
           ^^^^^^^^^^^^^^^^^^^^^^^^^^^^^^^^^^^^^^^
  File "D:\testplatformservice\testplatform\commons\ws\auth.py", line 28, in __call__
    return await super().__call__(scope, receive, send)
           ^^^^^^^^^^^^^^^^^^^^^^^^^^^^^^^^^^^^^^^^^^^^
  File "D:\testplatformservice\testplatform\venv\Lib\site-packages\channels\middleware.py", line 24, in __call__
    return await self.inner(scope, receive, send)
           ^^^^^^^^^^^^^^^^^^^^^^^^^^^^^^^^^^^^^^
  File "D:\testplatformservice\testplatform\venv\Lib\site-packages\channels\routing.py", line 118, in __call__
    return await application(
           ^^^^^^^^^^^^^^^^^^
  File "D:\testplatformservice\testplatform\venv\Lib\site-packages\channels\consumer.py", line 95, in app
    return await consumer(scope, receive, send)
           ^^^^^^^^^^^^^^^^^^^^^^^^^^^^^^^^^^^^
  File "D:\testplatformservice\testplatform\venv\Lib\site-packages\channels\consumer.py", line 58, in __call__
    await await_many_dispatch(
  File "D:\testplatformservice\testplatform\venv\Lib\site-packages\channels\utils.py", line 57, in await_many_dispatch
    await task
redis.exceptions.ResponseError: unknown command 'BZPOPMIN'
[2026-07-06 10:48:31] ERROR [daphne.server:303] Exception inside application: unknown command 'BZPOPMIN'
Traceback (most recent call last):
  File "D:\testplatformservice\testplatform\venv\Lib\site-packages\channels\routing.py", line 48, in __call__
    return await application(scope, receive, send)
           ^^^^^^^^^^^^^^^^^^^^^^^^^^^^^^^^^^^^^^^
  File "D:\testplatformservice\testplatform\commons\ws\auth.py", line 28, in __call__
    return await super().__call__(scope, receive, send)
           ^^^^^^^^^^^^^^^^^^^^^^^^^^^^^^^^^^^^^^^^^^^^
  File "D:\testplatformservice\testplatform\venv\Lib\site-packages\channels\middleware.py", line 24, in __call__
    return await self.inner(scope, receive, send)
           ^^^^^^^^^^^^^^^^^^^^^^^^^^^^^^^^^^^^^^
  File "D:\testplatformservice\testplatform\venv\Lib\site-packages\channels\routing.py", line 118, in __call__
    return await application(
           ^^^^^^^^^^^^^^^^^^
  File "D:\testplatformservice\testplatform\venv\Lib\site-packages\channels\consumer.py", line 95, in app
    return await consumer(scope, receive, send)
           ^^^^^^^^^^^^^^^^^^^^^^^^^^^^^^^^^^^^
  File "D:\testplatformservice\testplatform\venv\Lib\site-packages\channels\consumer.py", line 58, in __call__
    await await_many_dispatch(
  File "D:\testplatformservice\testplatform\venv\Lib\site-packages\channels\utils.py", line 57, in await_many_dispatch
    await task
redis.exceptions.ResponseError: unknown command 'BZPOPMIN'
[2026-07-06 10:48:35] ERROR [daphne.server:303] Exception inside application: unknown command 'BZPOPMIN'
Traceback (most recent call last):
  File "D:\testplatformservice\testplatform\venv\Lib\site-packages\channels\routing.py", line 48, in __call__
    return await application(scope, receive, send)
           ^^^^^^^^^^^^^^^^^^^^^^^^^^^^^^^^^^^^^^^
  File "D:\testplatformservice\testplatform\commons\ws\auth.py", line 28, in __call__
    return await super().__call__(scope, receive, send)
           ^^^^^^^^^^^^^^^^^^^^^^^^^^^^^^^^^^^^^^^^^^^^
  File "D:\testplatformservice\testplatform\venv\Lib\site-packages\channels\middleware.py", line 24, in __call__
    return await self.inner(scope, receive, send)
           ^^^^^^^^^^^^^^^^^^^^^^^^^^^^^^^^^^^^^^
  File "D:\testplatformservice\testplatform\venv\Lib\site-packages\channels\routing.py", line 118, in __call__
    return await application(
           ^^^^^^^^^^^^^^^^^^
  File "D:\testplatformservice\testplatform\venv\Lib\site-packages\channels\consumer.py", line 95, in app
    return await consumer(scope, receive, send)
           ^^^^^^^^^^^^^^^^^^^^^^^^^^^^^^^^^^^^
  File "D:\testplatformservice\testplatform\venv\Lib\site-packages\channels\consumer.py", line 58, in __call__
    await await_many_dispatch(
  File "D:\testplatformservice\testplatform\venv\Lib\site-packages\channels\utils.py", line 57, in await_many_dispatch
    await task
redis.exceptions.ResponseError: unknown command 'BZPOPMIN'
[2026-07-06 10:48:40] ERROR [daphne.server:303] Exception inside application: unknown command 'BZPOPMIN'
Traceback (most recent call last):
  File "D:\testplatformservice\testplatform\venv\Lib\site-packages\channels\routing.py", line 48, in __call__
    return await application(scope, receive, send)
           ^^^^^^^^^^^^^^^^^^^^^^^^^^^^^^^^^^^^^^^
  File "D:\testplatformservice\testplatform\commons\ws\auth.py", line 28, in __call__
    return await super().__call__(scope, receive, send)
           ^^^^^^^^^^^^^^^^^^^^^^^^^^^^^^^^^^^^^^^^^^^^
  File "D:\testplatformservice\testplatform\venv\Lib\site-packages\channels\middleware.py", line 24, in __call__
    return await self.inner(scope, receive, send)
           ^^^^^^^^^^^^^^^^^^^^^^^^^^^^^^^^^^^^^^
  File "D:\testplatformservice\testplatform\venv\Lib\site-packages\channels\routing.py", line 118, in __call__
    return await application(
           ^^^^^^^^^^^^^^^^^^
  File "D:\testplatformservice\testplatform\venv\Lib\site-packages\channels\consumer.py", line 95, in app
    return await consumer(scope, receive, send)
           ^^^^^^^^^^^^^^^^^^^^^^^^^^^^^^^^^^^^
  File "D:\testplatformservice\testplatform\venv\Lib\site-packages\channels\consumer.py", line 58, in __call__
    await await_many_dispatch(
  File "D:\testplatformservice\testplatform\venv\Lib\site-packages\channels\utils.py", line 57, in await_many_dispatch
    await task
redis.exceptions.ResponseError: unknown command 'BZPOPMIN'
[2026-07-06 10:48:44] ERROR [daphne.server:303] Exception inside application: unknown command 'BZPOPMIN'
Traceback (most recent call last):
  File "D:\testplatformservice\testplatform\venv\Lib\site-packages\channels\routing.py", line 48, in __call__
    return await application(scope, receive, send)
           ^^^^^^^^^^^^^^^^^^^^^^^^^^^^^^^^^^^^^^^
  File "D:\testplatformservice\testplatform\commons\ws\auth.py", line 28, in __call__
    return await super().__call__(scope, receive, send)
           ^^^^^^^^^^^^^^^^^^^^^^^^^^^^^^^^^^^^^^^^^^^^
  File "D:\testplatformservice\testplatform\venv\Lib\site-packages\channels\middleware.py", line 24, in __call__
    return await self.inner(scope, receive, send)
           ^^^^^^^^^^^^^^^^^^^^^^^^^^^^^^^^^^^^^^
  File "D:\testplatformservice\testplatform\venv\Lib\site-packages\channels\routing.py", line 118, in __call__
    return await application(
           ^^^^^^^^^^^^^^^^^^
  File "D:\testplatformservice\testplatform\venv\Lib\site-packages\channels\consumer.py", line 95, in app
    return await consumer(scope, receive, send)
           ^^^^^^^^^^^^^^^^^^^^^^^^^^^^^^^^^^^^
  File "D:\testplatformservice\testplatform\venv\Lib\site-packages\channels\consumer.py", line 58, in __call__
    await await_many_dispatch(
  File "D:\testplatformservice\testplatform\venv\Lib\site-packages\channels\utils.py", line 57, in await_many_dispatch
    await task
redis.exceptions.ResponseError: unknown command 'BZPOPMIN'
[2026-07-06 10:48:48] ERROR [daphne.server:303] Exception inside application: unknown command 'BZPOPMIN'
Traceback (most recent call last):
  File "D:\testplatformservice\testplatform\venv\Lib\site-packages\channels\routing.py", line 48, in __call__
    return await application(scope, receive, send)
           ^^^^^^^^^^^^^^^^^^^^^^^^^^^^^^^^^^^^^^^
  File "D:\testplatformservice\testplatform\commons\ws\auth.py", line 28, in __call__
    return await super().__call__(scope, receive, send)
           ^^^^^^^^^^^^^^^^^^^^^^^^^^^^^^^^^^^^^^^^^^^^
  File "D:\testplatformservice\testplatform\venv\Lib\site-packages\channels\middleware.py", line 24, in __call__
    return await self.inner(scope, receive, send)
           ^^^^^^^^^^^^^^^^^^^^^^^^^^^^^^^^^^^^^^
  File "D:\testplatformservice\testplatform\venv\Lib\site-packages\channels\routing.py", line 118, in __call__
    return await application(
           ^^^^^^^^^^^^^^^^^^
  File "D:\testplatformservice\testplatform\venv\Lib\site-packages\channels\consumer.py", line 95, in app
    return await consumer(scope, receive, send)
           ^^^^^^^^^^^^^^^^^^^^^^^^^^^^^^^^^^^^
  File "D:\testplatformservice\testplatform\venv\Lib\site-packages\channels\consumer.py", line 58, in __call__
    await await_many_dispatch(
  File "D:\testplatformservice\testplatform\venv\Lib\site-packages\channels\utils.py", line 57, in await_many_dispatch
    await task
redis.exceptions.ResponseError: unknown command 'BZPOPMIN'
[2026-07-06 10:48:52] ERROR [daphne.server:303] Exception inside application: unknown command 'BZPOPMIN'
Traceback (most recent call last):
  File "D:\testplatformservice\testplatform\venv\Lib\site-packages\channels\routing.py", line 48, in __call__
    return await application(scope, receive, send)
           ^^^^^^^^^^^^^^^^^^^^^^^^^^^^^^^^^^^^^^^
  File "D:\testplatformservice\testplatform\commons\ws\auth.py", line 28, in __call__
    return await super().__call__(scope, receive, send)
           ^^^^^^^^^^^^^^^^^^^^^^^^^^^^^^^^^^^^^^^^^^^^
  File "D:\testplatformservice\testplatform\venv\Lib\site-packages\channels\middleware.py", line 24, in __call__
    return await self.inner(scope, receive, send)
           ^^^^^^^^^^^^^^^^^^^^^^^^^^^^^^^^^^^^^^
  File "D:\testplatformservice\testplatform\venv\Lib\site-packages\channels\routing.py", line 118, in __call__
    return await application(
           ^^^^^^^^^^^^^^^^^^
  File "D:\testplatformservice\testplatform\venv\Lib\site-packages\channels\consumer.py", line 95, in app
    return await consumer(scope, receive, send)
           ^^^^^^^^^^^^^^^^^^^^^^^^^^^^^^^^^^^^
  File "D:\testplatformservice\testplatform\venv\Lib\site-packages\channels\consumer.py", line 58, in __call__
    await await_many_dispatch(
  File "D:\testplatformservice\testplatform\venv\Lib\site-packages\channels\utils.py", line 57, in await_many_dispatch
    await task
redis.exceptions.ResponseError: unknown command 'BZPOPMIN'
[2026-07-06 10:48:56] ERROR [daphne.server:303] Exception inside application: unknown command 'BZPOPMIN'
Traceback (most recent call last):
  File "D:\testplatformservice\testplatform\venv\Lib\site-packages\channels\routing.py", line 48, in __call__
    return await application(scope, receive, send)
           ^^^^^^^^^^^^^^^^^^^^^^^^^^^^^^^^^^^^^^^
  File "D:\testplatformservice\testplatform\commons\ws\auth.py", line 28, in __call__
    return await super().__call__(scope, receive, send)
           ^^^^^^^^^^^^^^^^^^^^^^^^^^^^^^^^^^^^^^^^^^^^
  File "D:\testplatformservice\testplatform\venv\Lib\site-packages\channels\middleware.py", line 24, in __call__
    return await self.inner(scope, receive, send)
           ^^^^^^^^^^^^^^^^^^^^^^^^^^^^^^^^^^^^^^
  File "D:\testplatformservice\testplatform\venv\Lib\site-packages\channels\routing.py", line 118, in __call__
    return await application(
           ^^^^^^^^^^^^^^^^^^
  File "D:\testplatformservice\testplatform\venv\Lib\site-packages\channels\consumer.py", line 95, in app
    return await consumer(scope, receive, send)
           ^^^^^^^^^^^^^^^^^^^^^^^^^^^^^^^^^^^^
  File "D:\testplatformservice\testplatform\venv\Lib\site-packages\channels\consumer.py", line 58, in __call__
    await await_many_dispatch(
  File "D:\testplatformservice\testplatform\venv\Lib\site-packages\channels\utils.py", line 57, in await_many_dispatch
    await task
redis.exceptions.ResponseError: unknown command 'BZPOPMIN'
[2026-07-06 10:49:00] ERROR [daphne.server:303] Exception inside application: unknown command 'BZPOPMIN'
Traceback (most recent call last):
  File "D:\testplatformservice\testplatform\venv\Lib\site-packages\channels\routing.py", line 48, in __call__
    return await application(scope, receive, send)
           ^^^^^^^^^^^^^^^^^^^^^^^^^^^^^^^^^^^^^^^
  File "D:\testplatformservice\testplatform\commons\ws\auth.py", line 28, in __call__
    return await super().__call__(scope, receive, send)
           ^^^^^^^^^^^^^^^^^^^^^^^^^^^^^^^^^^^^^^^^^^^^
  File "D:\testplatformservice\testplatform\venv\Lib\site-packages\channels\middleware.py", line 24, in __call__
    return await self.inner(scope, receive, send)
           ^^^^^^^^^^^^^^^^^^^^^^^^^^^^^^^^^^^^^^
  File "D:\testplatformservice\testplatform\venv\Lib\site-packages\channels\routing.py", line 118, in __call__
    return await application(
           ^^^^^^^^^^^^^^^^^^
  File "D:\testplatformservice\testplatform\venv\Lib\site-packages\channels\consumer.py", line 95, in app
    return await consumer(scope, receive, send)
           ^^^^^^^^^^^^^^^^^^^^^^^^^^^^^^^^^^^^
  File "D:\testplatformservice\testplatform\venv\Lib\site-packages\channels\consumer.py", line 58, in __call__
    await await_many_dispatch(
  File "D:\testplatformservice\testplatform\venv\Lib\site-packages\channels\utils.py", line 57, in await_many_dispatch
    await task
redis.exceptions.ResponseError: unknown command 'BZPOPMIN'
[2026-07-06 10:49:04] ERROR [daphne.server:303] Exception inside application: unknown command 'BZPOPMIN'
Traceback (most recent call last):
  File "D:\testplatformservice\testplatform\venv\Lib\site-packages\channels\routing.py", line 48, in __call__
    return await application(scope, receive, send)
           ^^^^^^^^^^^^^^^^^^^^^^^^^^^^^^^^^^^^^^^
  File "D:\testplatformservice\testplatform\commons\ws\auth.py", line 28, in __call__
    return await super().__call__(scope, receive, send)
           ^^^^^^^^^^^^^^^^^^^^^^^^^^^^^^^^^^^^^^^^^^^^
  File "D:\testplatformservice\testplatform\venv\Lib\site-packages\channels\middleware.py", line 24, in __call__
    return await self.inner(scope, receive, send)
           ^^^^^^^^^^^^^^^^^^^^^^^^^^^^^^^^^^^^^^
  File "D:\testplatformservice\testplatform\venv\Lib\site-packages\channels\routing.py", line 118, in __call__
    return await application(
           ^^^^^^^^^^^^^^^^^^
  File "D:\testplatformservice\testplatform\venv\Lib\site-packages\channels\consumer.py", line 95, in app
    return await consumer(scope, receive, send)
           ^^^^^^^^^^^^^^^^^^^^^^^^^^^^^^^^^^^^
  File "D:\testplatformservice\testplatform\venv\Lib\site-packages\channels\consumer.py", line 58, in __call__
    await await_many_dispatch(
  File "D:\testplatformservice\testplatform\venv\Lib\site-packages\channels\utils.py", line 57, in await_many_dispatch
    await task
redis.exceptions.ResponseError: unknown command 'BZPOPMIN'
[2026-07-06 10:49:08] ERROR [daphne.server:303] Exception inside application: unknown command 'BZPOPMIN'
Traceback (most recent call last):
  File "D:\testplatformservice\testplatform\venv\Lib\site-packages\channels\routing.py", line 48, in __call__
    return await application(scope, receive, send)
           ^^^^^^^^^^^^^^^^^^^^^^^^^^^^^^^^^^^^^^^
  File "D:\testplatformservice\testplatform\commons\ws\auth.py", line 28, in __call__
    return await super().__call__(scope, receive, send)
           ^^^^^^^^^^^^^^^^^^^^^^^^^^^^^^^^^^^^^^^^^^^^
  File "D:\testplatformservice\testplatform\venv\Lib\site-packages\channels\middleware.py", line 24, in __call__
    return await self.inner(scope, receive, send)
           ^^^^^^^^^^^^^^^^^^^^^^^^^^^^^^^^^^^^^^
  File "D:\testplatformservice\testplatform\venv\Lib\site-packages\channels\routing.py", line 118, in __call__
    return await application(
           ^^^^^^^^^^^^^^^^^^
  File "D:\testplatformservice\testplatform\venv\Lib\site-packages\channels\consumer.py", line 95, in app
    return await consumer(scope, receive, send)
           ^^^^^^^^^^^^^^^^^^^^^^^^^^^^^^^^^^^^
  File "D:\testplatformservice\testplatform\venv\Lib\site-packages\channels\consumer.py", line 58, in __call__
    await await_many_dispatch(
  File "D:\testplatformservice\testplatform\venv\Lib\site-packages\channels\utils.py", line 57, in await_many_dispatch
    await task
redis.exceptions.ResponseError: unknown command 'BZPOPMIN'
[2026-07-06 10:49:12] ERROR [daphne.server:303] Exception inside application: unknown command 'BZPOPMIN'
Traceback (most recent call last):
  File "D:\testplatformservice\testplatform\venv\Lib\site-packages\channels\routing.py", line 48, in __call__
    return await application(scope, receive, send)
           ^^^^^^^^^^^^^^^^^^^^^^^^^^^^^^^^^^^^^^^
  File "D:\testplatformservice\testplatform\commons\ws\auth.py", line 28, in __call__
    return await super().__call__(scope, receive, send)
           ^^^^^^^^^^^^^^^^^^^^^^^^^^^^^^^^^^^^^^^^^^^^
  File "D:\testplatformservice\testplatform\venv\Lib\site-packages\channels\middleware.py", line 24, in __call__
    return await self.inner(scope, receive, send)
           ^^^^^^^^^^^^^^^^^^^^^^^^^^^^^^^^^^^^^^
  File "D:\testplatformservice\testplatform\venv\Lib\site-packages\channels\routing.py", line 118, in __call__
    return await application(
           ^^^^^^^^^^^^^^^^^^
  File "D:\testplatformservice\testplatform\venv\Lib\site-packages\channels\consumer.py", line 95, in app
    return await consumer(scope, receive, send)
           ^^^^^^^^^^^^^^^^^^^^^^^^^^^^^^^^^^^^
  File "D:\testplatformservice\testplatform\venv\Lib\site-packages\channels\consumer.py", line 58, in __call__
    await await_many_dispatch(
  File "D:\testplatformservice\testplatform\venv\Lib\site-packages\channels\utils.py", line 57, in await_many_dispatch
    await task
redis.exceptions.ResponseError: unknown command 'BZPOPMIN'
[2026-07-06 10:49:16] ERROR [daphne.server:303] Exception inside application: unknown command 'BZPOPMIN'
Traceback (most recent call last):
  File "D:\testplatformservice\testplatform\venv\Lib\site-packages\channels\routing.py", line 48, in __call__
    return await application(scope, receive, send)
           ^^^^^^^^^^^^^^^^^^^^^^^^^^^^^^^^^^^^^^^
  File "D:\testplatformservice\testplatform\commons\ws\auth.py", line 28, in __call__
    return await super().__call__(scope, receive, send)
           ^^^^^^^^^^^^^^^^^^^^^^^^^^^^^^^^^^^^^^^^^^^^
  File "D:\testplatformservice\testplatform\venv\Lib\site-packages\channels\middleware.py", line 24, in __call__
    return await self.inner(scope, receive, send)
           ^^^^^^^^^^^^^^^^^^^^^^^^^^^^^^^^^^^^^^
  File "D:\testplatformservice\testplatform\venv\Lib\site-packages\channels\routing.py", line 118, in __call__
    return await application(
           ^^^^^^^^^^^^^^^^^^
  File "D:\testplatformservice\testplatform\venv\Lib\site-packages\channels\consumer.py", line 95, in app
    return await consumer(scope, receive, send)
           ^^^^^^^^^^^^^^^^^^^^^^^^^^^^^^^^^^^^
  File "D:\testplatformservice\testplatform\venv\Lib\site-packages\channels\consumer.py", line 58, in __call__
    await await_many_dispatch(
  File "D:\testplatformservice\testplatform\venv\Lib\site-packages\channels\utils.py", line 57, in await_many_dispatch
    await task
redis.exceptions.ResponseError: unknown command 'BZPOPMIN'
[2026-07-06 10:49:20] ERROR [daphne.server:303] Exception inside application: unknown command 'BZPOPMIN'
Traceback (most recent call last):
  File "D:\testplatformservice\testplatform\venv\Lib\site-packages\channels\routing.py", line 48, in __call__
    return await application(scope, receive, send)
           ^^^^^^^^^^^^^^^^^^^^^^^^^^^^^^^^^^^^^^^
  File "D:\testplatformservice\testplatform\commons\ws\auth.py", line 28, in __call__
    return await super().__call__(scope, receive, send)
           ^^^^^^^^^^^^^^^^^^^^^^^^^^^^^^^^^^^^^^^^^^^^
  File "D:\testplatformservice\testplatform\venv\Lib\site-packages\channels\middleware.py", line 24, in __call__
    return await self.inner(scope, receive, send)
           ^^^^^^^^^^^^^^^^^^^^^^^^^^^^^^^^^^^^^^
  File "D:\testplatformservice\testplatform\venv\Lib\site-packages\channels\routing.py", line 118, in __call__
    return await application(
           ^^^^^^^^^^^^^^^^^^
  File "D:\testplatformservice\testplatform\venv\Lib\site-packages\channels\consumer.py", line 95, in app
    return await consumer(scope, receive, send)
           ^^^^^^^^^^^^^^^^^^^^^^^^^^^^^^^^^^^^
  File "D:\testplatformservice\testplatform\venv\Lib\site-packages\channels\consumer.py", line 58, in __call__
    await await_many_dispatch(
  File "D:\testplatformservice\testplatform\venv\Lib\site-packages\channels\utils.py", line 57, in await_many_dispatch
    await task
redis.exceptions.ResponseError: unknown command 'BZPOPMIN'
[2026-07-06 10:49:24] ERROR [daphne.server:303] Exception inside application: unknown command 'BZPOPMIN'
Traceback (most recent call last):
  File "D:\testplatformservice\testplatform\venv\Lib\site-packages\channels\routing.py", line 48, in __call__
    return await application(scope, receive, send)
           ^^^^^^^^^^^^^^^^^^^^^^^^^^^^^^^^^^^^^^^
  File "D:\testplatformservice\testplatform\commons\ws\auth.py", line 28, in __call__
    return await super().__call__(scope, receive, send)
           ^^^^^^^^^^^^^^^^^^^^^^^^^^^^^^^^^^^^^^^^^^^^
  File "D:\testplatformservice\testplatform\venv\Lib\site-packages\channels\middleware.py", line 24, in __call__
    return await self.inner(scope, receive, send)
           ^^^^^^^^^^^^^^^^^^^^^^^^^^^^^^^^^^^^^^
  File "D:\testplatformservice\testplatform\venv\Lib\site-packages\channels\routing.py", line 118, in __call__
    return await application(
           ^^^^^^^^^^^^^^^^^^
  File "D:\testplatformservice\testplatform\venv\Lib\site-packages\channels\consumer.py", line 95, in app
    return await consumer(scope, receive, send)
           ^^^^^^^^^^^^^^^^^^^^^^^^^^^^^^^^^^^^
  File "D:\testplatformservice\testplatform\venv\Lib\site-packages\channels\consumer.py", line 58, in __call__
    await await_many_dispatch(
  File "D:\testplatformservice\testplatform\venv\Lib\site-packages\channels\utils.py", line 57, in await_many_dispatch
    await task
redis.exceptions.ResponseError: unknown command 'BZPOPMIN'
[2026-07-06 10:49:28] ERROR [daphne.server:303] Exception inside application: unknown command 'BZPOPMIN'
Traceback (most recent call last):
  File "D:\testplatformservice\testplatform\venv\Lib\site-packages\channels\routing.py", line 48, in __call__
    return await application(scope, receive, send)
           ^^^^^^^^^^^^^^^^^^^^^^^^^^^^^^^^^^^^^^^
  File "D:\testplatformservice\testplatform\commons\ws\auth.py", line 28, in __call__
    return await super().__call__(scope, receive, send)
           ^^^^^^^^^^^^^^^^^^^^^^^^^^^^^^^^^^^^^^^^^^^^
  File "D:\testplatformservice\testplatform\venv\Lib\site-packages\channels\middleware.py", line 24, in __call__
    return await self.inner(scope, receive, send)
           ^^^^^^^^^^^^^^^^^^^^^^^^^^^^^^^^^^^^^^
  File "D:\testplatformservice\testplatform\venv\Lib\site-packages\channels\routing.py", line 118, in __call__
    return await application(
           ^^^^^^^^^^^^^^^^^^
  File "D:\testplatformservice\testplatform\venv\Lib\site-packages\channels\consumer.py", line 95, in app
    return await consumer(scope, receive, send)
           ^^^^^^^^^^^^^^^^^^^^^^^^^^^^^^^^^^^^
  File "D:\testplatformservice\testplatform\venv\Lib\site-packages\channels\consumer.py", line 58, in __call__
    await await_many_dispatch(
  File "D:\testplatformservice\testplatform\venv\Lib\site-packages\channels\utils.py", line 57, in await_many_dispatch
    await task
redis.exceptions.ResponseError: unknown command 'BZPOPMIN'
[2026-07-06 10:49:32] ERROR [daphne.server:303] Exception inside application: unknown command 'BZPOPMIN'
Traceback (most recent call last):
  File "D:\testplatformservice\testplatform\venv\Lib\site-packages\channels\routing.py", line 48, in __call__
    return await application(scope, receive, send)
           ^^^^^^^^^^^^^^^^^^^^^^^^^^^^^^^^^^^^^^^
  File "D:\testplatformservice\testplatform\commons\ws\auth.py", line 28, in __call__
    return await super().__call__(scope, receive, send)
           ^^^^^^^^^^^^^^^^^^^^^^^^^^^^^^^^^^^^^^^^^^^^
  File "D:\testplatformservice\testplatform\venv\Lib\site-packages\channels\middleware.py", line 24, in __call__
    return await self.inner(scope, receive, send)
           ^^^^^^^^^^^^^^^^^^^^^^^^^^^^^^^^^^^^^^
  File "D:\testplatformservice\testplatform\venv\Lib\site-packages\channels\routing.py", line 118, in __call__
    return await application(
           ^^^^^^^^^^^^^^^^^^
  File "D:\testplatformservice\testplatform\venv\Lib\site-packages\channels\consumer.py", line 95, in app
    return await consumer(scope, receive, send)
           ^^^^^^^^^^^^^^^^^^^^^^^^^^^^^^^^^^^^
  File "D:\testplatformservice\testplatform\venv\Lib\site-packages\channels\consumer.py", line 58, in __call__
    await await_many_dispatch(
  File "D:\testplatformservice\testplatform\venv\Lib\site-packages\channels\utils.py", line 57, in await_many_dispatch
    await task
redis.exceptions.ResponseError: unknown command 'BZPOPMIN'
[2026-07-06 10:49:36] ERROR [daphne.server:303] Exception inside application: unknown command 'BZPOPMIN'
Traceback (most recent call last):
  File "D:\testplatformservice\testplatform\venv\Lib\site-packages\channels\routing.py", line 48, in __call__
    return await application(scope, receive, send)
           ^^^^^^^^^^^^^^^^^^^^^^^^^^^^^^^^^^^^^^^
  File "D:\testplatformservice\testplatform\commons\ws\auth.py", line 28, in __call__
    return await super().__call__(scope, receive, send)
           ^^^^^^^^^^^^^^^^^^^^^^^^^^^^^^^^^^^^^^^^^^^^
  File "D:\testplatformservice\testplatform\venv\Lib\site-packages\channels\middleware.py", line 24, in __call__
    return await self.inner(scope, receive, send)
           ^^^^^^^^^^^^^^^^^^^^^^^^^^^^^^^^^^^^^^
  File "D:\testplatformservice\testplatform\venv\Lib\site-packages\channels\routing.py", line 118, in __call__
    return await application(
           ^^^^^^^^^^^^^^^^^^
  File "D:\testplatformservice\testplatform\venv\Lib\site-packages\channels\consumer.py", line 95, in app
    return await consumer(scope, receive, send)
           ^^^^^^^^^^^^^^^^^^^^^^^^^^^^^^^^^^^^
  File "D:\testplatformservice\testplatform\venv\Lib\site-packages\channels\consumer.py", line 58, in __call__
    await await_many_dispatch(
  File "D:\testplatformservice\testplatform\venv\Lib\site-packages\channels\utils.py", line 57, in await_many_dispatch
    await task
redis.exceptions.ResponseError: unknown command 'BZPOPMIN'
[2026-07-06 10:49:40] ERROR [daphne.server:303] Exception inside application: unknown command 'BZPOPMIN'
Traceback (most recent call last):
  File "D:\testplatformservice\testplatform\venv\Lib\site-packages\channels\routing.py", line 48, in __call__
    return await application(scope, receive, send)
           ^^^^^^^^^^^^^^^^^^^^^^^^^^^^^^^^^^^^^^^
  File "D:\testplatformservice\testplatform\commons\ws\auth.py", line 28, in __call__
    return await super().__call__(scope, receive, send)
           ^^^^^^^^^^^^^^^^^^^^^^^^^^^^^^^^^^^^^^^^^^^^
  File "D:\testplatformservice\testplatform\venv\Lib\site-packages\channels\middleware.py", line 24, in __call__
    return await self.inner(scope, receive, send)
           ^^^^^^^^^^^^^^^^^^^^^^^^^^^^^^^^^^^^^^
  File "D:\testplatformservice\testplatform\venv\Lib\site-packages\channels\routing.py", line 118, in __call__
    return await application(
           ^^^^^^^^^^^^^^^^^^
  File "D:\testplatformservice\testplatform\venv\Lib\site-packages\channels\consumer.py", line 95, in app
    return await consumer(scope, receive, send)
           ^^^^^^^^^^^^^^^^^^^^^^^^^^^^^^^^^^^^
  File "D:\testplatformservice\testplatform\venv\Lib\site-packages\channels\consumer.py", line 58, in __call__
    await await_many_dispatch(
  File "D:\testplatformservice\testplatform\venv\Lib\site-packages\channels\utils.py", line 57, in await_many_dispatch
    await task
redis.exceptions.ResponseError: unknown command 'BZPOPMIN'
[2026-07-06 10:49:44] ERROR [daphne.server:303] Exception inside application: unknown command 'BZPOPMIN'
Traceback (most recent call last):
  File "D:\testplatformservice\testplatform\venv\Lib\site-packages\channels\routing.py", line 48, in __call__
    return await application(scope, receive, send)
           ^^^^^^^^^^^^^^^^^^^^^^^^^^^^^^^^^^^^^^^
  File "D:\testplatformservice\testplatform\commons\ws\auth.py", line 28, in __call__
    return await super().__call__(scope, receive, send)
           ^^^^^^^^^^^^^^^^^^^^^^^^^^^^^^^^^^^^^^^^^^^^
  File "D:\testplatformservice\testplatform\venv\Lib\site-packages\channels\middleware.py", line 24, in __call__
    return await self.inner(scope, receive, send)
           ^^^^^^^^^^^^^^^^^^^^^^^^^^^^^^^^^^^^^^
  File "D:\testplatformservice\testplatform\venv\Lib\site-packages\channels\routing.py", line 118, in __call__
    return await application(
           ^^^^^^^^^^^^^^^^^^
  File "D:\testplatformservice\testplatform\venv\Lib\site-packages\channels\consumer.py", line 95, in app
    return await consumer(scope, receive, send)
           ^^^^^^^^^^^^^^^^^^^^^^^^^^^^^^^^^^^^
  File "D:\testplatformservice\testplatform\venv\Lib\site-packages\channels\consumer.py", line 58, in __call__
    await await_many_dispatch(
  File "D:\testplatformservice\testplatform\venv\Lib\site-packages\channels\utils.py", line 57, in await_many_dispatch
    await task
redis.exceptions.ResponseError: unknown command 'BZPOPMIN'
[2026-07-06 10:49:48] ERROR [daphne.server:303] Exception inside application: unknown command 'BZPOPMIN'
Traceback (most recent call last):
  File "D:\testplatformservice\testplatform\venv\Lib\site-packages\channels\routing.py", line 48, in __call__
    return await application(scope, receive, send)
           ^^^^^^^^^^^^^^^^^^^^^^^^^^^^^^^^^^^^^^^
  File "D:\testplatformservice\testplatform\commons\ws\auth.py", line 28, in __call__
    return await super().__call__(scope, receive, send)
           ^^^^^^^^^^^^^^^^^^^^^^^^^^^^^^^^^^^^^^^^^^^^
  File "D:\testplatformservice\testplatform\venv\Lib\site-packages\channels\middleware.py", line 24, in __call__
    return await self.inner(scope, receive, send)
           ^^^^^^^^^^^^^^^^^^^^^^^^^^^^^^^^^^^^^^
  File "D:\testplatformservice\testplatform\venv\Lib\site-packages\channels\routing.py", line 118, in __call__
    return await application(
           ^^^^^^^^^^^^^^^^^^
  File "D:\testplatformservice\testplatform\venv\Lib\site-packages\channels\consumer.py", line 95, in app
    return await consumer(scope, receive, send)
           ^^^^^^^^^^^^^^^^^^^^^^^^^^^^^^^^^^^^
  File "D:\testplatformservice\testplatform\venv\Lib\site-packages\channels\consumer.py", line 58, in __call__
    await await_many_dispatch(
  File "D:\testplatformservice\testplatform\venv\Lib\site-packages\channels\utils.py", line 57, in await_many_dispatch
    await task
redis.exceptions.ResponseError: unknown command 'BZPOPMIN'
[2026-07-06 10:49:53] ERROR [daphne.server:303] Exception inside application: unknown command 'BZPOPMIN'
Traceback (most recent call last):
  File "D:\testplatformservice\testplatform\venv\Lib\site-packages\channels\routing.py", line 48, in __call__
    return await application(scope, receive, send)
           ^^^^^^^^^^^^^^^^^^^^^^^^^^^^^^^^^^^^^^^
  File "D:\testplatformservice\testplatform\commons\ws\auth.py", line 28, in __call__
    return await super().__call__(scope, receive, send)
           ^^^^^^^^^^^^^^^^^^^^^^^^^^^^^^^^^^^^^^^^^^^^
  File "D:\testplatformservice\testplatform\venv\Lib\site-packages\channels\middleware.py", line 24, in __call__
    return await self.inner(scope, receive, send)
           ^^^^^^^^^^^^^^^^^^^^^^^^^^^^^^^^^^^^^^
  File "D:\testplatformservice\testplatform\venv\Lib\site-packages\channels\routing.py", line 118, in __call__
    return await application(
           ^^^^^^^^^^^^^^^^^^
  File "D:\testplatformservice\testplatform\venv\Lib\site-packages\channels\consumer.py", line 95, in app
    return await consumer(scope, receive, send)
           ^^^^^^^^^^^^^^^^^^^^^^^^^^^^^^^^^^^^
  File "D:\testplatformservice\testplatform\venv\Lib\site-packages\channels\consumer.py", line 58, in __call__
    await await_many_dispatch(
  File "D:\testplatformservice\testplatform\venv\Lib\site-packages\channels\utils.py", line 57, in await_many_dispatch
    await task
redis.exceptions.ResponseError: unknown command 'BZPOPMIN'
[2026-07-06 10:49:57] ERROR [daphne.server:303] Exception inside application: unknown command 'BZPOPMIN'
Traceback (most recent call last):
  File "D:\testplatformservice\testplatform\venv\Lib\site-packages\channels\routing.py", line 48, in __call__
    return await application(scope, receive, send)
           ^^^^^^^^^^^^^^^^^^^^^^^^^^^^^^^^^^^^^^^
  File "D:\testplatformservice\testplatform\commons\ws\auth.py", line 28, in __call__
    return await super().__call__(scope, receive, send)
           ^^^^^^^^^^^^^^^^^^^^^^^^^^^^^^^^^^^^^^^^^^^^
  File "D:\testplatformservice\testplatform\venv\Lib\site-packages\channels\middleware.py", line 24, in __call__
    return await self.inner(scope, receive, send)
           ^^^^^^^^^^^^^^^^^^^^^^^^^^^^^^^^^^^^^^
  File "D:\testplatformservice\testplatform\venv\Lib\site-packages\channels\routing.py", line 118, in __call__
    return await application(
           ^^^^^^^^^^^^^^^^^^
  File "D:\testplatformservice\testplatform\venv\Lib\site-packages\channels\consumer.py", line 95, in app
    return await consumer(scope, receive, send)
           ^^^^^^^^^^^^^^^^^^^^^^^^^^^^^^^^^^^^
  File "D:\testplatformservice\testplatform\venv\Lib\site-packages\channels\consumer.py", line 58, in __call__
    await await_many_dispatch(
  File "D:\testplatformservice\testplatform\venv\Lib\site-packages\channels\utils.py", line 57, in await_many_dispatch
    await task
redis.exceptions.ResponseError: unknown command 'BZPOPMIN'
[2026-07-06 10:50:01] ERROR [daphne.server:303] Exception inside application: unknown command 'BZPOPMIN'
Traceback (most recent call last):
  File "D:\testplatformservice\testplatform\venv\Lib\site-packages\channels\routing.py", line 48, in __call__
    return await application(scope, receive, send)
           ^^^^^^^^^^^^^^^^^^^^^^^^^^^^^^^^^^^^^^^
  File "D:\testplatformservice\testplatform\commons\ws\auth.py", line 28, in __call__
    return await super().__call__(scope, receive, send)
           ^^^^^^^^^^^^^^^^^^^^^^^^^^^^^^^^^^^^^^^^^^^^
  File "D:\testplatformservice\testplatform\venv\Lib\site-packages\channels\middleware.py", line 24, in __call__
    return await self.inner(scope, receive, send)
           ^^^^^^^^^^^^^^^^^^^^^^^^^^^^^^^^^^^^^^
  File "D:\testplatformservice\testplatform\venv\Lib\site-packages\channels\routing.py", line 118, in __call__
    return await application(
           ^^^^^^^^^^^^^^^^^^
  File "D:\testplatformservice\testplatform\venv\Lib\site-packages\channels\consumer.py", line 95, in app
    return await consumer(scope, receive, send)
           ^^^^^^^^^^^^^^^^^^^^^^^^^^^^^^^^^^^^
  File "D:\testplatformservice\testplatform\venv\Lib\site-packages\channels\consumer.py", line 58, in __call__
    await await_many_dispatch(
  File "D:\testplatformservice\testplatform\venv\Lib\site-packages\channels\utils.py", line 57, in await_many_dispatch
    await task
redis.exceptions.ResponseError: unknown command 'BZPOPMIN'
[2026-07-06 10:50:05] ERROR [daphne.server:303] Exception inside application: unknown command 'BZPOPMIN'
Traceback (most recent call last):
  File "D:\testplatformservice\testplatform\venv\Lib\site-packages\channels\routing.py", line 48, in __call__
    return await application(scope, receive, send)
           ^^^^^^^^^^^^^^^^^^^^^^^^^^^^^^^^^^^^^^^
  File "D:\testplatformservice\testplatform\commons\ws\auth.py", line 28, in __call__
    return await super().__call__(scope, receive, send)
           ^^^^^^^^^^^^^^^^^^^^^^^^^^^^^^^^^^^^^^^^^^^^
  File "D:\testplatformservice\testplatform\venv\Lib\site-packages\channels\middleware.py", line 24, in __call__
    return await self.inner(scope, receive, send)
           ^^^^^^^^^^^^^^^^^^^^^^^^^^^^^^^^^^^^^^
  File "D:\testplatformservice\testplatform\venv\Lib\site-packages\channels\routing.py", line 118, in __call__
    return await application(
           ^^^^^^^^^^^^^^^^^^
  File "D:\testplatformservice\testplatform\venv\Lib\site-packages\channels\consumer.py", line 95, in app
    return await consumer(scope, receive, send)
           ^^^^^^^^^^^^^^^^^^^^^^^^^^^^^^^^^^^^
  File "D:\testplatformservice\testplatform\venv\Lib\site-packages\channels\consumer.py", line 58, in __call__
    await await_many_dispatch(
  File "D:\testplatformservice\testplatform\venv\Lib\site-packages\channels\utils.py", line 57, in await_many_dispatch
    await task
redis.exceptions.ResponseError: unknown command 'BZPOPMIN'
[2026-07-06 10:50:09] ERROR [daphne.server:303] Exception inside application: unknown command 'BZPOPMIN'
Traceback (most recent call last):
  File "D:\testplatformservice\testplatform\venv\Lib\site-packages\channels\routing.py", line 48, in __call__
    return await application(scope, receive, send)
           ^^^^^^^^^^^^^^^^^^^^^^^^^^^^^^^^^^^^^^^
  File "D:\testplatformservice\testplatform\commons\ws\auth.py", line 28, in __call__
    return await super().__call__(scope, receive, send)
           ^^^^^^^^^^^^^^^^^^^^^^^^^^^^^^^^^^^^^^^^^^^^
  File "D:\testplatformservice\testplatform\venv\Lib\site-packages\channels\middleware.py", line 24, in __call__
    return await self.inner(scope, receive, send)
           ^^^^^^^^^^^^^^^^^^^^^^^^^^^^^^^^^^^^^^
  File "D:\testplatformservice\testplatform\venv\Lib\site-packages\channels\routing.py", line 118, in __call__
    return await application(
           ^^^^^^^^^^^^^^^^^^
  File "D:\testplatformservice\testplatform\venv\Lib\site-packages\channels\consumer.py", line 95, in app
    return await consumer(scope, receive, send)
           ^^^^^^^^^^^^^^^^^^^^^^^^^^^^^^^^^^^^
  File "D:\testplatformservice\testplatform\venv\Lib\site-packages\channels\consumer.py", line 58, in __call__
    await await_many_dispatch(
  File "D:\testplatformservice\testplatform\venv\Lib\site-packages\channels\utils.py", line 57, in await_many_dispatch
    await task
redis.exceptions.ResponseError: unknown command 'BZPOPMIN'
[2026-07-06 10:50:13] ERROR [daphne.server:303] Exception inside application: unknown command 'BZPOPMIN'
Traceback (most recent call last):
  File "D:\testplatformservice\testplatform\venv\Lib\site-packages\channels\routing.py", line 48, in __call__
    return await application(scope, receive, send)
           ^^^^^^^^^^^^^^^^^^^^^^^^^^^^^^^^^^^^^^^
  File "D:\testplatformservice\testplatform\commons\ws\auth.py", line 28, in __call__
    return await super().__call__(scope, receive, send)
           ^^^^^^^^^^^^^^^^^^^^^^^^^^^^^^^^^^^^^^^^^^^^
  File "D:\testplatformservice\testplatform\venv\Lib\site-packages\channels\middleware.py", line 24, in __call__
    return await self.inner(scope, receive, send)
           ^^^^^^^^^^^^^^^^^^^^^^^^^^^^^^^^^^^^^^
  File "D:\testplatformservice\testplatform\venv\Lib\site-packages\channels\routing.py", line 118, in __call__
    return await application(
           ^^^^^^^^^^^^^^^^^^
  File "D:\testplatformservice\testplatform\venv\Lib\site-packages\channels\consumer.py", line 95, in app
    return await consumer(scope, receive, send)
           ^^^^^^^^^^^^^^^^^^^^^^^^^^^^^^^^^^^^
  File "D:\testplatformservice\testplatform\venv\Lib\site-packages\channels\consumer.py", line 58, in __call__
    await await_many_dispatch(
  File "D:\testplatformservice\testplatform\venv\Lib\site-packages\channels\utils.py", line 57, in await_many_dispatch
    await task
redis.exceptions.ResponseError: unknown command 'BZPOPMIN'
[2026-07-06 10:50:17] ERROR [daphne.server:303] Exception inside application: unknown command 'BZPOPMIN'
Traceback (most recent call last):
  File "D:\testplatformservice\testplatform\venv\Lib\site-packages\channels\routing.py", line 48, in __call__
    return await application(scope, receive, send)
           ^^^^^^^^^^^^^^^^^^^^^^^^^^^^^^^^^^^^^^^
  File "D:\testplatformservice\testplatform\commons\ws\auth.py", line 28, in __call__
    return await super().__call__(scope, receive, send)
           ^^^^^^^^^^^^^^^^^^^^^^^^^^^^^^^^^^^^^^^^^^^^
  File "D:\testplatformservice\testplatform\venv\Lib\site-packages\channels\middleware.py", line 24, in __call__
    return await self.inner(scope, receive, send)
           ^^^^^^^^^^^^^^^^^^^^^^^^^^^^^^^^^^^^^^
  File "D:\testplatformservice\testplatform\venv\Lib\site-packages\channels\routing.py", line 118, in __call__
    return await application(
           ^^^^^^^^^^^^^^^^^^
  File "D:\testplatformservice\testplatform\venv\Lib\site-packages\channels\consumer.py", line 95, in app
    return await consumer(scope, receive, send)
           ^^^^^^^^^^^^^^^^^^^^^^^^^^^^^^^^^^^^
  File "D:\testplatformservice\testplatform\venv\Lib\site-packages\channels\consumer.py", line 58, in __call__
    await await_many_dispatch(
  File "D:\testplatformservice\testplatform\venv\Lib\site-packages\channels\utils.py", line 57, in await_many_dispatch
    await task
redis.exceptions.ResponseError: unknown command 'BZPOPMIN'
[2026-07-06 10:50:21] ERROR [daphne.server:303] Exception inside application: unknown command 'BZPOPMIN'
Traceback (most recent call last):
  File "D:\testplatformservice\testplatform\venv\Lib\site-packages\channels\routing.py", line 48, in __call__
    return await application(scope, receive, send)
           ^^^^^^^^^^^^^^^^^^^^^^^^^^^^^^^^^^^^^^^
  File "D:\testplatformservice\testplatform\commons\ws\auth.py", line 28, in __call__
    return await super().__call__(scope, receive, send)
           ^^^^^^^^^^^^^^^^^^^^^^^^^^^^^^^^^^^^^^^^^^^^
  File "D:\testplatformservice\testplatform\venv\Lib\site-packages\channels\middleware.py", line 24, in __call__
    return await self.inner(scope, receive, send)
           ^^^^^^^^^^^^^^^^^^^^^^^^^^^^^^^^^^^^^^
  File "D:\testplatformservice\testplatform\venv\Lib\site-packages\channels\routing.py", line 118, in __call__
    return await application(
           ^^^^^^^^^^^^^^^^^^
  File "D:\testplatformservice\testplatform\venv\Lib\site-packages\channels\consumer.py", line 95, in app
    return await consumer(scope, receive, send)
           ^^^^^^^^^^^^^^^^^^^^^^^^^^^^^^^^^^^^
  File "D:\testplatformservice\testplatform\venv\Lib\site-packages\channels\consumer.py", line 58, in __call__
    await await_many_dispatch(
  File "D:\testplatformservice\testplatform\venv\Lib\site-packages\channels\utils.py", line 57, in await_many_dispatch
    await task
redis.exceptions.ResponseError: unknown command 'BZPOPMIN'
[2026-07-06 10:50:25] ERROR [daphne.server:303] Exception inside application: unknown command 'BZPOPMIN'
Traceback (most recent call last):
  File "D:\testplatformservice\testplatform\venv\Lib\site-packages\channels\routing.py", line 48, in __call__
    return await application(scope, receive, send)
           ^^^^^^^^^^^^^^^^^^^^^^^^^^^^^^^^^^^^^^^
  File "D:\testplatformservice\testplatform\commons\ws\auth.py", line 28, in __call__
    return await super().__call__(scope, receive, send)
           ^^^^^^^^^^^^^^^^^^^^^^^^^^^^^^^^^^^^^^^^^^^^
  File "D:\testplatformservice\testplatform\venv\Lib\site-packages\channels\middleware.py", line 24, in __call__
    return await self.inner(scope, receive, send)
           ^^^^^^^^^^^^^^^^^^^^^^^^^^^^^^^^^^^^^^
  File "D:\testplatformservice\testplatform\venv\Lib\site-packages\channels\routing.py", line 118, in __call__
    return await application(
           ^^^^^^^^^^^^^^^^^^
  File "D:\testplatformservice\testplatform\venv\Lib\site-packages\channels\consumer.py", line 95, in app
    return await consumer(scope, receive, send)
           ^^^^^^^^^^^^^^^^^^^^^^^^^^^^^^^^^^^^
  File "D:\testplatformservice\testplatform\venv\Lib\site-packages\channels\consumer.py", line 58, in __call__
    await await_many_dispatch(
  File "D:\testplatformservice\testplatform\venv\Lib\site-packages\channels\utils.py", line 57, in await_many_dispatch
    await task
redis.exceptions.ResponseError: unknown command 'BZPOPMIN'
[2026-07-06 10:50:29] ERROR [daphne.server:303] Exception inside application: unknown command 'BZPOPMIN'
Traceback (most recent call last):
  File "D:\testplatformservice\testplatform\venv\Lib\site-packages\channels\routing.py", line 48, in __call__
    return await application(scope, receive, send)
           ^^^^^^^^^^^^^^^^^^^^^^^^^^^^^^^^^^^^^^^
  File "D:\testplatformservice\testplatform\commons\ws\auth.py", line 28, in __call__
    return await super().__call__(scope, receive, send)
           ^^^^^^^^^^^^^^^^^^^^^^^^^^^^^^^^^^^^^^^^^^^^
  File "D:\testplatformservice\testplatform\venv\Lib\site-packages\channels\middleware.py", line 24, in __call__
    return await self.inner(scope, receive, send)
           ^^^^^^^^^^^^^^^^^^^^^^^^^^^^^^^^^^^^^^
  File "D:\testplatformservice\testplatform\venv\Lib\site-packages\channels\routing.py", line 118, in __call__
    return await application(
           ^^^^^^^^^^^^^^^^^^
  File "D:\testplatformservice\testplatform\venv\Lib\site-packages\channels\consumer.py", line 95, in app
    return await consumer(scope, receive, send)
           ^^^^^^^^^^^^^^^^^^^^^^^^^^^^^^^^^^^^
  File "D:\testplatformservice\testplatform\venv\Lib\site-packages\channels\consumer.py", line 58, in __call__
    await await_many_dispatch(
  File "D:\testplatformservice\testplatform\venv\Lib\site-packages\channels\utils.py", line 57, in await_many_dispatch
    await task
redis.exceptions.ResponseError: unknown command 'BZPOPMIN'
[2026-07-06 10:50:33] ERROR [daphne.server:303] Exception inside application: unknown command 'BZPOPMIN'
Traceback (most recent call last):
  File "D:\testplatformservice\testplatform\venv\Lib\site-packages\channels\routing.py", line 48, in __call__
    return await application(scope, receive, send)
           ^^^^^^^^^^^^^^^^^^^^^^^^^^^^^^^^^^^^^^^
  File "D:\testplatformservice\testplatform\commons\ws\auth.py", line 28, in __call__
    return await super().__call__(scope, receive, send)
           ^^^^^^^^^^^^^^^^^^^^^^^^^^^^^^^^^^^^^^^^^^^^
  File "D:\testplatformservice\testplatform\venv\Lib\site-packages\channels\middleware.py", line 24, in __call__
    return await self.inner(scope, receive, send)
           ^^^^^^^^^^^^^^^^^^^^^^^^^^^^^^^^^^^^^^
  File "D:\testplatformservice\testplatform\venv\Lib\site-packages\channels\routing.py", line 118, in __call__
    return await application(
           ^^^^^^^^^^^^^^^^^^
  File "D:\testplatformservice\testplatform\venv\Lib\site-packages\channels\consumer.py", line 95, in app
    return await consumer(scope, receive, send)
           ^^^^^^^^^^^^^^^^^^^^^^^^^^^^^^^^^^^^
  File "D:\testplatformservice\testplatform\venv\Lib\site-packages\channels\consumer.py", line 58, in __call__
    await await_many_dispatch(
  File "D:\testplatformservice\testplatform\venv\Lib\site-packages\channels\utils.py", line 57, in await_many_dispatch
    await task
redis.exceptions.ResponseError: unknown command 'BZPOPMIN'
[2026-07-06 10:50:37] ERROR [daphne.server:303] Exception inside application: unknown command 'BZPOPMIN'
Traceback (most recent call last):
  File "D:\testplatformservice\testplatform\venv\Lib\site-packages\channels\routing.py", line 48, in __call__
    return await application(scope, receive, send)
           ^^^^^^^^^^^^^^^^^^^^^^^^^^^^^^^^^^^^^^^
  File "D:\testplatformservice\testplatform\commons\ws\auth.py", line 28, in __call__
    return await super().__call__(scope, receive, send)
           ^^^^^^^^^^^^^^^^^^^^^^^^^^^^^^^^^^^^^^^^^^^^
  File "D:\testplatformservice\testplatform\venv\Lib\site-packages\channels\middleware.py", line 24, in __call__
    return await self.inner(scope, receive, send)
           ^^^^^^^^^^^^^^^^^^^^^^^^^^^^^^^^^^^^^^
  File "D:\testplatformservice\testplatform\venv\Lib\site-packages\channels\routing.py", line 118, in __call__
    return await application(
           ^^^^^^^^^^^^^^^^^^
  File "D:\testplatformservice\testplatform\venv\Lib\site-packages\channels\consumer.py", line 95, in app
    return await consumer(scope, receive, send)
           ^^^^^^^^^^^^^^^^^^^^^^^^^^^^^^^^^^^^
  File "D:\testplatformservice\testplatform\venv\Lib\site-packages\channels\consumer.py", line 58, in __call__
    await await_many_dispatch(
  File "D:\testplatformservice\testplatform\venv\Lib\site-packages\channels\utils.py", line 57, in await_many_dispatch
    await task
redis.exceptions.ResponseError: unknown command 'BZPOPMIN'
[2026-07-06 10:50:41] ERROR [daphne.server:303] Exception inside application: unknown command 'BZPOPMIN'
Traceback (most recent call last):
  File "D:\testplatformservice\testplatform\venv\Lib\site-packages\channels\routing.py", line 48, in __call__
    return await application(scope, receive, send)
           ^^^^^^^^^^^^^^^^^^^^^^^^^^^^^^^^^^^^^^^
  File "D:\testplatformservice\testplatform\commons\ws\auth.py", line 28, in __call__
    return await super().__call__(scope, receive, send)
           ^^^^^^^^^^^^^^^^^^^^^^^^^^^^^^^^^^^^^^^^^^^^
  File "D:\testplatformservice\testplatform\venv\Lib\site-packages\channels\middleware.py", line 24, in __call__
    return await self.inner(scope, receive, send)
           ^^^^^^^^^^^^^^^^^^^^^^^^^^^^^^^^^^^^^^
  File "D:\testplatformservice\testplatform\venv\Lib\site-packages\channels\routing.py", line 118, in __call__
    return await application(
           ^^^^^^^^^^^^^^^^^^
  File "D:\testplatformservice\testplatform\venv\Lib\site-packages\channels\consumer.py", line 95, in app
    return await consumer(scope, receive, send)
           ^^^^^^^^^^^^^^^^^^^^^^^^^^^^^^^^^^^^
  File "D:\testplatformservice\testplatform\venv\Lib\site-packages\channels\consumer.py", line 58, in __call__
    await await_many_dispatch(
  File "D:\testplatformservice\testplatform\venv\Lib\site-packages\channels\utils.py", line 57, in await_many_dispatch
    await task
redis.exceptions.ResponseError: unknown command 'BZPOPMIN'
[2026-07-06 10:50:45] ERROR [daphne.server:303] Exception inside application: unknown command 'BZPOPMIN'
Traceback (most recent call last):
  File "D:\testplatformservice\testplatform\venv\Lib\site-packages\channels\routing.py", line 48, in __call__
    return await application(scope, receive, send)
           ^^^^^^^^^^^^^^^^^^^^^^^^^^^^^^^^^^^^^^^
  File "D:\testplatformservice\testplatform\commons\ws\auth.py", line 28, in __call__
    return await super().__call__(scope, receive, send)
           ^^^^^^^^^^^^^^^^^^^^^^^^^^^^^^^^^^^^^^^^^^^^
  File "D:\testplatformservice\testplatform\venv\Lib\site-packages\channels\middleware.py", line 24, in __call__
    return await self.inner(scope, receive, send)
           ^^^^^^^^^^^^^^^^^^^^^^^^^^^^^^^^^^^^^^
  File "D:\testplatformservice\testplatform\venv\Lib\site-packages\channels\routing.py", line 118, in __call__
    return await application(
           ^^^^^^^^^^^^^^^^^^
  File "D:\testplatformservice\testplatform\venv\Lib\site-packages\channels\consumer.py", line 95, in app
    return await consumer(scope, receive, send)
           ^^^^^^^^^^^^^^^^^^^^^^^^^^^^^^^^^^^^
  File "D:\testplatformservice\testplatform\venv\Lib\site-packages\channels\consumer.py", line 58, in __call__
    await await_many_dispatch(
  File "D:\testplatformservice\testplatform\venv\Lib\site-packages\channels\utils.py", line 57, in await_many_dispatch
    await task
redis.exceptions.ResponseError: unknown command 'BZPOPMIN'
[2026-07-06 10:50:50] ERROR [daphne.server:303] Exception inside application: unknown command 'BZPOPMIN'
Traceback (most recent call last):
  File "D:\testplatformservice\testplatform\venv\Lib\site-packages\channels\routing.py", line 48, in __call__
    return await application(scope, receive, send)
           ^^^^^^^^^^^^^^^^^^^^^^^^^^^^^^^^^^^^^^^
  File "D:\testplatformservice\testplatform\commons\ws\auth.py", line 28, in __call__
    return await super().__call__(scope, receive, send)
           ^^^^^^^^^^^^^^^^^^^^^^^^^^^^^^^^^^^^^^^^^^^^
  File "D:\testplatformservice\testplatform\venv\Lib\site-packages\channels\middleware.py", line 24, in __call__
    return await self.inner(scope, receive, send)
           ^^^^^^^^^^^^^^^^^^^^^^^^^^^^^^^^^^^^^^
  File "D:\testplatformservice\testplatform\venv\Lib\site-packages\channels\routing.py", line 118, in __call__
    return await application(
           ^^^^^^^^^^^^^^^^^^
  File "D:\testplatformservice\testplatform\venv\Lib\site-packages\channels\consumer.py", line 95, in app
    return await consumer(scope, receive, send)
           ^^^^^^^^^^^^^^^^^^^^^^^^^^^^^^^^^^^^
  File "D:\testplatformservice\testplatform\venv\Lib\site-packages\channels\consumer.py", line 58, in __call__
    await await_many_dispatch(
  File "D:\testplatformservice\testplatform\venv\Lib\site-packages\channels\utils.py", line 57, in await_many_dispatch
    await task
redis.exceptions.ResponseError: unknown command 'BZPOPMIN'
[2026-07-06 10:50:54] ERROR [daphne.server:303] Exception inside application: unknown command 'BZPOPMIN'
Traceback (most recent call last):
  File "D:\testplatformservice\testplatform\venv\Lib\site-packages\channels\routing.py", line 48, in __call__
    return await application(scope, receive, send)
           ^^^^^^^^^^^^^^^^^^^^^^^^^^^^^^^^^^^^^^^
  File "D:\testplatformservice\testplatform\commons\ws\auth.py", line 28, in __call__
    return await super().__call__(scope, receive, send)
           ^^^^^^^^^^^^^^^^^^^^^^^^^^^^^^^^^^^^^^^^^^^^
  File "D:\testplatformservice\testplatform\venv\Lib\site-packages\channels\middleware.py", line 24, in __call__
    return await self.inner(scope, receive, send)
           ^^^^^^^^^^^^^^^^^^^^^^^^^^^^^^^^^^^^^^
  File "D:\testplatformservice\testplatform\venv\Lib\site-packages\channels\routing.py", line 118, in __call__
    return await application(
           ^^^^^^^^^^^^^^^^^^
  File "D:\testplatformservice\testplatform\venv\Lib\site-packages\channels\consumer.py", line 95, in app
    return await consumer(scope, receive, send)
           ^^^^^^^^^^^^^^^^^^^^^^^^^^^^^^^^^^^^
  File "D:\testplatformservice\testplatform\venv\Lib\site-packages\channels\consumer.py", line 58, in __call__
    await await_many_dispatch(
  File "D:\testplatformservice\testplatform\venv\Lib\site-packages\channels\utils.py", line 57, in await_many_dispatch
    await task
redis.exceptions.ResponseError: unknown command 'BZPOPMIN'
[2026-07-06 10:50:58] ERROR [daphne.server:303] Exception inside application: unknown command 'BZPOPMIN'
Traceback (most recent call last):
  File "D:\testplatformservice\testplatform\venv\Lib\site-packages\channels\routing.py", line 48, in __call__
    return await application(scope, receive, send)
           ^^^^^^^^^^^^^^^^^^^^^^^^^^^^^^^^^^^^^^^
  File "D:\testplatformservice\testplatform\commons\ws\auth.py", line 28, in __call__
    return await super().__call__(scope, receive, send)
           ^^^^^^^^^^^^^^^^^^^^^^^^^^^^^^^^^^^^^^^^^^^^
  File "D:\testplatformservice\testplatform\venv\Lib\site-packages\channels\middleware.py", line 24, in __call__
    return await self.inner(scope, receive, send)
           ^^^^^^^^^^^^^^^^^^^^^^^^^^^^^^^^^^^^^^
  File "D:\testplatformservice\testplatform\venv\Lib\site-packages\channels\routing.py", line 118, in __call__
    return await application(
           ^^^^^^^^^^^^^^^^^^
  File "D:\testplatformservice\testplatform\venv\Lib\site-packages\channels\consumer.py", line 95, in app
    return await consumer(scope, receive, send)
           ^^^^^^^^^^^^^^^^^^^^^^^^^^^^^^^^^^^^
  File "D:\testplatformservice\testplatform\venv\Lib\site-packages\channels\consumer.py", line 58, in __call__
    await await_many_dispatch(
  File "D:\testplatformservice\testplatform\venv\Lib\site-packages\channels\utils.py", line 57, in await_many_dispatch
    await task
redis.exceptions.ResponseError: unknown command 'BZPOPMIN'
[2026-07-06 10:51:02] ERROR [daphne.server:303] Exception inside application: unknown command 'BZPOPMIN'
Traceback (most recent call last):
  File "D:\testplatformservice\testplatform\venv\Lib\site-packages\channels\routing.py", line 48, in __call__
    return await application(scope, receive, send)
           ^^^^^^^^^^^^^^^^^^^^^^^^^^^^^^^^^^^^^^^
  File "D:\testplatformservice\testplatform\commons\ws\auth.py", line 28, in __call__
    return await super().__call__(scope, receive, send)
           ^^^^^^^^^^^^^^^^^^^^^^^^^^^^^^^^^^^^^^^^^^^^
  File "D:\testplatformservice\testplatform\venv\Lib\site-packages\channels\middleware.py", line 24, in __call__
    return await self.inner(scope, receive, send)
           ^^^^^^^^^^^^^^^^^^^^^^^^^^^^^^^^^^^^^^
  File "D:\testplatformservice\testplatform\venv\Lib\site-packages\channels\routing.py", line 118, in __call__
    return await application(
           ^^^^^^^^^^^^^^^^^^
  File "D:\testplatformservice\testplatform\venv\Lib\site-packages\channels\consumer.py", line 95, in app
    return await consumer(scope, receive, send)
           ^^^^^^^^^^^^^^^^^^^^^^^^^^^^^^^^^^^^
  File "D:\testplatformservice\testplatform\venv\Lib\site-packages\channels\consumer.py", line 58, in __call__
    await await_many_dispatch(
  File "D:\testplatformservice\testplatform\venv\Lib\site-packages\channels\utils.py", line 57, in await_many_dispatch
    await task
redis.exceptions.ResponseError: unknown command 'BZPOPMIN'
[2026-07-06 10:51:06] ERROR [daphne.server:303] Exception inside application: unknown command 'BZPOPMIN'
Traceback (most recent call last):
  File "D:\testplatformservice\testplatform\venv\Lib\site-packages\channels\routing.py", line 48, in __call__
    return await application(scope, receive, send)
           ^^^^^^^^^^^^^^^^^^^^^^^^^^^^^^^^^^^^^^^
  File "D:\testplatformservice\testplatform\commons\ws\auth.py", line 28, in __call__
    return await super().__call__(scope, receive, send)
           ^^^^^^^^^^^^^^^^^^^^^^^^^^^^^^^^^^^^^^^^^^^^
  File "D:\testplatformservice\testplatform\venv\Lib\site-packages\channels\middleware.py", line 24, in __call__
    return await self.inner(scope, receive, send)
           ^^^^^^^^^^^^^^^^^^^^^^^^^^^^^^^^^^^^^^
  File "D:\testplatformservice\testplatform\venv\Lib\site-packages\channels\routing.py", line 118, in __call__
    return await application(
           ^^^^^^^^^^^^^^^^^^
  File "D:\testplatformservice\testplatform\venv\Lib\site-packages\channels\consumer.py", line 95, in app
    return await consumer(scope, receive, send)
           ^^^^^^^^^^^^^^^^^^^^^^^^^^^^^^^^^^^^
  File "D:\testplatformservice\testplatform\venv\Lib\site-packages\channels\consumer.py", line 58, in __call__
    await await_many_dispatch(
  File "D:\testplatformservice\testplatform\venv\Lib\site-packages\channels\utils.py", line 57, in await_many_dispatch
    await task
redis.exceptions.ResponseError: unknown command 'BZPOPMIN'
[2026-07-06 10:51:10] ERROR [daphne.server:303] Exception inside application: unknown command 'BZPOPMIN'
Traceback (most recent call last):
  File "D:\testplatformservice\testplatform\venv\Lib\site-packages\channels\routing.py", line 48, in __call__
    return await application(scope, receive, send)
           ^^^^^^^^^^^^^^^^^^^^^^^^^^^^^^^^^^^^^^^
  File "D:\testplatformservice\testplatform\commons\ws\auth.py", line 28, in __call__
    return await super().__call__(scope, receive, send)
           ^^^^^^^^^^^^^^^^^^^^^^^^^^^^^^^^^^^^^^^^^^^^
  File "D:\testplatformservice\testplatform\venv\Lib\site-packages\channels\middleware.py", line 24, in __call__
    return await self.inner(scope, receive, send)
           ^^^^^^^^^^^^^^^^^^^^^^^^^^^^^^^^^^^^^^
  File "D:\testplatformservice\testplatform\venv\Lib\site-packages\channels\routing.py", line 118, in __call__
    return await application(
           ^^^^^^^^^^^^^^^^^^
  File "D:\testplatformservice\testplatform\venv\Lib\site-packages\channels\consumer.py", line 95, in app
    return await consumer(scope, receive, send)
           ^^^^^^^^^^^^^^^^^^^^^^^^^^^^^^^^^^^^
  File "D:\testplatformservice\testplatform\venv\Lib\site-packages\channels\consumer.py", line 58, in __call__
    await await_many_dispatch(
  File "D:\testplatformservice\testplatform\venv\Lib\site-packages\channels\utils.py", line 57, in await_many_dispatch
    await task
redis.exceptions.ResponseError: unknown command 'BZPOPMIN'
[2026-07-06 10:51:14] ERROR [daphne.server:303] Exception inside application: unknown command 'BZPOPMIN'
Traceback (most recent call last):
  File "D:\testplatformservice\testplatform\venv\Lib\site-packages\channels\routing.py", line 48, in __call__
    return await application(scope, receive, send)
           ^^^^^^^^^^^^^^^^^^^^^^^^^^^^^^^^^^^^^^^
  File "D:\testplatformservice\testplatform\commons\ws\auth.py", line 28, in __call__
    return await super().__call__(scope, receive, send)
           ^^^^^^^^^^^^^^^^^^^^^^^^^^^^^^^^^^^^^^^^^^^^
  File "D:\testplatformservice\testplatform\venv\Lib\site-packages\channels\middleware.py", line 24, in __call__
    return await self.inner(scope, receive, send)
           ^^^^^^^^^^^^^^^^^^^^^^^^^^^^^^^^^^^^^^
  File "D:\testplatformservice\testplatform\venv\Lib\site-packages\channels\routing.py", line 118, in __call__
    return await application(
           ^^^^^^^^^^^^^^^^^^
  File "D:\testplatformservice\testplatform\venv\Lib\site-packages\channels\consumer.py", line 95, in app
    return await consumer(scope, receive, send)
           ^^^^^^^^^^^^^^^^^^^^^^^^^^^^^^^^^^^^
  File "D:\testplatformservice\testplatform\venv\Lib\site-packages\channels\consumer.py", line 58, in __call__
    await await_many_dispatch(
  File "D:\testplatformservice\testplatform\venv\Lib\site-packages\channels\utils.py", line 57, in await_many_dispatch
    await task
redis.exceptions.ResponseError: unknown command 'BZPOPMIN'
[2026-07-06 10:51:18] ERROR [daphne.server:303] Exception inside application: unknown command 'BZPOPMIN'
Traceback (most recent call last):
  File "D:\testplatformservice\testplatform\venv\Lib\site-packages\channels\routing.py", line 48, in __call__
    return await application(scope, receive, send)
           ^^^^^^^^^^^^^^^^^^^^^^^^^^^^^^^^^^^^^^^
  File "D:\testplatformservice\testplatform\commons\ws\auth.py", line 28, in __call__
    return await super().__call__(scope, receive, send)
           ^^^^^^^^^^^^^^^^^^^^^^^^^^^^^^^^^^^^^^^^^^^^
  File "D:\testplatformservice\testplatform\venv\Lib\site-packages\channels\middleware.py", line 24, in __call__
    return await self.inner(scope, receive, send)
           ^^^^^^^^^^^^^^^^^^^^^^^^^^^^^^^^^^^^^^
  File "D:\testplatformservice\testplatform\venv\Lib\site-packages\channels\routing.py", line 118, in __call__
    return await application(
           ^^^^^^^^^^^^^^^^^^
  File "D:\testplatformservice\testplatform\venv\Lib\site-packages\channels\consumer.py", line 95, in app
    return await consumer(scope, receive, send)
           ^^^^^^^^^^^^^^^^^^^^^^^^^^^^^^^^^^^^
  File "D:\testplatformservice\testplatform\venv\Lib\site-packages\channels\consumer.py", line 58, in __call__
    await await_many_dispatch(
  File "D:\testplatformservice\testplatform\venv\Lib\site-packages\channels\utils.py", line 57, in await_many_dispatch
    await task
redis.exceptions.ResponseError: unknown command 'BZPOPMIN'
[2026-07-06 10:51:22] ERROR [daphne.server:303] Exception inside application: unknown command 'BZPOPMIN'
Traceback (most recent call last):
  File "D:\testplatformservice\testplatform\venv\Lib\site-packages\channels\routing.py", line 48, in __call__
    return await application(scope, receive, send)
           ^^^^^^^^^^^^^^^^^^^^^^^^^^^^^^^^^^^^^^^
  File "D:\testplatformservice\testplatform\commons\ws\auth.py", line 28, in __call__
    return await super().__call__(scope, receive, send)
           ^^^^^^^^^^^^^^^^^^^^^^^^^^^^^^^^^^^^^^^^^^^^
  File "D:\testplatformservice\testplatform\venv\Lib\site-packages\channels\middleware.py", line 24, in __call__
    return await self.inner(scope, receive, send)
           ^^^^^^^^^^^^^^^^^^^^^^^^^^^^^^^^^^^^^^
  File "D:\testplatformservice\testplatform\venv\Lib\site-packages\channels\routing.py", line 118, in __call__
    return await application(
           ^^^^^^^^^^^^^^^^^^
  File "D:\testplatformservice\testplatform\venv\Lib\site-packages\channels\consumer.py", line 95, in app
    return await consumer(scope, receive, send)
           ^^^^^^^^^^^^^^^^^^^^^^^^^^^^^^^^^^^^
  File "D:\testplatformservice\testplatform\venv\Lib\site-packages\channels\consumer.py", line 58, in __call__
    await await_many_dispatch(
  File "D:\testplatformservice\testplatform\venv\Lib\site-packages\channels\utils.py", line 57, in await_many_dispatch
    await task
redis.exceptions.ResponseError: unknown command 'BZPOPMIN'
[2026-07-06 10:51:26] ERROR [daphne.server:303] Exception inside application: unknown command 'BZPOPMIN'
Traceback (most recent call last):
  File "D:\testplatformservice\testplatform\venv\Lib\site-packages\channels\routing.py", line 48, in __call__
    return await application(scope, receive, send)
           ^^^^^^^^^^^^^^^^^^^^^^^^^^^^^^^^^^^^^^^
  File "D:\testplatformservice\testplatform\commons\ws\auth.py", line 28, in __call__
    return await super().__call__(scope, receive, send)
           ^^^^^^^^^^^^^^^^^^^^^^^^^^^^^^^^^^^^^^^^^^^^
  File "D:\testplatformservice\testplatform\venv\Lib\site-packages\channels\middleware.py", line 24, in __call__
    return await self.inner(scope, receive, send)
           ^^^^^^^^^^^^^^^^^^^^^^^^^^^^^^^^^^^^^^
  File "D:\testplatformservice\testplatform\venv\Lib\site-packages\channels\routing.py", line 118, in __call__
    return await application(
           ^^^^^^^^^^^^^^^^^^
  File "D:\testplatformservice\testplatform\venv\Lib\site-packages\channels\consumer.py", line 95, in app
    return await consumer(scope, receive, send)
           ^^^^^^^^^^^^^^^^^^^^^^^^^^^^^^^^^^^^
  File "D:\testplatformservice\testplatform\venv\Lib\site-packages\channels\consumer.py", line 58, in __call__
    await await_many_dispatch(
  File "D:\testplatformservice\testplatform\venv\Lib\site-packages\channels\utils.py", line 57, in await_many_dispatch
    await task
redis.exceptions.ResponseError: unknown command 'BZPOPMIN'
[2026-07-06 10:51:30] ERROR [daphne.server:303] Exception inside application: unknown command 'BZPOPMIN'
Traceback (most recent call last):
  File "D:\testplatformservice\testplatform\venv\Lib\site-packages\channels\routing.py", line 48, in __call__
    return await application(scope, receive, send)
           ^^^^^^^^^^^^^^^^^^^^^^^^^^^^^^^^^^^^^^^
  File "D:\testplatformservice\testplatform\commons\ws\auth.py", line 28, in __call__
    return await super().__call__(scope, receive, send)
           ^^^^^^^^^^^^^^^^^^^^^^^^^^^^^^^^^^^^^^^^^^^^
  File "D:\testplatformservice\testplatform\venv\Lib\site-packages\channels\middleware.py", line 24, in __call__
    return await self.inner(scope, receive, send)
           ^^^^^^^^^^^^^^^^^^^^^^^^^^^^^^^^^^^^^^
  File "D:\testplatformservice\testplatform\venv\Lib\site-packages\channels\routing.py", line 118, in __call__
    return await application(
           ^^^^^^^^^^^^^^^^^^
  File "D:\testplatformservice\testplatform\venv\Lib\site-packages\channels\consumer.py", line 95, in app
    return await consumer(scope, receive, send)
           ^^^^^^^^^^^^^^^^^^^^^^^^^^^^^^^^^^^^
  File "D:\testplatformservice\testplatform\venv\Lib\site-packages\channels\consumer.py", line 58, in __call__
    await await_many_dispatch(
  File "D:\testplatformservice\testplatform\venv\Lib\site-packages\channels\utils.py", line 57, in await_many_dispatch
    await task
redis.exceptions.ResponseError: unknown command 'BZPOPMIN'
[2026-07-06 10:51:34] ERROR [daphne.server:303] Exception inside application: unknown command 'BZPOPMIN'
Traceback (most recent call last):
  File "D:\testplatformservice\testplatform\venv\Lib\site-packages\channels\routing.py", line 48, in __call__
    return await application(scope, receive, send)
           ^^^^^^^^^^^^^^^^^^^^^^^^^^^^^^^^^^^^^^^
  File "D:\testplatformservice\testplatform\commons\ws\auth.py", line 28, in __call__
    return await super().__call__(scope, receive, send)
           ^^^^^^^^^^^^^^^^^^^^^^^^^^^^^^^^^^^^^^^^^^^^
  File "D:\testplatformservice\testplatform\venv\Lib\site-packages\channels\middleware.py", line 24, in __call__
    return await self.inner(scope, receive, send)
           ^^^^^^^^^^^^^^^^^^^^^^^^^^^^^^^^^^^^^^
  File "D:\testplatformservice\testplatform\venv\Lib\site-packages\channels\routing.py", line 118, in __call__
    return await application(
           ^^^^^^^^^^^^^^^^^^
  File "D:\testplatformservice\testplatform\venv\Lib\site-packages\channels\consumer.py", line 95, in app
    return await consumer(scope, receive, send)
           ^^^^^^^^^^^^^^^^^^^^^^^^^^^^^^^^^^^^
  File "D:\testplatformservice\testplatform\venv\Lib\site-packages\channels\consumer.py", line 58, in __call__
    await await_many_dispatch(
  File "D:\testplatformservice\testplatform\venv\Lib\site-packages\channels\utils.py", line 57, in await_many_dispatch
    await task
redis.exceptions.ResponseError: unknown command 'BZPOPMIN'
[2026-07-06 10:51:38] ERROR [daphne.server:303] Exception inside application: unknown command 'BZPOPMIN'
Traceback (most recent call last):
  File "D:\testplatformservice\testplatform\venv\Lib\site-packages\channels\routing.py", line 48, in __call__
    return await application(scope, receive, send)
           ^^^^^^^^^^^^^^^^^^^^^^^^^^^^^^^^^^^^^^^
  File "D:\testplatformservice\testplatform\commons\ws\auth.py", line 28, in __call__
    return await super().__call__(scope, receive, send)
           ^^^^^^^^^^^^^^^^^^^^^^^^^^^^^^^^^^^^^^^^^^^^
  File "D:\testplatformservice\testplatform\venv\Lib\site-packages\channels\middleware.py", line 24, in __call__
    return await self.inner(scope, receive, send)
           ^^^^^^^^^^^^^^^^^^^^^^^^^^^^^^^^^^^^^^
  File "D:\testplatformservice\testplatform\venv\Lib\site-packages\channels\routing.py", line 118, in __call__
    return await application(
           ^^^^^^^^^^^^^^^^^^
  File "D:\testplatformservice\testplatform\venv\Lib\site-packages\channels\consumer.py", line 95, in app
    return await consumer(scope, receive, send)
           ^^^^^^^^^^^^^^^^^^^^^^^^^^^^^^^^^^^^
  File "D:\testplatformservice\testplatform\venv\Lib\site-packages\channels\consumer.py", line 58, in __call__
    await await_many_dispatch(
  File "D:\testplatformservice\testplatform\venv\Lib\site-packages\channels\utils.py", line 57, in await_many_dispatch
    await task
redis.exceptions.ResponseError: unknown command 'BZPOPMIN'
[2026-07-06 10:51:42] ERROR [daphne.server:303] Exception inside application: unknown command 'BZPOPMIN'
Traceback (most recent call last):
  File "D:\testplatformservice\testplatform\venv\Lib\site-packages\channels\routing.py", line 48, in __call__
    return await application(scope, receive, send)
           ^^^^^^^^^^^^^^^^^^^^^^^^^^^^^^^^^^^^^^^
  File "D:\testplatformservice\testplatform\commons\ws\auth.py", line 28, in __call__
    return await super().__call__(scope, receive, send)
           ^^^^^^^^^^^^^^^^^^^^^^^^^^^^^^^^^^^^^^^^^^^^
  File "D:\testplatformservice\testplatform\venv\Lib\site-packages\channels\middleware.py", line 24, in __call__
    return await self.inner(scope, receive, send)
           ^^^^^^^^^^^^^^^^^^^^^^^^^^^^^^^^^^^^^^
  File "D:\testplatformservice\testplatform\venv\Lib\site-packages\channels\routing.py", line 118, in __call__
    return await application(
           ^^^^^^^^^^^^^^^^^^
  File "D:\testplatformservice\testplatform\venv\Lib\site-packages\channels\consumer.py", line 95, in app
    return await consumer(scope, receive, send)
           ^^^^^^^^^^^^^^^^^^^^^^^^^^^^^^^^^^^^
  File "D:\testplatformservice\testplatform\venv\Lib\site-packages\channels\consumer.py", line 58, in __call__
    await await_many_dispatch(
  File "D:\testplatformservice\testplatform\venv\Lib\site-packages\channels\utils.py", line 57, in await_many_dispatch
    await task
redis.exceptions.ResponseError: unknown command 'BZPOPMIN'
[2026-07-06 10:51:46] ERROR [daphne.server:303] Exception inside application: unknown command 'BZPOPMIN'
Traceback (most recent call last):
  File "D:\testplatformservice\testplatform\venv\Lib\site-packages\channels\routing.py", line 48, in __call__
    return await application(scope, receive, send)
           ^^^^^^^^^^^^^^^^^^^^^^^^^^^^^^^^^^^^^^^
  File "D:\testplatformservice\testplatform\commons\ws\auth.py", line 28, in __call__
    return await super().__call__(scope, receive, send)
           ^^^^^^^^^^^^^^^^^^^^^^^^^^^^^^^^^^^^^^^^^^^^
  File "D:\testplatformservice\testplatform\venv\Lib\site-packages\channels\middleware.py", line 24, in __call__
    return await self.inner(scope, receive, send)
           ^^^^^^^^^^^^^^^^^^^^^^^^^^^^^^^^^^^^^^
  File "D:\testplatformservice\testplatform\venv\Lib\site-packages\channels\routing.py", line 118, in __call__
    return await application(
           ^^^^^^^^^^^^^^^^^^
  File "D:\testplatformservice\testplatform\venv\Lib\site-packages\channels\consumer.py", line 95, in app
    return await consumer(scope, receive, send)
           ^^^^^^^^^^^^^^^^^^^^^^^^^^^^^^^^^^^^
  File "D:\testplatformservice\testplatform\venv\Lib\site-packages\channels\consumer.py", line 58, in __call__
    await await_many_dispatch(
  File "D:\testplatformservice\testplatform\venv\Lib\site-packages\channels\utils.py", line 57, in await_many_dispatch
    await task
redis.exceptions.ResponseError: unknown command 'BZPOPMIN'
[2026-07-06 10:51:50] ERROR [daphne.server:303] Exception inside application: unknown command 'BZPOPMIN'
Traceback (most recent call last):
  File "D:\testplatformservice\testplatform\venv\Lib\site-packages\channels\routing.py", line 48, in __call__
    return await application(scope, receive, send)
           ^^^^^^^^^^^^^^^^^^^^^^^^^^^^^^^^^^^^^^^
  File "D:\testplatformservice\testplatform\commons\ws\auth.py", line 28, in __call__
    return await super().__call__(scope, receive, send)
           ^^^^^^^^^^^^^^^^^^^^^^^^^^^^^^^^^^^^^^^^^^^^
  File "D:\testplatformservice\testplatform\venv\Lib\site-packages\channels\middleware.py", line 24, in __call__
    return await self.inner(scope, receive, send)
           ^^^^^^^^^^^^^^^^^^^^^^^^^^^^^^^^^^^^^^
  File "D:\testplatformservice\testplatform\venv\Lib\site-packages\channels\routing.py", line 118, in __call__
    return await application(
           ^^^^^^^^^^^^^^^^^^
  File "D:\testplatformservice\testplatform\venv\Lib\site-packages\channels\consumer.py", line 95, in app
    return await consumer(scope, receive, send)
           ^^^^^^^^^^^^^^^^^^^^^^^^^^^^^^^^^^^^
  File "D:\testplatformservice\testplatform\venv\Lib\site-packages\channels\consumer.py", line 58, in __call__
    await await_many_dispatch(
  File "D:\testplatformservice\testplatform\venv\Lib\site-packages\channels\utils.py", line 57, in await_many_dispatch
    await task
redis.exceptions.ResponseError: unknown command 'BZPOPMIN'
[2026-07-06 10:51:54] ERROR [daphne.server:303] Exception inside application: unknown command 'BZPOPMIN'
Traceback (most recent call last):
  File "D:\testplatformservice\testplatform\venv\Lib\site-packages\channels\routing.py", line 48, in __call__
    return await application(scope, receive, send)
           ^^^^^^^^^^^^^^^^^^^^^^^^^^^^^^^^^^^^^^^
  File "D:\testplatformservice\testplatform\commons\ws\auth.py", line 28, in __call__
    return await super().__call__(scope, receive, send)
           ^^^^^^^^^^^^^^^^^^^^^^^^^^^^^^^^^^^^^^^^^^^^
  File "D:\testplatformservice\testplatform\venv\Lib\site-packages\channels\middleware.py", line 24, in __call__
    return await self.inner(scope, receive, send)
           ^^^^^^^^^^^^^^^^^^^^^^^^^^^^^^^^^^^^^^
  File "D:\testplatformservice\testplatform\venv\Lib\site-packages\channels\routing.py", line 118, in __call__
    return await application(
           ^^^^^^^^^^^^^^^^^^
  File "D:\testplatformservice\testplatform\venv\Lib\site-packages\channels\consumer.py", line 95, in app
    return await consumer(scope, receive, send)
           ^^^^^^^^^^^^^^^^^^^^^^^^^^^^^^^^^^^^
  File "D:\testplatformservice\testplatform\venv\Lib\site-packages\channels\consumer.py", line 58, in __call__
    await await_many_dispatch(
  File "D:\testplatformservice\testplatform\venv\Lib\site-packages\channels\utils.py", line 57, in await_many_dispatch
    await task
redis.exceptions.ResponseError: unknown command 'BZPOPMIN'
[2026-07-06 10:51:58] ERROR [daphne.server:303] Exception inside application: unknown command 'BZPOPMIN'
Traceback (most recent call last):
  File "D:\testplatformservice\testplatform\venv\Lib\site-packages\channels\routing.py", line 48, in __call__
    return await application(scope, receive, send)
           ^^^^^^^^^^^^^^^^^^^^^^^^^^^^^^^^^^^^^^^
  File "D:\testplatformservice\testplatform\commons\ws\auth.py", line 28, in __call__
    return await super().__call__(scope, receive, send)
           ^^^^^^^^^^^^^^^^^^^^^^^^^^^^^^^^^^^^^^^^^^^^
  File "D:\testplatformservice\testplatform\venv\Lib\site-packages\channels\middleware.py", line 24, in __call__
    return await self.inner(scope, receive, send)
           ^^^^^^^^^^^^^^^^^^^^^^^^^^^^^^^^^^^^^^
  File "D:\testplatformservice\testplatform\venv\Lib\site-packages\channels\routing.py", line 118, in __call__
    return await application(
           ^^^^^^^^^^^^^^^^^^
  File "D:\testplatformservice\testplatform\venv\Lib\site-packages\channels\consumer.py", line 95, in app
    return await consumer(scope, receive, send)
           ^^^^^^^^^^^^^^^^^^^^^^^^^^^^^^^^^^^^
  File "D:\testplatformservice\testplatform\venv\Lib\site-packages\channels\consumer.py", line 58, in __call__
    await await_many_dispatch(
  File "D:\testplatformservice\testplatform\venv\Lib\site-packages\channels\utils.py", line 57, in await_many_dispatch
    await task
redis.exceptions.ResponseError: unknown command 'BZPOPMIN'
[2026-07-06 10:52:02] ERROR [daphne.server:303] Exception inside application: unknown command 'BZPOPMIN'
Traceback (most recent call last):
  File "D:\testplatformservice\testplatform\venv\Lib\site-packages\channels\routing.py", line 48, in __call__
    return await application(scope, receive, send)
           ^^^^^^^^^^^^^^^^^^^^^^^^^^^^^^^^^^^^^^^
  File "D:\testplatformservice\testplatform\commons\ws\auth.py", line 28, in __call__
    return await super().__call__(scope, receive, send)
           ^^^^^^^^^^^^^^^^^^^^^^^^^^^^^^^^^^^^^^^^^^^^
  File "D:\testplatformservice\testplatform\venv\Lib\site-packages\channels\middleware.py", line 24, in __call__
    return await self.inner(scope, receive, send)
           ^^^^^^^^^^^^^^^^^^^^^^^^^^^^^^^^^^^^^^
  File "D:\testplatformservice\testplatform\venv\Lib\site-packages\channels\routing.py", line 118, in __call__
    return await application(
           ^^^^^^^^^^^^^^^^^^
  File "D:\testplatformservice\testplatform\venv\Lib\site-packages\channels\consumer.py", line 95, in app
    return await consumer(scope, receive, send)
           ^^^^^^^^^^^^^^^^^^^^^^^^^^^^^^^^^^^^
  File "D:\testplatformservice\testplatform\venv\Lib\site-packages\channels\consumer.py", line 58, in __call__
    await await_many_dispatch(
  File "D:\testplatformservice\testplatform\venv\Lib\site-packages\channels\utils.py", line 57, in await_many_dispatch
    await task
redis.exceptions.ResponseError: unknown command 'BZPOPMIN'
[2026-07-06 10:52:06] ERROR [daphne.server:303] Exception inside application: unknown command 'BZPOPMIN'
Traceback (most recent call last):
  File "D:\testplatformservice\testplatform\venv\Lib\site-packages\channels\routing.py", line 48, in __call__
    return await application(scope, receive, send)
           ^^^^^^^^^^^^^^^^^^^^^^^^^^^^^^^^^^^^^^^
  File "D:\testplatformservice\testplatform\commons\ws\auth.py", line 28, in __call__
    return await super().__call__(scope, receive, send)
           ^^^^^^^^^^^^^^^^^^^^^^^^^^^^^^^^^^^^^^^^^^^^
  File "D:\testplatformservice\testplatform\venv\Lib\site-packages\channels\middleware.py", line 24, in __call__
    return await self.inner(scope, receive, send)
           ^^^^^^^^^^^^^^^^^^^^^^^^^^^^^^^^^^^^^^
  File "D:\testplatformservice\testplatform\venv\Lib\site-packages\channels\routing.py", line 118, in __call__
    return await application(
           ^^^^^^^^^^^^^^^^^^
  File "D:\testplatformservice\testplatform\venv\Lib\site-packages\channels\consumer.py", line 95, in app
    return await consumer(scope, receive, send)
           ^^^^^^^^^^^^^^^^^^^^^^^^^^^^^^^^^^^^
  File "D:\testplatformservice\testplatform\venv\Lib\site-packages\channels\consumer.py", line 58, in __call__
    await await_many_dispatch(
  File "D:\testplatformservice\testplatform\venv\Lib\site-packages\channels\utils.py", line 57, in await_many_dispatch
    await task
redis.exceptions.ResponseError: unknown command 'BZPOPMIN'
[2026-07-06 10:52:10] ERROR [daphne.server:303] Exception inside application: unknown command 'BZPOPMIN'
Traceback (most recent call last):
  File "D:\testplatformservice\testplatform\venv\Lib\site-packages\channels\routing.py", line 48, in __call__
    return await application(scope, receive, send)
           ^^^^^^^^^^^^^^^^^^^^^^^^^^^^^^^^^^^^^^^
  File "D:\testplatformservice\testplatform\commons\ws\auth.py", line 28, in __call__
    return await super().__call__(scope, receive, send)
           ^^^^^^^^^^^^^^^^^^^^^^^^^^^^^^^^^^^^^^^^^^^^
  File "D:\testplatformservice\testplatform\venv\Lib\site-packages\channels\middleware.py", line 24, in __call__
    return await self.inner(scope, receive, send)
           ^^^^^^^^^^^^^^^^^^^^^^^^^^^^^^^^^^^^^^
  File "D:\testplatformservice\testplatform\venv\Lib\site-packages\channels\routing.py", line 118, in __call__
    return await application(
           ^^^^^^^^^^^^^^^^^^
  File "D:\testplatformservice\testplatform\venv\Lib\site-packages\channels\consumer.py", line 95, in app
    return await consumer(scope, receive, send)
           ^^^^^^^^^^^^^^^^^^^^^^^^^^^^^^^^^^^^
  File "D:\testplatformservice\testplatform\venv\Lib\site-packages\channels\consumer.py", line 58, in __call__
    await await_many_dispatch(
  File "D:\testplatformservice\testplatform\venv\Lib\site-packages\channels\utils.py", line 57, in await_many_dispatch
    await task
redis.exceptions.ResponseError: unknown command 'BZPOPMIN'
[2026-07-06 10:52:14] ERROR [daphne.server:303] Exception inside application: unknown command 'BZPOPMIN'
Traceback (most recent call last):
  File "D:\testplatformservice\testplatform\venv\Lib\site-packages\channels\routing.py", line 48, in __call__
    return await application(scope, receive, send)
           ^^^^^^^^^^^^^^^^^^^^^^^^^^^^^^^^^^^^^^^
  File "D:\testplatformservice\testplatform\commons\ws\auth.py", line 28, in __call__
    return await super().__call__(scope, receive, send)
           ^^^^^^^^^^^^^^^^^^^^^^^^^^^^^^^^^^^^^^^^^^^^
  File "D:\testplatformservice\testplatform\venv\Lib\site-packages\channels\middleware.py", line 24, in __call__
    return await self.inner(scope, receive, send)
           ^^^^^^^^^^^^^^^^^^^^^^^^^^^^^^^^^^^^^^
  File "D:\testplatformservice\testplatform\venv\Lib\site-packages\channels\routing.py", line 118, in __call__
    return await application(
           ^^^^^^^^^^^^^^^^^^
  File "D:\testplatformservice\testplatform\venv\Lib\site-packages\channels\consumer.py", line 95, in app
    return await consumer(scope, receive, send)
           ^^^^^^^^^^^^^^^^^^^^^^^^^^^^^^^^^^^^
  File "D:\testplatformservice\testplatform\venv\Lib\site-packages\channels\consumer.py", line 58, in __call__
    await await_many_dispatch(
  File "D:\testplatformservice\testplatform\venv\Lib\site-packages\channels\utils.py", line 57, in await_many_dispatch
    await task
redis.exceptions.ResponseError: unknown command 'BZPOPMIN'
[2026-07-06 10:52:18] ERROR [daphne.server:303] Exception inside application: unknown command 'BZPOPMIN'
Traceback (most recent call last):
  File "D:\testplatformservice\testplatform\venv\Lib\site-packages\channels\routing.py", line 48, in __call__
    return await application(scope, receive, send)
           ^^^^^^^^^^^^^^^^^^^^^^^^^^^^^^^^^^^^^^^
  File "D:\testplatformservice\testplatform\commons\ws\auth.py", line 28, in __call__
    return await super().__call__(scope, receive, send)
           ^^^^^^^^^^^^^^^^^^^^^^^^^^^^^^^^^^^^^^^^^^^^
  File "D:\testplatformservice\testplatform\venv\Lib\site-packages\channels\middleware.py", line 24, in __call__
    return await self.inner(scope, receive, send)
           ^^^^^^^^^^^^^^^^^^^^^^^^^^^^^^^^^^^^^^
  File "D:\testplatformservice\testplatform\venv\Lib\site-packages\channels\routing.py", line 118, in __call__
    return await application(
           ^^^^^^^^^^^^^^^^^^
  File "D:\testplatformservice\testplatform\venv\Lib\site-packages\channels\consumer.py", line 95, in app
    return await consumer(scope, receive, send)
           ^^^^^^^^^^^^^^^^^^^^^^^^^^^^^^^^^^^^
  File "D:\testplatformservice\testplatform\venv\Lib\site-packages\channels\consumer.py", line 58, in __call__
    await await_many_dispatch(
  File "D:\testplatformservice\testplatform\venv\Lib\site-packages\channels\utils.py", line 57, in await_many_dispatch
    await task
redis.exceptions.ResponseError: unknown command 'BZPOPMIN'
[2026-07-06 10:52:22] ERROR [daphne.server:303] Exception inside application: unknown command 'BZPOPMIN'
Traceback (most recent call last):
  File "D:\testplatformservice\testplatform\venv\Lib\site-packages\channels\routing.py", line 48, in __call__
    return await application(scope, receive, send)
           ^^^^^^^^^^^^^^^^^^^^^^^^^^^^^^^^^^^^^^^
  File "D:\testplatformservice\testplatform\commons\ws\auth.py", line 28, in __call__
    return await super().__call__(scope, receive, send)
           ^^^^^^^^^^^^^^^^^^^^^^^^^^^^^^^^^^^^^^^^^^^^
  File "D:\testplatformservice\testplatform\venv\Lib\site-packages\channels\middleware.py", line 24, in __call__
    return await self.inner(scope, receive, send)
           ^^^^^^^^^^^^^^^^^^^^^^^^^^^^^^^^^^^^^^
  File "D:\testplatformservice\testplatform\venv\Lib\site-packages\channels\routing.py", line 118, in __call__
    return await application(
           ^^^^^^^^^^^^^^^^^^
  File "D:\testplatformservice\testplatform\venv\Lib\site-packages\channels\consumer.py", line 95, in app
    return await consumer(scope, receive, send)
           ^^^^^^^^^^^^^^^^^^^^^^^^^^^^^^^^^^^^
  File "D:\testplatformservice\testplatform\venv\Lib\site-packages\channels\consumer.py", line 58, in __call__
    await await_many_dispatch(
  File "D:\testplatformservice\testplatform\venv\Lib\site-packages\channels\utils.py", line 57, in await_many_dispatch
    await task
redis.exceptions.ResponseError: unknown command 'BZPOPMIN'
[2026-07-06 10:52:26] ERROR [daphne.server:303] Exception inside application: unknown command 'BZPOPMIN'
Traceback (most recent call last):
  File "D:\testplatformservice\testplatform\venv\Lib\site-packages\channels\routing.py", line 48, in __call__
    return await application(scope, receive, send)
           ^^^^^^^^^^^^^^^^^^^^^^^^^^^^^^^^^^^^^^^
  File "D:\testplatformservice\testplatform\commons\ws\auth.py", line 28, in __call__
    return await super().__call__(scope, receive, send)
           ^^^^^^^^^^^^^^^^^^^^^^^^^^^^^^^^^^^^^^^^^^^^
  File "D:\testplatformservice\testplatform\venv\Lib\site-packages\channels\middleware.py", line 24, in __call__
    return await self.inner(scope, receive, send)
           ^^^^^^^^^^^^^^^^^^^^^^^^^^^^^^^^^^^^^^
  File "D:\testplatformservice\testplatform\venv\Lib\site-packages\channels\routing.py", line 118, in __call__
    return await application(
           ^^^^^^^^^^^^^^^^^^
  File "D:\testplatformservice\testplatform\venv\Lib\site-packages\channels\consumer.py", line 95, in app
    return await consumer(scope, receive, send)
           ^^^^^^^^^^^^^^^^^^^^^^^^^^^^^^^^^^^^
  File "D:\testplatformservice\testplatform\venv\Lib\site-packages\channels\consumer.py", line 58, in __call__
    await await_many_dispatch(
  File "D:\testplatformservice\testplatform\venv\Lib\site-packages\channels\utils.py", line 57, in await_many_dispatch
    await task
redis.exceptions.ResponseError: unknown command 'BZPOPMIN'
[2026-07-06 10:52:30] ERROR [daphne.server:303] Exception inside application: unknown command 'BZPOPMIN'
Traceback (most recent call last):
  File "D:\testplatformservice\testplatform\venv\Lib\site-packages\channels\routing.py", line 48, in __call__
    return await application(scope, receive, send)
           ^^^^^^^^^^^^^^^^^^^^^^^^^^^^^^^^^^^^^^^
  File "D:\testplatformservice\testplatform\commons\ws\auth.py", line 28, in __call__
    return await super().__call__(scope, receive, send)
           ^^^^^^^^^^^^^^^^^^^^^^^^^^^^^^^^^^^^^^^^^^^^
  File "D:\testplatformservice\testplatform\venv\Lib\site-packages\channels\middleware.py", line 24, in __call__
    return await self.inner(scope, receive, send)
           ^^^^^^^^^^^^^^^^^^^^^^^^^^^^^^^^^^^^^^
  File "D:\testplatformservice\testplatform\venv\Lib\site-packages\channels\routing.py", line 118, in __call__
    return await application(
           ^^^^^^^^^^^^^^^^^^
  File "D:\testplatformservice\testplatform\venv\Lib\site-packages\channels\consumer.py", line 95, in app
    return await consumer(scope, receive, send)
           ^^^^^^^^^^^^^^^^^^^^^^^^^^^^^^^^^^^^
  File "D:\testplatformservice\testplatform\venv\Lib\site-packages\channels\consumer.py", line 58, in __call__
    await await_many_dispatch(
  File "D:\testplatformservice\testplatform\venv\Lib\site-packages\channels\utils.py", line 57, in await_many_dispatch
    await task
redis.exceptions.ResponseError: unknown command 'BZPOPMIN'
[2026-07-06 10:52:34] ERROR [daphne.server:303] Exception inside application: unknown command 'BZPOPMIN'
Traceback (most recent call last):
  File "D:\testplatformservice\testplatform\venv\Lib\site-packages\channels\routing.py", line 48, in __call__
    return await application(scope, receive, send)
           ^^^^^^^^^^^^^^^^^^^^^^^^^^^^^^^^^^^^^^^
  File "D:\testplatformservice\testplatform\commons\ws\auth.py", line 28, in __call__
    return await super().__call__(scope, receive, send)
           ^^^^^^^^^^^^^^^^^^^^^^^^^^^^^^^^^^^^^^^^^^^^
  File "D:\testplatformservice\testplatform\venv\Lib\site-packages\channels\middleware.py", line 24, in __call__
    return await self.inner(scope, receive, send)
           ^^^^^^^^^^^^^^^^^^^^^^^^^^^^^^^^^^^^^^
  File "D:\testplatformservice\testplatform\venv\Lib\site-packages\channels\routing.py", line 118, in __call__
    return await application(
           ^^^^^^^^^^^^^^^^^^
  File "D:\testplatformservice\testplatform\venv\Lib\site-packages\channels\consumer.py", line 95, in app
    return await consumer(scope, receive, send)
           ^^^^^^^^^^^^^^^^^^^^^^^^^^^^^^^^^^^^
  File "D:\testplatformservice\testplatform\venv\Lib\site-packages\channels\consumer.py", line 58, in __call__
    await await_many_dispatch(
  File "D:\testplatformservice\testplatform\venv\Lib\site-packages\channels\utils.py", line 57, in await_many_dispatch
    await task
redis.exceptions.ResponseError: unknown command 'BZPOPMIN'
[2026-07-06 10:52:38] ERROR [daphne.server:303] Exception inside application: unknown command 'BZPOPMIN'
Traceback (most recent call last):
  File "D:\testplatformservice\testplatform\venv\Lib\site-packages\channels\routing.py", line 48, in __call__
    return await application(scope, receive, send)
           ^^^^^^^^^^^^^^^^^^^^^^^^^^^^^^^^^^^^^^^
  File "D:\testplatformservice\testplatform\commons\ws\auth.py", line 28, in __call__
    return await super().__call__(scope, receive, send)
           ^^^^^^^^^^^^^^^^^^^^^^^^^^^^^^^^^^^^^^^^^^^^
  File "D:\testplatformservice\testplatform\venv\Lib\site-packages\channels\middleware.py", line 24, in __call__
    return await self.inner(scope, receive, send)
           ^^^^^^^^^^^^^^^^^^^^^^^^^^^^^^^^^^^^^^
  File "D:\testplatformservice\testplatform\venv\Lib\site-packages\channels\routing.py", line 118, in __call__
    return await application(
           ^^^^^^^^^^^^^^^^^^
  File "D:\testplatformservice\testplatform\venv\Lib\site-packages\channels\consumer.py", line 95, in app
    return await consumer(scope, receive, send)
           ^^^^^^^^^^^^^^^^^^^^^^^^^^^^^^^^^^^^
  File "D:\testplatformservice\testplatform\venv\Lib\site-packages\channels\consumer.py", line 58, in __call__
    await await_many_dispatch(
  File "D:\testplatformservice\testplatform\venv\Lib\site-packages\channels\utils.py", line 57, in await_many_dispatch
    await task
redis.exceptions.ResponseError: unknown command 'BZPOPMIN'
[2026-07-06 10:52:42] ERROR [daphne.server:303] Exception inside application: unknown command 'BZPOPMIN'
Traceback (most recent call last):
  File "D:\testplatformservice\testplatform\venv\Lib\site-packages\channels\routing.py", line 48, in __call__
    return await application(scope, receive, send)
           ^^^^^^^^^^^^^^^^^^^^^^^^^^^^^^^^^^^^^^^
  File "D:\testplatformservice\testplatform\commons\ws\auth.py", line 28, in __call__
    return await super().__call__(scope, receive, send)
           ^^^^^^^^^^^^^^^^^^^^^^^^^^^^^^^^^^^^^^^^^^^^
  File "D:\testplatformservice\testplatform\venv\Lib\site-packages\channels\middleware.py", line 24, in __call__
    return await self.inner(scope, receive, send)
           ^^^^^^^^^^^^^^^^^^^^^^^^^^^^^^^^^^^^^^
  File "D:\testplatformservice\testplatform\venv\Lib\site-packages\channels\routing.py", line 118, in __call__
    return await application(
           ^^^^^^^^^^^^^^^^^^
  File "D:\testplatformservice\testplatform\venv\Lib\site-packages\channels\consumer.py", line 95, in app
    return await consumer(scope, receive, send)
           ^^^^^^^^^^^^^^^^^^^^^^^^^^^^^^^^^^^^
  File "D:\testplatformservice\testplatform\venv\Lib\site-packages\channels\consumer.py", line 58, in __call__
    await await_many_dispatch(
  File "D:\testplatformservice\testplatform\venv\Lib\site-packages\channels\utils.py", line 57, in await_many_dispatch
    await task
redis.exceptions.ResponseError: unknown command 'BZPOPMIN'
[2026-07-06 10:52:46] ERROR [daphne.server:303] Exception inside application: unknown command 'BZPOPMIN'
Traceback (most recent call last):
  File "D:\testplatformservice\testplatform\venv\Lib\site-packages\channels\routing.py", line 48, in __call__
    return await application(scope, receive, send)
           ^^^^^^^^^^^^^^^^^^^^^^^^^^^^^^^^^^^^^^^
  File "D:\testplatformservice\testplatform\commons\ws\auth.py", line 28, in __call__
    return await super().__call__(scope, receive, send)
           ^^^^^^^^^^^^^^^^^^^^^^^^^^^^^^^^^^^^^^^^^^^^
  File "D:\testplatformservice\testplatform\venv\Lib\site-packages\channels\middleware.py", line 24, in __call__
    return await self.inner(scope, receive, send)
           ^^^^^^^^^^^^^^^^^^^^^^^^^^^^^^^^^^^^^^
  File "D:\testplatformservice\testplatform\venv\Lib\site-packages\channels\routing.py", line 118, in __call__
    return await application(
           ^^^^^^^^^^^^^^^^^^
  File "D:\testplatformservice\testplatform\venv\Lib\site-packages\channels\consumer.py", line 95, in app
    return await consumer(scope, receive, send)
           ^^^^^^^^^^^^^^^^^^^^^^^^^^^^^^^^^^^^
  File "D:\testplatformservice\testplatform\venv\Lib\site-packages\channels\consumer.py", line 58, in __call__
    await await_many_dispatch(
  File "D:\testplatformservice\testplatform\venv\Lib\site-packages\channels\utils.py", line 57, in await_many_dispatch
    await task
redis.exceptions.ResponseError: unknown command 'BZPOPMIN'
[2026-07-06 10:52:50] ERROR [daphne.server:303] Exception inside application: unknown command 'BZPOPMIN'
Traceback (most recent call last):
  File "D:\testplatformservice\testplatform\venv\Lib\site-packages\channels\routing.py", line 48, in __call__
    return await application(scope, receive, send)
           ^^^^^^^^^^^^^^^^^^^^^^^^^^^^^^^^^^^^^^^
  File "D:\testplatformservice\testplatform\commons\ws\auth.py", line 28, in __call__
    return await super().__call__(scope, receive, send)
           ^^^^^^^^^^^^^^^^^^^^^^^^^^^^^^^^^^^^^^^^^^^^
  File "D:\testplatformservice\testplatform\venv\Lib\site-packages\channels\middleware.py", line 24, in __call__
    return await self.inner(scope, receive, send)
           ^^^^^^^^^^^^^^^^^^^^^^^^^^^^^^^^^^^^^^
  File "D:\testplatformservice\testplatform\venv\Lib\site-packages\channels\routing.py", line 118, in __call__
    return await application(
           ^^^^^^^^^^^^^^^^^^
  File "D:\testplatformservice\testplatform\venv\Lib\site-packages\channels\consumer.py", line 95, in app
    return await consumer(scope, receive, send)
           ^^^^^^^^^^^^^^^^^^^^^^^^^^^^^^^^^^^^
  File "D:\testplatformservice\testplatform\venv\Lib\site-packages\channels\consumer.py", line 58, in __call__
    await await_many_dispatch(
  File "D:\testplatformservice\testplatform\venv\Lib\site-packages\channels\utils.py", line 57, in await_many_dispatch
    await task
redis.exceptions.ResponseError: unknown command 'BZPOPMIN'
[2026-07-06 10:52:54] ERROR [daphne.server:303] Exception inside application: unknown command 'BZPOPMIN'
Traceback (most recent call last):
  File "D:\testplatformservice\testplatform\venv\Lib\site-packages\channels\routing.py", line 48, in __call__
    return await application(scope, receive, send)
           ^^^^^^^^^^^^^^^^^^^^^^^^^^^^^^^^^^^^^^^
  File "D:\testplatformservice\testplatform\commons\ws\auth.py", line 28, in __call__
    return await super().__call__(scope, receive, send)
           ^^^^^^^^^^^^^^^^^^^^^^^^^^^^^^^^^^^^^^^^^^^^
  File "D:\testplatformservice\testplatform\venv\Lib\site-packages\channels\middleware.py", line 24, in __call__
    return await self.inner(scope, receive, send)
           ^^^^^^^^^^^^^^^^^^^^^^^^^^^^^^^^^^^^^^
  File "D:\testplatformservice\testplatform\venv\Lib\site-packages\channels\routing.py", line 118, in __call__
    return await application(
           ^^^^^^^^^^^^^^^^^^
  File "D:\testplatformservice\testplatform\venv\Lib\site-packages\channels\consumer.py", line 95, in app
    return await consumer(scope, receive, send)
           ^^^^^^^^^^^^^^^^^^^^^^^^^^^^^^^^^^^^
  File "D:\testplatformservice\testplatform\venv\Lib\site-packages\channels\consumer.py", line 58, in __call__
    await await_many_dispatch(
  File "D:\testplatformservice\testplatform\venv\Lib\site-packages\channels\utils.py", line 57, in await_many_dispatch
    await task
redis.exceptions.ResponseError: unknown command 'BZPOPMIN'
[2026-07-06 10:52:58] ERROR [daphne.server:303] Exception inside application: unknown command 'BZPOPMIN'
Traceback (most recent call last):
  File "D:\testplatformservice\testplatform\venv\Lib\site-packages\channels\routing.py", line 48, in __call__
    return await application(scope, receive, send)
           ^^^^^^^^^^^^^^^^^^^^^^^^^^^^^^^^^^^^^^^
  File "D:\testplatformservice\testplatform\commons\ws\auth.py", line 28, in __call__
    return await super().__call__(scope, receive, send)
           ^^^^^^^^^^^^^^^^^^^^^^^^^^^^^^^^^^^^^^^^^^^^
  File "D:\testplatformservice\testplatform\venv\Lib\site-packages\channels\middleware.py", line 24, in __call__
    return await self.inner(scope, receive, send)
           ^^^^^^^^^^^^^^^^^^^^^^^^^^^^^^^^^^^^^^
  File "D:\testplatformservice\testplatform\venv\Lib\site-packages\channels\routing.py", line 118, in __call__
    return await application(
           ^^^^^^^^^^^^^^^^^^
  File "D:\testplatformservice\testplatform\venv\Lib\site-packages\channels\consumer.py", line 95, in app
    return await consumer(scope, receive, send)
           ^^^^^^^^^^^^^^^^^^^^^^^^^^^^^^^^^^^^
  File "D:\testplatformservice\testplatform\venv\Lib\site-packages\channels\consumer.py", line 58, in __call__
    await await_many_dispatch(
  File "D:\testplatformservice\testplatform\venv\Lib\site-packages\channels\utils.py", line 57, in await_many_dispatch
    await task
redis.exceptions.ResponseError: unknown command 'BZPOPMIN'
[2026-07-06 10:53:02] ERROR [daphne.server:303] Exception inside application: unknown command 'BZPOPMIN'
Traceback (most recent call last):
  File "D:\testplatformservice\testplatform\venv\Lib\site-packages\channels\routing.py", line 48, in __call__
    return await application(scope, receive, send)
           ^^^^^^^^^^^^^^^^^^^^^^^^^^^^^^^^^^^^^^^
  File "D:\testplatformservice\testplatform\commons\ws\auth.py", line 28, in __call__
    return await super().__call__(scope, receive, send)
           ^^^^^^^^^^^^^^^^^^^^^^^^^^^^^^^^^^^^^^^^^^^^
  File "D:\testplatformservice\testplatform\venv\Lib\site-packages\channels\middleware.py", line 24, in __call__
    return await self.inner(scope, receive, send)
           ^^^^^^^^^^^^^^^^^^^^^^^^^^^^^^^^^^^^^^
  File "D:\testplatformservice\testplatform\venv\Lib\site-packages\channels\routing.py", line 118, in __call__
    return await application(
           ^^^^^^^^^^^^^^^^^^
  File "D:\testplatformservice\testplatform\venv\Lib\site-packages\channels\consumer.py", line 95, in app
    return await consumer(scope, receive, send)
           ^^^^^^^^^^^^^^^^^^^^^^^^^^^^^^^^^^^^
  File "D:\testplatformservice\testplatform\venv\Lib\site-packages\channels\consumer.py", line 58, in __call__
    await await_many_dispatch(
  File "D:\testplatformservice\testplatform\venv\Lib\site-packages\channels\utils.py", line 57, in await_many_dispatch
    await task
redis.exceptions.ResponseError: unknown command 'BZPOPMIN'
[2026-07-06 10:53:07] ERROR [daphne.server:303] Exception inside application: unknown command 'BZPOPMIN'
Traceback (most recent call last):
  File "D:\testplatformservice\testplatform\venv\Lib\site-packages\channels\routing.py", line 48, in __call__
    return await application(scope, receive, send)
           ^^^^^^^^^^^^^^^^^^^^^^^^^^^^^^^^^^^^^^^
  File "D:\testplatformservice\testplatform\commons\ws\auth.py", line 28, in __call__
    return await super().__call__(scope, receive, send)
           ^^^^^^^^^^^^^^^^^^^^^^^^^^^^^^^^^^^^^^^^^^^^
  File "D:\testplatformservice\testplatform\venv\Lib\site-packages\channels\middleware.py", line 24, in __call__
    return await self.inner(scope, receive, send)
           ^^^^^^^^^^^^^^^^^^^^^^^^^^^^^^^^^^^^^^
  File "D:\testplatformservice\testplatform\venv\Lib\site-packages\channels\routing.py", line 118, in __call__
    return await application(
           ^^^^^^^^^^^^^^^^^^
  File "D:\testplatformservice\testplatform\venv\Lib\site-packages\channels\consumer.py", line 95, in app
    return await consumer(scope, receive, send)
           ^^^^^^^^^^^^^^^^^^^^^^^^^^^^^^^^^^^^
  File "D:\testplatformservice\testplatform\venv\Lib\site-packages\channels\consumer.py", line 58, in __call__
    await await_many_dispatch(
  File "D:\testplatformservice\testplatform\venv\Lib\site-packages\channels\utils.py", line 57, in await_many_dispatch
    await task
redis.exceptions.ResponseError: unknown command 'BZPOPMIN'
[2026-07-06 10:53:11] ERROR [daphne.server:303] Exception inside application: unknown command 'BZPOPMIN'
Traceback (most recent call last):
  File "D:\testplatformservice\testplatform\venv\Lib\site-packages\channels\routing.py", line 48, in __call__
    return await application(scope, receive, send)
           ^^^^^^^^^^^^^^^^^^^^^^^^^^^^^^^^^^^^^^^
  File "D:\testplatformservice\testplatform\commons\ws\auth.py", line 28, in __call__
    return await super().__call__(scope, receive, send)
           ^^^^^^^^^^^^^^^^^^^^^^^^^^^^^^^^^^^^^^^^^^^^
  File "D:\testplatformservice\testplatform\venv\Lib\site-packages\channels\middleware.py", line 24, in __call__
    return await self.inner(scope, receive, send)
           ^^^^^^^^^^^^^^^^^^^^^^^^^^^^^^^^^^^^^^
  File "D:\testplatformservice\testplatform\venv\Lib\site-packages\channels\routing.py", line 118, in __call__
    return await application(
           ^^^^^^^^^^^^^^^^^^
  File "D:\testplatformservice\testplatform\venv\Lib\site-packages\channels\consumer.py", line 95, in app
    return await consumer(scope, receive, send)
           ^^^^^^^^^^^^^^^^^^^^^^^^^^^^^^^^^^^^
  File "D:\testplatformservice\testplatform\venv\Lib\site-packages\channels\consumer.py", line 58, in __call__
    await await_many_dispatch(
  File "D:\testplatformservice\testplatform\venv\Lib\site-packages\channels\utils.py", line 57, in await_many_dispatch
    await task
redis.exceptions.ResponseError: unknown command 'BZPOPMIN'
[2026-07-06 10:53:15] ERROR [daphne.server:303] Exception inside application: unknown command 'BZPOPMIN'
Traceback (most recent call last):
  File "D:\testplatformservice\testplatform\venv\Lib\site-packages\channels\routing.py", line 48, in __call__
    return await application(scope, receive, send)
           ^^^^^^^^^^^^^^^^^^^^^^^^^^^^^^^^^^^^^^^
  File "D:\testplatformservice\testplatform\commons\ws\auth.py", line 28, in __call__
    return await super().__call__(scope, receive, send)
           ^^^^^^^^^^^^^^^^^^^^^^^^^^^^^^^^^^^^^^^^^^^^
  File "D:\testplatformservice\testplatform\venv\Lib\site-packages\channels\middleware.py", line 24, in __call__
    return await self.inner(scope, receive, send)
           ^^^^^^^^^^^^^^^^^^^^^^^^^^^^^^^^^^^^^^
  File "D:\testplatformservice\testplatform\venv\Lib\site-packages\channels\routing.py", line 118, in __call__
    return await application(
           ^^^^^^^^^^^^^^^^^^
  File "D:\testplatformservice\testplatform\venv\Lib\site-packages\channels\consumer.py", line 95, in app
    return await consumer(scope, receive, send)
           ^^^^^^^^^^^^^^^^^^^^^^^^^^^^^^^^^^^^
  File "D:\testplatformservice\testplatform\venv\Lib\site-packages\channels\consumer.py", line 58, in __call__
    await await_many_dispatch(
  File "D:\testplatformservice\testplatform\venv\Lib\site-packages\channels\utils.py", line 57, in await_many_dispatch
    await task
redis.exceptions.ResponseError: unknown command 'BZPOPMIN'
[2026-07-06 10:53:19] ERROR [daphne.server:303] Exception inside application: unknown command 'BZPOPMIN'
Traceback (most recent call last):
  File "D:\testplatformservice\testplatform\venv\Lib\site-packages\channels\routing.py", line 48, in __call__
    return await application(scope, receive, send)
           ^^^^^^^^^^^^^^^^^^^^^^^^^^^^^^^^^^^^^^^
  File "D:\testplatformservice\testplatform\commons\ws\auth.py", line 28, in __call__
    return await super().__call__(scope, receive, send)
           ^^^^^^^^^^^^^^^^^^^^^^^^^^^^^^^^^^^^^^^^^^^^
  File "D:\testplatformservice\testplatform\venv\Lib\site-packages\channels\middleware.py", line 24, in __call__
    return await self.inner(scope, receive, send)
           ^^^^^^^^^^^^^^^^^^^^^^^^^^^^^^^^^^^^^^
  File "D:\testplatformservice\testplatform\venv\Lib\site-packages\channels\routing.py", line 118, in __call__
    return await application(
           ^^^^^^^^^^^^^^^^^^
  File "D:\testplatformservice\testplatform\venv\Lib\site-packages\channels\consumer.py", line 95, in app
    return await consumer(scope, receive, send)
           ^^^^^^^^^^^^^^^^^^^^^^^^^^^^^^^^^^^^
  File "D:\testplatformservice\testplatform\venv\Lib\site-packages\channels\consumer.py", line 58, in __call__
    await await_many_dispatch(
  File "D:\testplatformservice\testplatform\venv\Lib\site-packages\channels\utils.py", line 57, in await_many_dispatch
    await task
redis.exceptions.ResponseError: unknown command 'BZPOPMIN'
[2026-07-06 10:53:23] ERROR [daphne.server:303] Exception inside application: unknown command 'BZPOPMIN'
Traceback (most recent call last):
  File "D:\testplatformservice\testplatform\venv\Lib\site-packages\channels\routing.py", line 48, in __call__
    return await application(scope, receive, send)
           ^^^^^^^^^^^^^^^^^^^^^^^^^^^^^^^^^^^^^^^
  File "D:\testplatformservice\testplatform\commons\ws\auth.py", line 28, in __call__
    return await super().__call__(scope, receive, send)
           ^^^^^^^^^^^^^^^^^^^^^^^^^^^^^^^^^^^^^^^^^^^^
  File "D:\testplatformservice\testplatform\venv\Lib\site-packages\channels\middleware.py", line 24, in __call__
    return await self.inner(scope, receive, send)
           ^^^^^^^^^^^^^^^^^^^^^^^^^^^^^^^^^^^^^^
  File "D:\testplatformservice\testplatform\venv\Lib\site-packages\channels\routing.py", line 118, in __call__
    return await application(
           ^^^^^^^^^^^^^^^^^^
  File "D:\testplatformservice\testplatform\venv\Lib\site-packages\channels\consumer.py", line 95, in app
    return await consumer(scope, receive, send)
           ^^^^^^^^^^^^^^^^^^^^^^^^^^^^^^^^^^^^
  File "D:\testplatformservice\testplatform\venv\Lib\site-packages\channels\consumer.py", line 58, in __call__
    await await_many_dispatch(
  File "D:\testplatformservice\testplatform\venv\Lib\site-packages\channels\utils.py", line 57, in await_many_dispatch
    await task
redis.exceptions.ResponseError: unknown command 'BZPOPMIN'
[2026-07-06 10:53:27] ERROR [daphne.server:303] Exception inside application: unknown command 'BZPOPMIN'
Traceback (most recent call last):
  File "D:\testplatformservice\testplatform\venv\Lib\site-packages\channels\routing.py", line 48, in __call__
    return await application(scope, receive, send)
           ^^^^^^^^^^^^^^^^^^^^^^^^^^^^^^^^^^^^^^^
  File "D:\testplatformservice\testplatform\commons\ws\auth.py", line 28, in __call__
    return await super().__call__(scope, receive, send)
           ^^^^^^^^^^^^^^^^^^^^^^^^^^^^^^^^^^^^^^^^^^^^
  File "D:\testplatformservice\testplatform\venv\Lib\site-packages\channels\middleware.py", line 24, in __call__
    return await self.inner(scope, receive, send)
           ^^^^^^^^^^^^^^^^^^^^^^^^^^^^^^^^^^^^^^
  File "D:\testplatformservice\testplatform\venv\Lib\site-packages\channels\routing.py", line 118, in __call__
    return await application(
           ^^^^^^^^^^^^^^^^^^
  File "D:\testplatformservice\testplatform\venv\Lib\site-packages\channels\consumer.py", line 95, in app
    return await consumer(scope, receive, send)
           ^^^^^^^^^^^^^^^^^^^^^^^^^^^^^^^^^^^^
  File "D:\testplatformservice\testplatform\venv\Lib\site-packages\channels\consumer.py", line 58, in __call__
    await await_many_dispatch(
  File "D:\testplatformservice\testplatform\venv\Lib\site-packages\channels\utils.py", line 57, in await_many_dispatch
    await task
redis.exceptions.ResponseError: unknown command 'BZPOPMIN'
[2026-07-06 10:53:31] ERROR [daphne.server:303] Exception inside application: unknown command 'BZPOPMIN'
Traceback (most recent call last):
  File "D:\testplatformservice\testplatform\venv\Lib\site-packages\channels\routing.py", line 48, in __call__
    return await application(scope, receive, send)
           ^^^^^^^^^^^^^^^^^^^^^^^^^^^^^^^^^^^^^^^
  File "D:\testplatformservice\testplatform\commons\ws\auth.py", line 28, in __call__
    return await super().__call__(scope, receive, send)
           ^^^^^^^^^^^^^^^^^^^^^^^^^^^^^^^^^^^^^^^^^^^^
  File "D:\testplatformservice\testplatform\venv\Lib\site-packages\channels\middleware.py", line 24, in __call__
    return await self.inner(scope, receive, send)
           ^^^^^^^^^^^^^^^^^^^^^^^^^^^^^^^^^^^^^^
  File "D:\testplatformservice\testplatform\venv\Lib\site-packages\channels\routing.py", line 118, in __call__
    return await application(
           ^^^^^^^^^^^^^^^^^^
  File "D:\testplatformservice\testplatform\venv\Lib\site-packages\channels\consumer.py", line 95, in app
    return await consumer(scope, receive, send)
           ^^^^^^^^^^^^^^^^^^^^^^^^^^^^^^^^^^^^
  File "D:\testplatformservice\testplatform\venv\Lib\site-packages\channels\consumer.py", line 58, in __call__
    await await_many_dispatch(
  File "D:\testplatformservice\testplatform\venv\Lib\site-packages\channels\utils.py", line 57, in await_many_dispatch
    await task
redis.exceptions.ResponseError: unknown command 'BZPOPMIN'
[2026-07-06 10:53:35] ERROR [daphne.server:303] Exception inside application: unknown command 'BZPOPMIN'
Traceback (most recent call last):
  File "D:\testplatformservice\testplatform\venv\Lib\site-packages\channels\routing.py", line 48, in __call__
    return await application(scope, receive, send)
           ^^^^^^^^^^^^^^^^^^^^^^^^^^^^^^^^^^^^^^^
  File "D:\testplatformservice\testplatform\commons\ws\auth.py", line 28, in __call__
    return await super().__call__(scope, receive, send)
           ^^^^^^^^^^^^^^^^^^^^^^^^^^^^^^^^^^^^^^^^^^^^
  File "D:\testplatformservice\testplatform\venv\Lib\site-packages\channels\middleware.py", line 24, in __call__
    return await self.inner(scope, receive, send)
           ^^^^^^^^^^^^^^^^^^^^^^^^^^^^^^^^^^^^^^
  File "D:\testplatformservice\testplatform\venv\Lib\site-packages\channels\routing.py", line 118, in __call__
    return await application(
           ^^^^^^^^^^^^^^^^^^
  File "D:\testplatformservice\testplatform\venv\Lib\site-packages\channels\consumer.py", line 95, in app
    return await consumer(scope, receive, send)
           ^^^^^^^^^^^^^^^^^^^^^^^^^^^^^^^^^^^^
  File "D:\testplatformservice\testplatform\venv\Lib\site-packages\channels\consumer.py", line 58, in __call__
    await await_many_dispatch(
  File "D:\testplatformservice\testplatform\venv\Lib\site-packages\channels\utils.py", line 57, in await_many_dispatch
    await task
redis.exceptions.ResponseError: unknown command 'BZPOPMIN'
[2026-07-06 10:53:39] ERROR [daphne.server:303] Exception inside application: unknown command 'BZPOPMIN'
Traceback (most recent call last):
  File "D:\testplatformservice\testplatform\venv\Lib\site-packages\channels\routing.py", line 48, in __call__
    return await application(scope, receive, send)
           ^^^^^^^^^^^^^^^^^^^^^^^^^^^^^^^^^^^^^^^
  File "D:\testplatformservice\testplatform\commons\ws\auth.py", line 28, in __call__
    return await super().__call__(scope, receive, send)
           ^^^^^^^^^^^^^^^^^^^^^^^^^^^^^^^^^^^^^^^^^^^^
  File "D:\testplatformservice\testplatform\venv\Lib\site-packages\channels\middleware.py", line 24, in __call__
    return await self.inner(scope, receive, send)
           ^^^^^^^^^^^^^^^^^^^^^^^^^^^^^^^^^^^^^^
  File "D:\testplatformservice\testplatform\venv\Lib\site-packages\channels\routing.py", line 118, in __call__
    return await application(
           ^^^^^^^^^^^^^^^^^^
  File "D:\testplatformservice\testplatform\venv\Lib\site-packages\channels\consumer.py", line 95, in app
    return await consumer(scope, receive, send)
           ^^^^^^^^^^^^^^^^^^^^^^^^^^^^^^^^^^^^
  File "D:\testplatformservice\testplatform\venv\Lib\site-packages\channels\consumer.py", line 58, in __call__
    await await_many_dispatch(
  File "D:\testplatformservice\testplatform\venv\Lib\site-packages\channels\utils.py", line 57, in await_many_dispatch
    await task
redis.exceptions.ResponseError: unknown command 'BZPOPMIN'
[2026-07-06 10:53:43] ERROR [daphne.server:303] Exception inside application: unknown command 'BZPOPMIN'
Traceback (most recent call last):
  File "D:\testplatformservice\testplatform\venv\Lib\site-packages\channels\routing.py", line 48, in __call__
    return await application(scope, receive, send)
           ^^^^^^^^^^^^^^^^^^^^^^^^^^^^^^^^^^^^^^^
  File "D:\testplatformservice\testplatform\commons\ws\auth.py", line 28, in __call__
    return await super().__call__(scope, receive, send)
           ^^^^^^^^^^^^^^^^^^^^^^^^^^^^^^^^^^^^^^^^^^^^
  File "D:\testplatformservice\testplatform\venv\Lib\site-packages\channels\middleware.py", line 24, in __call__
    return await self.inner(scope, receive, send)
           ^^^^^^^^^^^^^^^^^^^^^^^^^^^^^^^^^^^^^^
  File "D:\testplatformservice\testplatform\venv\Lib\site-packages\channels\routing.py", line 118, in __call__
    return await application(
           ^^^^^^^^^^^^^^^^^^
  File "D:\testplatformservice\testplatform\venv\Lib\site-packages\channels\consumer.py", line 95, in app
    return await consumer(scope, receive, send)
           ^^^^^^^^^^^^^^^^^^^^^^^^^^^^^^^^^^^^
  File "D:\testplatformservice\testplatform\venv\Lib\site-packages\channels\consumer.py", line 58, in __call__
    await await_many_dispatch(
  File "D:\testplatformservice\testplatform\venv\Lib\site-packages\channels\utils.py", line 57, in await_many_dispatch
    await task
redis.exceptions.ResponseError: unknown command 'BZPOPMIN'
[2026-07-06 10:53:47] ERROR [daphne.server:303] Exception inside application: unknown command 'BZPOPMIN'
Traceback (most recent call last):
  File "D:\testplatformservice\testplatform\venv\Lib\site-packages\channels\routing.py", line 48, in __call__
    return await application(scope, receive, send)
           ^^^^^^^^^^^^^^^^^^^^^^^^^^^^^^^^^^^^^^^
  File "D:\testplatformservice\testplatform\commons\ws\auth.py", line 28, in __call__
    return await super().__call__(scope, receive, send)
           ^^^^^^^^^^^^^^^^^^^^^^^^^^^^^^^^^^^^^^^^^^^^
  File "D:\testplatformservice\testplatform\venv\Lib\site-packages\channels\middleware.py", line 24, in __call__
    return await self.inner(scope, receive, send)
           ^^^^^^^^^^^^^^^^^^^^^^^^^^^^^^^^^^^^^^
  File "D:\testplatformservice\testplatform\venv\Lib\site-packages\channels\routing.py", line 118, in __call__
    return await application(
           ^^^^^^^^^^^^^^^^^^
  File "D:\testplatformservice\testplatform\venv\Lib\site-packages\channels\consumer.py", line 95, in app
    return await consumer(scope, receive, send)
           ^^^^^^^^^^^^^^^^^^^^^^^^^^^^^^^^^^^^
  File "D:\testplatformservice\testplatform\venv\Lib\site-packages\channels\consumer.py", line 58, in __call__
    await await_many_dispatch(
  File "D:\testplatformservice\testplatform\venv\Lib\site-packages\channels\utils.py", line 57, in await_many_dispatch
    await task
redis.exceptions.ResponseError: unknown command 'BZPOPMIN'
[2026-07-06 10:53:51] ERROR [daphne.server:303] Exception inside application: unknown command 'BZPOPMIN'
Traceback (most recent call last):
  File "D:\testplatformservice\testplatform\venv\Lib\site-packages\channels\routing.py", line 48, in __call__
    return await application(scope, receive, send)
           ^^^^^^^^^^^^^^^^^^^^^^^^^^^^^^^^^^^^^^^
  File "D:\testplatformservice\testplatform\commons\ws\auth.py", line 28, in __call__
    return await super().__call__(scope, receive, send)
           ^^^^^^^^^^^^^^^^^^^^^^^^^^^^^^^^^^^^^^^^^^^^
  File "D:\testplatformservice\testplatform\venv\Lib\site-packages\channels\middleware.py", line 24, in __call__
    return await self.inner(scope, receive, send)
           ^^^^^^^^^^^^^^^^^^^^^^^^^^^^^^^^^^^^^^
  File "D:\testplatformservice\testplatform\venv\Lib\site-packages\channels\routing.py", line 118, in __call__
    return await application(
           ^^^^^^^^^^^^^^^^^^
  File "D:\testplatformservice\testplatform\venv\Lib\site-packages\channels\consumer.py", line 95, in app
    return await consumer(scope, receive, send)
           ^^^^^^^^^^^^^^^^^^^^^^^^^^^^^^^^^^^^
  File "D:\testplatformservice\testplatform\venv\Lib\site-packages\channels\consumer.py", line 58, in __call__
    await await_many_dispatch(
  File "D:\testplatformservice\testplatform\venv\Lib\site-packages\channels\utils.py", line 57, in await_many_dispatch
    await task
redis.exceptions.ResponseError: unknown command 'BZPOPMIN'
[2026-07-06 10:53:55] ERROR [daphne.server:303] Exception inside application: unknown command 'BZPOPMIN'
Traceback (most recent call last):
  File "D:\testplatformservice\testplatform\venv\Lib\site-packages\channels\routing.py", line 48, in __call__
    return await application(scope, receive, send)
           ^^^^^^^^^^^^^^^^^^^^^^^^^^^^^^^^^^^^^^^
  File "D:\testplatformservice\testplatform\commons\ws\auth.py", line 28, in __call__
    return await super().__call__(scope, receive, send)
           ^^^^^^^^^^^^^^^^^^^^^^^^^^^^^^^^^^^^^^^^^^^^
  File "D:\testplatformservice\testplatform\venv\Lib\site-packages\channels\middleware.py", line 24, in __call__
    return await self.inner(scope, receive, send)
           ^^^^^^^^^^^^^^^^^^^^^^^^^^^^^^^^^^^^^^
  File "D:\testplatformservice\testplatform\venv\Lib\site-packages\channels\routing.py", line 118, in __call__
    return await application(
           ^^^^^^^^^^^^^^^^^^
  File "D:\testplatformservice\testplatform\venv\Lib\site-packages\channels\consumer.py", line 95, in app
    return await consumer(scope, receive, send)
           ^^^^^^^^^^^^^^^^^^^^^^^^^^^^^^^^^^^^
  File "D:\testplatformservice\testplatform\venv\Lib\site-packages\channels\consumer.py", line 58, in __call__
    await await_many_dispatch(
  File "D:\testplatformservice\testplatform\venv\Lib\site-packages\channels\utils.py", line 57, in await_many_dispatch
    await task
redis.exceptions.ResponseError: unknown command 'BZPOPMIN'
[2026-07-06 10:53:59] ERROR [daphne.server:303] Exception inside application: unknown command 'BZPOPMIN'
Traceback (most recent call last):
  File "D:\testplatformservice\testplatform\venv\Lib\site-packages\channels\routing.py", line 48, in __call__
    return await application(scope, receive, send)
           ^^^^^^^^^^^^^^^^^^^^^^^^^^^^^^^^^^^^^^^
  File "D:\testplatformservice\testplatform\commons\ws\auth.py", line 28, in __call__
    return await super().__call__(scope, receive, send)
           ^^^^^^^^^^^^^^^^^^^^^^^^^^^^^^^^^^^^^^^^^^^^
  File "D:\testplatformservice\testplatform\venv\Lib\site-packages\channels\middleware.py", line 24, in __call__
    return await self.inner(scope, receive, send)
           ^^^^^^^^^^^^^^^^^^^^^^^^^^^^^^^^^^^^^^
  File "D:\testplatformservice\testplatform\venv\Lib\site-packages\channels\routing.py", line 118, in __call__
    return await application(
           ^^^^^^^^^^^^^^^^^^
  File "D:\testplatformservice\testplatform\venv\Lib\site-packages\channels\consumer.py", line 95, in app
    return await consumer(scope, receive, send)
           ^^^^^^^^^^^^^^^^^^^^^^^^^^^^^^^^^^^^
  File "D:\testplatformservice\testplatform\venv\Lib\site-packages\channels\consumer.py", line 58, in __call__
    await await_many_dispatch(
  File "D:\testplatformservice\testplatform\venv\Lib\site-packages\channels\utils.py", line 57, in await_many_dispatch
    await task
redis.exceptions.ResponseError: unknown command 'BZPOPMIN'
[2026-07-06 10:54:03] ERROR [daphne.server:303] Exception inside application: unknown command 'BZPOPMIN'
Traceback (most recent call last):
  File "D:\testplatformservice\testplatform\venv\Lib\site-packages\channels\routing.py", line 48, in __call__
    return await application(scope, receive, send)
           ^^^^^^^^^^^^^^^^^^^^^^^^^^^^^^^^^^^^^^^
  File "D:\testplatformservice\testplatform\commons\ws\auth.py", line 28, in __call__
    return await super().__call__(scope, receive, send)
           ^^^^^^^^^^^^^^^^^^^^^^^^^^^^^^^^^^^^^^^^^^^^
  File "D:\testplatformservice\testplatform\venv\Lib\site-packages\channels\middleware.py", line 24, in __call__
    return await self.inner(scope, receive, send)
           ^^^^^^^^^^^^^^^^^^^^^^^^^^^^^^^^^^^^^^
  File "D:\testplatformservice\testplatform\venv\Lib\site-packages\channels\routing.py", line 118, in __call__
    return await application(
           ^^^^^^^^^^^^^^^^^^
  File "D:\testplatformservice\testplatform\venv\Lib\site-packages\channels\consumer.py", line 95, in app
    return await consumer(scope, receive, send)
           ^^^^^^^^^^^^^^^^^^^^^^^^^^^^^^^^^^^^
  File "D:\testplatformservice\testplatform\venv\Lib\site-packages\channels\consumer.py", line 58, in __call__
    await await_many_dispatch(
  File "D:\testplatformservice\testplatform\venv\Lib\site-packages\channels\utils.py", line 57, in await_many_dispatch
    await task
redis.exceptions.ResponseError: unknown command 'BZPOPMIN'
[2026-07-06 10:54:07] ERROR [daphne.server:303] Exception inside application: unknown command 'BZPOPMIN'
Traceback (most recent call last):
  File "D:\testplatformservice\testplatform\venv\Lib\site-packages\channels\routing.py", line 48, in __call__
    return await application(scope, receive, send)
           ^^^^^^^^^^^^^^^^^^^^^^^^^^^^^^^^^^^^^^^
  File "D:\testplatformservice\testplatform\commons\ws\auth.py", line 28, in __call__
    return await super().__call__(scope, receive, send)
           ^^^^^^^^^^^^^^^^^^^^^^^^^^^^^^^^^^^^^^^^^^^^
  File "D:\testplatformservice\testplatform\venv\Lib\site-packages\channels\middleware.py", line 24, in __call__
    return await self.inner(scope, receive, send)
           ^^^^^^^^^^^^^^^^^^^^^^^^^^^^^^^^^^^^^^
  File "D:\testplatformservice\testplatform\venv\Lib\site-packages\channels\routing.py", line 118, in __call__
    return await application(
           ^^^^^^^^^^^^^^^^^^
  File "D:\testplatformservice\testplatform\venv\Lib\site-packages\channels\consumer.py", line 95, in app
    return await consumer(scope, receive, send)
           ^^^^^^^^^^^^^^^^^^^^^^^^^^^^^^^^^^^^
  File "D:\testplatformservice\testplatform\venv\Lib\site-packages\channels\consumer.py", line 58, in __call__
    await await_many_dispatch(
  File "D:\testplatformservice\testplatform\venv\Lib\site-packages\channels\utils.py", line 57, in await_many_dispatch
    await task
redis.exceptions.ResponseError: unknown command 'BZPOPMIN'
[2026-07-06 10:54:11] ERROR [daphne.server:303] Exception inside application: unknown command 'BZPOPMIN'
Traceback (most recent call last):
  File "D:\testplatformservice\testplatform\venv\Lib\site-packages\channels\routing.py", line 48, in __call__
    return await application(scope, receive, send)
           ^^^^^^^^^^^^^^^^^^^^^^^^^^^^^^^^^^^^^^^
  File "D:\testplatformservice\testplatform\commons\ws\auth.py", line 28, in __call__
    return await super().__call__(scope, receive, send)
           ^^^^^^^^^^^^^^^^^^^^^^^^^^^^^^^^^^^^^^^^^^^^
  File "D:\testplatformservice\testplatform\venv\Lib\site-packages\channels\middleware.py", line 24, in __call__
    return await self.inner(scope, receive, send)
           ^^^^^^^^^^^^^^^^^^^^^^^^^^^^^^^^^^^^^^
  File "D:\testplatformservice\testplatform\venv\Lib\site-packages\channels\routing.py", line 118, in __call__
    return await application(
           ^^^^^^^^^^^^^^^^^^
  File "D:\testplatformservice\testplatform\venv\Lib\site-packages\channels\consumer.py", line 95, in app
    return await consumer(scope, receive, send)
           ^^^^^^^^^^^^^^^^^^^^^^^^^^^^^^^^^^^^
  File "D:\testplatformservice\testplatform\venv\Lib\site-packages\channels\consumer.py", line 58, in __call__
    await await_many_dispatch(
  File "D:\testplatformservice\testplatform\venv\Lib\site-packages\channels\utils.py", line 57, in await_many_dispatch
    await task
redis.exceptions.ResponseError: unknown command 'BZPOPMIN'
[2026-07-06 10:54:15] ERROR [daphne.server:303] Exception inside application: unknown command 'BZPOPMIN'
Traceback (most recent call last):
  File "D:\testplatformservice\testplatform\venv\Lib\site-packages\channels\routing.py", line 48, in __call__
    return await application(scope, receive, send)
           ^^^^^^^^^^^^^^^^^^^^^^^^^^^^^^^^^^^^^^^
  File "D:\testplatformservice\testplatform\commons\ws\auth.py", line 28, in __call__
    return await super().__call__(scope, receive, send)
           ^^^^^^^^^^^^^^^^^^^^^^^^^^^^^^^^^^^^^^^^^^^^
  File "D:\testplatformservice\testplatform\venv\Lib\site-packages\channels\middleware.py", line 24, in __call__
    return await self.inner(scope, receive, send)
           ^^^^^^^^^^^^^^^^^^^^^^^^^^^^^^^^^^^^^^
  File "D:\testplatformservice\testplatform\venv\Lib\site-packages\channels\routing.py", line 118, in __call__
    return await application(
           ^^^^^^^^^^^^^^^^^^
  File "D:\testplatformservice\testplatform\venv\Lib\site-packages\channels\consumer.py", line 95, in app
    return await consumer(scope, receive, send)
           ^^^^^^^^^^^^^^^^^^^^^^^^^^^^^^^^^^^^
  File "D:\testplatformservice\testplatform\venv\Lib\site-packages\channels\consumer.py", line 58, in __call__
    await await_many_dispatch(
  File "D:\testplatformservice\testplatform\venv\Lib\site-packages\channels\utils.py", line 57, in await_many_dispatch
    await task
redis.exceptions.ResponseError: unknown command 'BZPOPMIN'
[2026-07-06 10:54:19] ERROR [daphne.server:303] Exception inside application: unknown command 'BZPOPMIN'
Traceback (most recent call last):
  File "D:\testplatformservice\testplatform\venv\Lib\site-packages\channels\routing.py", line 48, in __call__
    return await application(scope, receive, send)
           ^^^^^^^^^^^^^^^^^^^^^^^^^^^^^^^^^^^^^^^
  File "D:\testplatformservice\testplatform\commons\ws\auth.py", line 28, in __call__
    return await super().__call__(scope, receive, send)
           ^^^^^^^^^^^^^^^^^^^^^^^^^^^^^^^^^^^^^^^^^^^^
  File "D:\testplatformservice\testplatform\venv\Lib\site-packages\channels\middleware.py", line 24, in __call__
    return await self.inner(scope, receive, send)
           ^^^^^^^^^^^^^^^^^^^^^^^^^^^^^^^^^^^^^^
  File "D:\testplatformservice\testplatform\venv\Lib\site-packages\channels\routing.py", line 118, in __call__
    return await application(
           ^^^^^^^^^^^^^^^^^^
  File "D:\testplatformservice\testplatform\venv\Lib\site-packages\channels\consumer.py", line 95, in app
    return await consumer(scope, receive, send)
           ^^^^^^^^^^^^^^^^^^^^^^^^^^^^^^^^^^^^
  File "D:\testplatformservice\testplatform\venv\Lib\site-packages\channels\consumer.py", line 58, in __call__
    await await_many_dispatch(
  File "D:\testplatformservice\testplatform\venv\Lib\site-packages\channels\utils.py", line 57, in await_many_dispatch
    await task
redis.exceptions.ResponseError: unknown command 'BZPOPMIN'
[2026-07-06 10:54:23] ERROR [daphne.server:303] Exception inside application: unknown command 'BZPOPMIN'
Traceback (most recent call last):
  File "D:\testplatformservice\testplatform\venv\Lib\site-packages\channels\routing.py", line 48, in __call__
    return await application(scope, receive, send)
           ^^^^^^^^^^^^^^^^^^^^^^^^^^^^^^^^^^^^^^^
  File "D:\testplatformservice\testplatform\commons\ws\auth.py", line 28, in __call__
    return await super().__call__(scope, receive, send)
           ^^^^^^^^^^^^^^^^^^^^^^^^^^^^^^^^^^^^^^^^^^^^
  File "D:\testplatformservice\testplatform\venv\Lib\site-packages\channels\middleware.py", line 24, in __call__
    return await self.inner(scope, receive, send)
           ^^^^^^^^^^^^^^^^^^^^^^^^^^^^^^^^^^^^^^
  File "D:\testplatformservice\testplatform\venv\Lib\site-packages\channels\routing.py", line 118, in __call__
    return await application(
           ^^^^^^^^^^^^^^^^^^
  File "D:\testplatformservice\testplatform\venv\Lib\site-packages\channels\consumer.py", line 95, in app
    return await consumer(scope, receive, send)
           ^^^^^^^^^^^^^^^^^^^^^^^^^^^^^^^^^^^^
  File "D:\testplatformservice\testplatform\venv\Lib\site-packages\channels\consumer.py", line 58, in __call__
    await await_many_dispatch(
  File "D:\testplatformservice\testplatform\venv\Lib\site-packages\channels\utils.py", line 57, in await_many_dispatch
    await task
redis.exceptions.ResponseError: unknown command 'BZPOPMIN'
[2026-07-06 10:54:27] ERROR [daphne.server:303] Exception inside application: unknown command 'BZPOPMIN'
Traceback (most recent call last):
  File "D:\testplatformservice\testplatform\venv\Lib\site-packages\channels\routing.py", line 48, in __call__
    return await application(scope, receive, send)
           ^^^^^^^^^^^^^^^^^^^^^^^^^^^^^^^^^^^^^^^
  File "D:\testplatformservice\testplatform\commons\ws\auth.py", line 28, in __call__
    return await super().__call__(scope, receive, send)
           ^^^^^^^^^^^^^^^^^^^^^^^^^^^^^^^^^^^^^^^^^^^^
  File "D:\testplatformservice\testplatform\venv\Lib\site-packages\channels\middleware.py", line 24, in __call__
    return await self.inner(scope, receive, send)
           ^^^^^^^^^^^^^^^^^^^^^^^^^^^^^^^^^^^^^^
  File "D:\testplatformservice\testplatform\venv\Lib\site-packages\channels\routing.py", line 118, in __call__
    return await application(
           ^^^^^^^^^^^^^^^^^^
  File "D:\testplatformservice\testplatform\venv\Lib\site-packages\channels\consumer.py", line 95, in app
    return await consumer(scope, receive, send)
           ^^^^^^^^^^^^^^^^^^^^^^^^^^^^^^^^^^^^
  File "D:\testplatformservice\testplatform\venv\Lib\site-packages\channels\consumer.py", line 58, in __call__
    await await_many_dispatch(
  File "D:\testplatformservice\testplatform\venv\Lib\site-packages\channels\utils.py", line 57, in await_many_dispatch
    await task
redis.exceptions.ResponseError: unknown command 'BZPOPMIN'
[2026-07-06 10:54:31] ERROR [daphne.server:303] Exception inside application: unknown command 'BZPOPMIN'
Traceback (most recent call last):
  File "D:\testplatformservice\testplatform\venv\Lib\site-packages\channels\routing.py", line 48, in __call__
    return await application(scope, receive, send)
           ^^^^^^^^^^^^^^^^^^^^^^^^^^^^^^^^^^^^^^^
  File "D:\testplatformservice\testplatform\commons\ws\auth.py", line 28, in __call__
    return await super().__call__(scope, receive, send)
           ^^^^^^^^^^^^^^^^^^^^^^^^^^^^^^^^^^^^^^^^^^^^
  File "D:\testplatformservice\testplatform\venv\Lib\site-packages\channels\middleware.py", line 24, in __call__
    return await self.inner(scope, receive, send)
           ^^^^^^^^^^^^^^^^^^^^^^^^^^^^^^^^^^^^^^
  File "D:\testplatformservice\testplatform\venv\Lib\site-packages\channels\routing.py", line 118, in __call__
    return await application(
           ^^^^^^^^^^^^^^^^^^
  File "D:\testplatformservice\testplatform\venv\Lib\site-packages\channels\consumer.py", line 95, in app
    return await consumer(scope, receive, send)
           ^^^^^^^^^^^^^^^^^^^^^^^^^^^^^^^^^^^^
  File "D:\testplatformservice\testplatform\venv\Lib\site-packages\channels\consumer.py", line 58, in __call__
    await await_many_dispatch(
  File "D:\testplatformservice\testplatform\venv\Lib\site-packages\channels\utils.py", line 57, in await_many_dispatch
    await task
redis.exceptions.ResponseError: unknown command 'BZPOPMIN'
[2026-07-06 10:54:35] ERROR [daphne.server:303] Exception inside application: unknown command 'BZPOPMIN'
Traceback (most recent call last):
  File "D:\testplatformservice\testplatform\venv\Lib\site-packages\channels\routing.py", line 48, in __call__
    return await application(scope, receive, send)
           ^^^^^^^^^^^^^^^^^^^^^^^^^^^^^^^^^^^^^^^
  File "D:\testplatformservice\testplatform\commons\ws\auth.py", line 28, in __call__
    return await super().__call__(scope, receive, send)
           ^^^^^^^^^^^^^^^^^^^^^^^^^^^^^^^^^^^^^^^^^^^^
  File "D:\testplatformservice\testplatform\venv\Lib\site-packages\channels\middleware.py", line 24, in __call__
    return await self.inner(scope, receive, send)
           ^^^^^^^^^^^^^^^^^^^^^^^^^^^^^^^^^^^^^^
  File "D:\testplatformservice\testplatform\venv\Lib\site-packages\channels\routing.py", line 118, in __call__
    return await application(
           ^^^^^^^^^^^^^^^^^^
  File "D:\testplatformservice\testplatform\venv\Lib\site-packages\channels\consumer.py", line 95, in app
    return await consumer(scope, receive, send)
           ^^^^^^^^^^^^^^^^^^^^^^^^^^^^^^^^^^^^
  File "D:\testplatformservice\testplatform\venv\Lib\site-packages\channels\consumer.py", line 58, in __call__
    await await_many_dispatch(
  File "D:\testplatformservice\testplatform\venv\Lib\site-packages\channels\utils.py", line 57, in await_many_dispatch
    await task
redis.exceptions.ResponseError: unknown command 'BZPOPMIN'
[2026-07-06 10:54:39] ERROR [daphne.server:303] Exception inside application: unknown command 'BZPOPMIN'
Traceback (most recent call last):
  File "D:\testplatformservice\testplatform\venv\Lib\site-packages\channels\routing.py", line 48, in __call__
    return await application(scope, receive, send)
           ^^^^^^^^^^^^^^^^^^^^^^^^^^^^^^^^^^^^^^^
  File "D:\testplatformservice\testplatform\commons\ws\auth.py", line 28, in __call__
    return await super().__call__(scope, receive, send)
           ^^^^^^^^^^^^^^^^^^^^^^^^^^^^^^^^^^^^^^^^^^^^
  File "D:\testplatformservice\testplatform\venv\Lib\site-packages\channels\middleware.py", line 24, in __call__
    return await self.inner(scope, receive, send)
           ^^^^^^^^^^^^^^^^^^^^^^^^^^^^^^^^^^^^^^
  File "D:\testplatformservice\testplatform\venv\Lib\site-packages\channels\routing.py", line 118, in __call__
    return await application(
           ^^^^^^^^^^^^^^^^^^
  File "D:\testplatformservice\testplatform\venv\Lib\site-packages\channels\consumer.py", line 95, in app
    return await consumer(scope, receive, send)
           ^^^^^^^^^^^^^^^^^^^^^^^^^^^^^^^^^^^^
  File "D:\testplatformservice\testplatform\venv\Lib\site-packages\channels\consumer.py", line 58, in __call__
    await await_many_dispatch(
  File "D:\testplatformservice\testplatform\venv\Lib\site-packages\channels\utils.py", line 57, in await_many_dispatch
    await task
redis.exceptions.ResponseError: unknown command 'BZPOPMIN'
[2026-07-06 10:54:43] ERROR [daphne.server:303] Exception inside application: unknown command 'BZPOPMIN'
Traceback (most recent call last):
  File "D:\testplatformservice\testplatform\venv\Lib\site-packages\channels\routing.py", line 48, in __call__
    return await application(scope, receive, send)
           ^^^^^^^^^^^^^^^^^^^^^^^^^^^^^^^^^^^^^^^
  File "D:\testplatformservice\testplatform\commons\ws\auth.py", line 28, in __call__
    return await super().__call__(scope, receive, send)
           ^^^^^^^^^^^^^^^^^^^^^^^^^^^^^^^^^^^^^^^^^^^^
  File "D:\testplatformservice\testplatform\venv\Lib\site-packages\channels\middleware.py", line 24, in __call__
    return await self.inner(scope, receive, send)
           ^^^^^^^^^^^^^^^^^^^^^^^^^^^^^^^^^^^^^^
  File "D:\testplatformservice\testplatform\venv\Lib\site-packages\channels\routing.py", line 118, in __call__
    return await application(
           ^^^^^^^^^^^^^^^^^^
  File "D:\testplatformservice\testplatform\venv\Lib\site-packages\channels\consumer.py", line 95, in app
    return await consumer(scope, receive, send)
           ^^^^^^^^^^^^^^^^^^^^^^^^^^^^^^^^^^^^
  File "D:\testplatformservice\testplatform\venv\Lib\site-packages\channels\consumer.py", line 58, in __call__
    await await_many_dispatch(
  File "D:\testplatformservice\testplatform\venv\Lib\site-packages\channels\utils.py", line 57, in await_many_dispatch
    await task
redis.exceptions.ResponseError: unknown command 'BZPOPMIN'
[2026-07-06 10:54:47] ERROR [daphne.server:303] Exception inside application: unknown command 'BZPOPMIN'
Traceback (most recent call last):
  File "D:\testplatformservice\testplatform\venv\Lib\site-packages\channels\routing.py", line 48, in __call__
    return await application(scope, receive, send)
           ^^^^^^^^^^^^^^^^^^^^^^^^^^^^^^^^^^^^^^^
  File "D:\testplatformservice\testplatform\commons\ws\auth.py", line 28, in __call__
    return await super().__call__(scope, receive, send)
           ^^^^^^^^^^^^^^^^^^^^^^^^^^^^^^^^^^^^^^^^^^^^
  File "D:\testplatformservice\testplatform\venv\Lib\site-packages\channels\middleware.py", line 24, in __call__
    return await self.inner(scope, receive, send)
           ^^^^^^^^^^^^^^^^^^^^^^^^^^^^^^^^^^^^^^
  File "D:\testplatformservice\testplatform\venv\Lib\site-packages\channels\routing.py", line 118, in __call__
    return await application(
           ^^^^^^^^^^^^^^^^^^
  File "D:\testplatformservice\testplatform\venv\Lib\site-packages\channels\consumer.py", line 95, in app
    return await consumer(scope, receive, send)
           ^^^^^^^^^^^^^^^^^^^^^^^^^^^^^^^^^^^^
  File "D:\testplatformservice\testplatform\venv\Lib\site-packages\channels\consumer.py", line 58, in __call__
    await await_many_dispatch(
  File "D:\testplatformservice\testplatform\venv\Lib\site-packages\channels\utils.py", line 57, in await_many_dispatch
    await task
redis.exceptions.ResponseError: unknown command 'BZPOPMIN'
[2026-07-06 10:54:51] ERROR [daphne.server:303] Exception inside application: unknown command 'BZPOPMIN'
Traceback (most recent call last):
  File "D:\testplatformservice\testplatform\venv\Lib\site-packages\channels\routing.py", line 48, in __call__
    return await application(scope, receive, send)
           ^^^^^^^^^^^^^^^^^^^^^^^^^^^^^^^^^^^^^^^
  File "D:\testplatformservice\testplatform\commons\ws\auth.py", line 28, in __call__
    return await super().__call__(scope, receive, send)
           ^^^^^^^^^^^^^^^^^^^^^^^^^^^^^^^^^^^^^^^^^^^^
  File "D:\testplatformservice\testplatform\venv\Lib\site-packages\channels\middleware.py", line 24, in __call__
    return await self.inner(scope, receive, send)
           ^^^^^^^^^^^^^^^^^^^^^^^^^^^^^^^^^^^^^^
  File "D:\testplatformservice\testplatform\venv\Lib\site-packages\channels\routing.py", line 118, in __call__
    return await application(
           ^^^^^^^^^^^^^^^^^^
  File "D:\testplatformservice\testplatform\venv\Lib\site-packages\channels\consumer.py", line 95, in app
    return await consumer(scope, receive, send)
           ^^^^^^^^^^^^^^^^^^^^^^^^^^^^^^^^^^^^
  File "D:\testplatformservice\testplatform\venv\Lib\site-packages\channels\consumer.py", line 58, in __call__
    await await_many_dispatch(
  File "D:\testplatformservice\testplatform\venv\Lib\site-packages\channels\utils.py", line 57, in await_many_dispatch
    await task
redis.exceptions.ResponseError: unknown command 'BZPOPMIN'
[2026-07-06 10:54:55] ERROR [daphne.server:303] Exception inside application: unknown command 'BZPOPMIN'
Traceback (most recent call last):
  File "D:\testplatformservice\testplatform\venv\Lib\site-packages\channels\routing.py", line 48, in __call__
    return await application(scope, receive, send)
           ^^^^^^^^^^^^^^^^^^^^^^^^^^^^^^^^^^^^^^^
  File "D:\testplatformservice\testplatform\commons\ws\auth.py", line 28, in __call__
    return await super().__call__(scope, receive, send)
           ^^^^^^^^^^^^^^^^^^^^^^^^^^^^^^^^^^^^^^^^^^^^
  File "D:\testplatformservice\testplatform\venv\Lib\site-packages\channels\middleware.py", line 24, in __call__
    return await self.inner(scope, receive, send)
           ^^^^^^^^^^^^^^^^^^^^^^^^^^^^^^^^^^^^^^
  File "D:\testplatformservice\testplatform\venv\Lib\site-packages\channels\routing.py", line 118, in __call__
    return await application(
           ^^^^^^^^^^^^^^^^^^
  File "D:\testplatformservice\testplatform\venv\Lib\site-packages\channels\consumer.py", line 95, in app
    return await consumer(scope, receive, send)
           ^^^^^^^^^^^^^^^^^^^^^^^^^^^^^^^^^^^^
  File "D:\testplatformservice\testplatform\venv\Lib\site-packages\channels\consumer.py", line 58, in __call__
    await await_many_dispatch(
  File "D:\testplatformservice\testplatform\venv\Lib\site-packages\channels\utils.py", line 57, in await_many_dispatch
    await task
redis.exceptions.ResponseError: unknown command 'BZPOPMIN'
[2026-07-06 10:54:59] ERROR [daphne.server:303] Exception inside application: unknown command 'BZPOPMIN'
Traceback (most recent call last):
  File "D:\testplatformservice\testplatform\venv\Lib\site-packages\channels\routing.py", line 48, in __call__
    return await application(scope, receive, send)
           ^^^^^^^^^^^^^^^^^^^^^^^^^^^^^^^^^^^^^^^
  File "D:\testplatformservice\testplatform\commons\ws\auth.py", line 28, in __call__
    return await super().__call__(scope, receive, send)
           ^^^^^^^^^^^^^^^^^^^^^^^^^^^^^^^^^^^^^^^^^^^^
  File "D:\testplatformservice\testplatform\venv\Lib\site-packages\channels\middleware.py", line 24, in __call__
    return await self.inner(scope, receive, send)
           ^^^^^^^^^^^^^^^^^^^^^^^^^^^^^^^^^^^^^^
  File "D:\testplatformservice\testplatform\venv\Lib\site-packages\channels\routing.py", line 118, in __call__
    return await application(
           ^^^^^^^^^^^^^^^^^^
  File "D:\testplatformservice\testplatform\venv\Lib\site-packages\channels\consumer.py", line 95, in app
    return await consumer(scope, receive, send)
           ^^^^^^^^^^^^^^^^^^^^^^^^^^^^^^^^^^^^
  File "D:\testplatformservice\testplatform\venv\Lib\site-packages\channels\consumer.py", line 58, in __call__
    await await_many_dispatch(
  File "D:\testplatformservice\testplatform\venv\Lib\site-packages\channels\utils.py", line 57, in await_many_dispatch
    await task
redis.exceptions.ResponseError: unknown command 'BZPOPMIN'
[2026-07-06 10:55:03] ERROR [daphne.server:303] Exception inside application: unknown command 'BZPOPMIN'
Traceback (most recent call last):
  File "D:\testplatformservice\testplatform\venv\Lib\site-packages\channels\routing.py", line 48, in __call__
    return await application(scope, receive, send)
           ^^^^^^^^^^^^^^^^^^^^^^^^^^^^^^^^^^^^^^^
  File "D:\testplatformservice\testplatform\commons\ws\auth.py", line 28, in __call__
    return await super().__call__(scope, receive, send)
           ^^^^^^^^^^^^^^^^^^^^^^^^^^^^^^^^^^^^^^^^^^^^
  File "D:\testplatformservice\testplatform\venv\Lib\site-packages\channels\middleware.py", line 24, in __call__
    return await self.inner(scope, receive, send)
           ^^^^^^^^^^^^^^^^^^^^^^^^^^^^^^^^^^^^^^
  File "D:\testplatformservice\testplatform\venv\Lib\site-packages\channels\routing.py", line 118, in __call__
    return await application(
           ^^^^^^^^^^^^^^^^^^
  File "D:\testplatformservice\testplatform\venv\Lib\site-packages\channels\consumer.py", line 95, in app
    return await consumer(scope, receive, send)
           ^^^^^^^^^^^^^^^^^^^^^^^^^^^^^^^^^^^^
  File "D:\testplatformservice\testplatform\venv\Lib\site-packages\channels\consumer.py", line 58, in __call__
    await await_many_dispatch(
  File "D:\testplatformservice\testplatform\venv\Lib\site-packages\channels\utils.py", line 57, in await_many_dispatch
    await task
redis.exceptions.ResponseError: unknown command 'BZPOPMIN'
[2026-07-06 10:55:07] ERROR [daphne.server:303] Exception inside application: unknown command 'BZPOPMIN'
Traceback (most recent call last):
  File "D:\testplatformservice\testplatform\venv\Lib\site-packages\channels\routing.py", line 48, in __call__
    return await application(scope, receive, send)
           ^^^^^^^^^^^^^^^^^^^^^^^^^^^^^^^^^^^^^^^
  File "D:\testplatformservice\testplatform\commons\ws\auth.py", line 28, in __call__
    return await super().__call__(scope, receive, send)
           ^^^^^^^^^^^^^^^^^^^^^^^^^^^^^^^^^^^^^^^^^^^^
  File "D:\testplatformservice\testplatform\venv\Lib\site-packages\channels\middleware.py", line 24, in __call__
    return await self.inner(scope, receive, send)
           ^^^^^^^^^^^^^^^^^^^^^^^^^^^^^^^^^^^^^^
  File "D:\testplatformservice\testplatform\venv\Lib\site-packages\channels\routing.py", line 118, in __call__
    return await application(
           ^^^^^^^^^^^^^^^^^^
  File "D:\testplatformservice\testplatform\venv\Lib\site-packages\channels\consumer.py", line 95, in app
    return await consumer(scope, receive, send)
           ^^^^^^^^^^^^^^^^^^^^^^^^^^^^^^^^^^^^
  File "D:\testplatformservice\testplatform\venv\Lib\site-packages\channels\consumer.py", line 58, in __call__
    await await_many_dispatch(
  File "D:\testplatformservice\testplatform\venv\Lib\site-packages\channels\utils.py", line 57, in await_many_dispatch
    await task
redis.exceptions.ResponseError: unknown command 'BZPOPMIN'
[2026-07-06 10:55:11] ERROR [daphne.server:303] Exception inside application: unknown command 'BZPOPMIN'
Traceback (most recent call last):
  File "D:\testplatformservice\testplatform\venv\Lib\site-packages\channels\routing.py", line 48, in __call__
    return await application(scope, receive, send)
           ^^^^^^^^^^^^^^^^^^^^^^^^^^^^^^^^^^^^^^^
  File "D:\testplatformservice\testplatform\commons\ws\auth.py", line 28, in __call__
    return await super().__call__(scope, receive, send)
           ^^^^^^^^^^^^^^^^^^^^^^^^^^^^^^^^^^^^^^^^^^^^
  File "D:\testplatformservice\testplatform\venv\Lib\site-packages\channels\middleware.py", line 24, in __call__
    return await self.inner(scope, receive, send)
           ^^^^^^^^^^^^^^^^^^^^^^^^^^^^^^^^^^^^^^
  File "D:\testplatformservice\testplatform\venv\Lib\site-packages\channels\routing.py", line 118, in __call__
    return await application(
           ^^^^^^^^^^^^^^^^^^
  File "D:\testplatformservice\testplatform\venv\Lib\site-packages\channels\consumer.py", line 95, in app
    return await consumer(scope, receive, send)
           ^^^^^^^^^^^^^^^^^^^^^^^^^^^^^^^^^^^^
  File "D:\testplatformservice\testplatform\venv\Lib\site-packages\channels\consumer.py", line 58, in __call__
    await await_many_dispatch(
  File "D:\testplatformservice\testplatform\venv\Lib\site-packages\channels\utils.py", line 57, in await_many_dispatch
    await task
redis.exceptions.ResponseError: unknown command 'BZPOPMIN'
[2026-07-06 10:55:16] ERROR [daphne.server:303] Exception inside application: unknown command 'BZPOPMIN'
Traceback (most recent call last):
  File "D:\testplatformservice\testplatform\venv\Lib\site-packages\channels\routing.py", line 48, in __call__
    return await application(scope, receive, send)
           ^^^^^^^^^^^^^^^^^^^^^^^^^^^^^^^^^^^^^^^
  File "D:\testplatformservice\testplatform\commons\ws\auth.py", line 28, in __call__
    return await super().__call__(scope, receive, send)
           ^^^^^^^^^^^^^^^^^^^^^^^^^^^^^^^^^^^^^^^^^^^^
  File "D:\testplatformservice\testplatform\venv\Lib\site-packages\channels\middleware.py", line 24, in __call__
    return await self.inner(scope, receive, send)
           ^^^^^^^^^^^^^^^^^^^^^^^^^^^^^^^^^^^^^^
  File "D:\testplatformservice\testplatform\venv\Lib\site-packages\channels\routing.py", line 118, in __call__
    return await application(
           ^^^^^^^^^^^^^^^^^^
  File "D:\testplatformservice\testplatform\venv\Lib\site-packages\channels\consumer.py", line 95, in app
    return await consumer(scope, receive, send)
           ^^^^^^^^^^^^^^^^^^^^^^^^^^^^^^^^^^^^
  File "D:\testplatformservice\testplatform\venv\Lib\site-packages\channels\consumer.py", line 58, in __call__
    await await_many_dispatch(
  File "D:\testplatformservice\testplatform\venv\Lib\site-packages\channels\utils.py", line 57, in await_many_dispatch
    await task
redis.exceptions.ResponseError: unknown command 'BZPOPMIN'
[2026-07-06 10:55:20] ERROR [daphne.server:303] Exception inside application: unknown command 'BZPOPMIN'
Traceback (most recent call last):
  File "D:\testplatformservice\testplatform\venv\Lib\site-packages\channels\routing.py", line 48, in __call__
    return await application(scope, receive, send)
           ^^^^^^^^^^^^^^^^^^^^^^^^^^^^^^^^^^^^^^^
  File "D:\testplatformservice\testplatform\commons\ws\auth.py", line 28, in __call__
    return await super().__call__(scope, receive, send)
           ^^^^^^^^^^^^^^^^^^^^^^^^^^^^^^^^^^^^^^^^^^^^
  File "D:\testplatformservice\testplatform\venv\Lib\site-packages\channels\middleware.py", line 24, in __call__
    return await self.inner(scope, receive, send)
           ^^^^^^^^^^^^^^^^^^^^^^^^^^^^^^^^^^^^^^
  File "D:\testplatformservice\testplatform\venv\Lib\site-packages\channels\routing.py", line 118, in __call__
    return await application(
           ^^^^^^^^^^^^^^^^^^
  File "D:\testplatformservice\testplatform\venv\Lib\site-packages\channels\consumer.py", line 95, in app
    return await consumer(scope, receive, send)
           ^^^^^^^^^^^^^^^^^^^^^^^^^^^^^^^^^^^^
  File "D:\testplatformservice\testplatform\venv\Lib\site-packages\channels\consumer.py", line 58, in __call__
    await await_many_dispatch(
  File "D:\testplatformservice\testplatform\venv\Lib\site-packages\channels\utils.py", line 57, in await_many_dispatch
    await task
redis.exceptions.ResponseError: unknown command 'BZPOPMIN'
[2026-07-06 10:55:24] ERROR [daphne.server:303] Exception inside application: unknown command 'BZPOPMIN'
Traceback (most recent call last):
  File "D:\testplatformservice\testplatform\venv\Lib\site-packages\channels\routing.py", line 48, in __call__
    return await application(scope, receive, send)
           ^^^^^^^^^^^^^^^^^^^^^^^^^^^^^^^^^^^^^^^
  File "D:\testplatformservice\testplatform\commons\ws\auth.py", line 28, in __call__
    return await super().__call__(scope, receive, send)
           ^^^^^^^^^^^^^^^^^^^^^^^^^^^^^^^^^^^^^^^^^^^^
  File "D:\testplatformservice\testplatform\venv\Lib\site-packages\channels\middleware.py", line 24, in __call__
    return await self.inner(scope, receive, send)
           ^^^^^^^^^^^^^^^^^^^^^^^^^^^^^^^^^^^^^^
  File "D:\testplatformservice\testplatform\venv\Lib\site-packages\channels\routing.py", line 118, in __call__
    return await application(
           ^^^^^^^^^^^^^^^^^^
  File "D:\testplatformservice\testplatform\venv\Lib\site-packages\channels\consumer.py", line 95, in app
    return await consumer(scope, receive, send)
           ^^^^^^^^^^^^^^^^^^^^^^^^^^^^^^^^^^^^
  File "D:\testplatformservice\testplatform\venv\Lib\site-packages\channels\consumer.py", line 58, in __call__
    await await_many_dispatch(
  File "D:\testplatformservice\testplatform\venv\Lib\site-packages\channels\utils.py", line 57, in await_many_dispatch
    await task
redis.exceptions.ResponseError: unknown command 'BZPOPMIN'
[2026-07-06 10:55:28] ERROR [daphne.server:303] Exception inside application: unknown command 'BZPOPMIN'
Traceback (most recent call last):
  File "D:\testplatformservice\testplatform\venv\Lib\site-packages\channels\routing.py", line 48, in __call__
    return await application(scope, receive, send)
           ^^^^^^^^^^^^^^^^^^^^^^^^^^^^^^^^^^^^^^^
  File "D:\testplatformservice\testplatform\commons\ws\auth.py", line 28, in __call__
    return await super().__call__(scope, receive, send)
           ^^^^^^^^^^^^^^^^^^^^^^^^^^^^^^^^^^^^^^^^^^^^
  File "D:\testplatformservice\testplatform\venv\Lib\site-packages\channels\middleware.py", line 24, in __call__
    return await self.inner(scope, receive, send)
           ^^^^^^^^^^^^^^^^^^^^^^^^^^^^^^^^^^^^^^
  File "D:\testplatformservice\testplatform\venv\Lib\site-packages\channels\routing.py", line 118, in __call__
    return await application(
           ^^^^^^^^^^^^^^^^^^
  File "D:\testplatformservice\testplatform\venv\Lib\site-packages\channels\consumer.py", line 95, in app
    return await consumer(scope, receive, send)
           ^^^^^^^^^^^^^^^^^^^^^^^^^^^^^^^^^^^^
  File "D:\testplatformservice\testplatform\venv\Lib\site-packages\channels\consumer.py", line 58, in __call__
    await await_many_dispatch(
  File "D:\testplatformservice\testplatform\venv\Lib\site-packages\channels\utils.py", line 57, in await_many_dispatch
    await task
redis.exceptions.ResponseError: unknown command 'BZPOPMIN'
[2026-07-06 10:55:32] ERROR [daphne.server:303] Exception inside application: unknown command 'BZPOPMIN'
Traceback (most recent call last):
  File "D:\testplatformservice\testplatform\venv\Lib\site-packages\channels\routing.py", line 48, in __call__
    return await application(scope, receive, send)
           ^^^^^^^^^^^^^^^^^^^^^^^^^^^^^^^^^^^^^^^
  File "D:\testplatformservice\testplatform\commons\ws\auth.py", line 28, in __call__
    return await super().__call__(scope, receive, send)
           ^^^^^^^^^^^^^^^^^^^^^^^^^^^^^^^^^^^^^^^^^^^^
  File "D:\testplatformservice\testplatform\venv\Lib\site-packages\channels\middleware.py", line 24, in __call__
    return await self.inner(scope, receive, send)
           ^^^^^^^^^^^^^^^^^^^^^^^^^^^^^^^^^^^^^^
  File "D:\testplatformservice\testplatform\venv\Lib\site-packages\channels\routing.py", line 118, in __call__
    return await application(
           ^^^^^^^^^^^^^^^^^^
  File "D:\testplatformservice\testplatform\venv\Lib\site-packages\channels\consumer.py", line 95, in app
    return await consumer(scope, receive, send)
           ^^^^^^^^^^^^^^^^^^^^^^^^^^^^^^^^^^^^
  File "D:\testplatformservice\testplatform\venv\Lib\site-packages\channels\consumer.py", line 58, in __call__
    await await_many_dispatch(
  File "D:\testplatformservice\testplatform\venv\Lib\site-packages\channels\utils.py", line 57, in await_many_dispatch
    await task
redis.exceptions.ResponseError: unknown command 'BZPOPMIN'
[2026-07-06 10:55:36] ERROR [daphne.server:303] Exception inside application: unknown command 'BZPOPMIN'
Traceback (most recent call last):
  File "D:\testplatformservice\testplatform\venv\Lib\site-packages\channels\routing.py", line 48, in __call__
    return await application(scope, receive, send)
           ^^^^^^^^^^^^^^^^^^^^^^^^^^^^^^^^^^^^^^^
  File "D:\testplatformservice\testplatform\commons\ws\auth.py", line 28, in __call__
    return await super().__call__(scope, receive, send)
           ^^^^^^^^^^^^^^^^^^^^^^^^^^^^^^^^^^^^^^^^^^^^
  File "D:\testplatformservice\testplatform\venv\Lib\site-packages\channels\middleware.py", line 24, in __call__
    return await self.inner(scope, receive, send)
           ^^^^^^^^^^^^^^^^^^^^^^^^^^^^^^^^^^^^^^
  File "D:\testplatformservice\testplatform\venv\Lib\site-packages\channels\routing.py", line 118, in __call__
    return await application(
           ^^^^^^^^^^^^^^^^^^
  File "D:\testplatformservice\testplatform\venv\Lib\site-packages\channels\consumer.py", line 95, in app
    return await consumer(scope, receive, send)
           ^^^^^^^^^^^^^^^^^^^^^^^^^^^^^^^^^^^^
  File "D:\testplatformservice\testplatform\venv\Lib\site-packages\channels\consumer.py", line 58, in __call__
    await await_many_dispatch(
  File "D:\testplatformservice\testplatform\venv\Lib\site-packages\channels\utils.py", line 57, in await_many_dispatch
    await task
redis.exceptions.ResponseError: unknown command 'BZPOPMIN'
[2026-07-06 10:55:40] ERROR [daphne.server:303] Exception inside application: unknown command 'BZPOPMIN'
Traceback (most recent call last):
  File "D:\testplatformservice\testplatform\venv\Lib\site-packages\channels\routing.py", line 48, in __call__
    return await application(scope, receive, send)
           ^^^^^^^^^^^^^^^^^^^^^^^^^^^^^^^^^^^^^^^
  File "D:\testplatformservice\testplatform\commons\ws\auth.py", line 28, in __call__
    return await super().__call__(scope, receive, send)
           ^^^^^^^^^^^^^^^^^^^^^^^^^^^^^^^^^^^^^^^^^^^^
  File "D:\testplatformservice\testplatform\venv\Lib\site-packages\channels\middleware.py", line 24, in __call__
    return await self.inner(scope, receive, send)
           ^^^^^^^^^^^^^^^^^^^^^^^^^^^^^^^^^^^^^^
  File "D:\testplatformservice\testplatform\venv\Lib\site-packages\channels\routing.py", line 118, in __call__
    return await application(
           ^^^^^^^^^^^^^^^^^^
  File "D:\testplatformservice\testplatform\venv\Lib\site-packages\channels\consumer.py", line 95, in app
    return await consumer(scope, receive, send)
           ^^^^^^^^^^^^^^^^^^^^^^^^^^^^^^^^^^^^
  File "D:\testplatformservice\testplatform\venv\Lib\site-packages\channels\consumer.py", line 58, in __call__
    await await_many_dispatch(
  File "D:\testplatformservice\testplatform\venv\Lib\site-packages\channels\utils.py", line 57, in await_many_dispatch
    await task
redis.exceptions.ResponseError: unknown command 'BZPOPMIN'
[2026-07-06 10:55:44] ERROR [daphne.server:303] Exception inside application: unknown command 'BZPOPMIN'
Traceback (most recent call last):
  File "D:\testplatformservice\testplatform\venv\Lib\site-packages\channels\routing.py", line 48, in __call__
    return await application(scope, receive, send)
           ^^^^^^^^^^^^^^^^^^^^^^^^^^^^^^^^^^^^^^^
  File "D:\testplatformservice\testplatform\commons\ws\auth.py", line 28, in __call__
    return await super().__call__(scope, receive, send)
           ^^^^^^^^^^^^^^^^^^^^^^^^^^^^^^^^^^^^^^^^^^^^
  File "D:\testplatformservice\testplatform\venv\Lib\site-packages\channels\middleware.py", line 24, in __call__
    return await self.inner(scope, receive, send)
           ^^^^^^^^^^^^^^^^^^^^^^^^^^^^^^^^^^^^^^
  File "D:\testplatformservice\testplatform\venv\Lib\site-packages\channels\routing.py", line 118, in __call__
    return await application(
           ^^^^^^^^^^^^^^^^^^
  File "D:\testplatformservice\testplatform\venv\Lib\site-packages\channels\consumer.py", line 95, in app
    return await consumer(scope, receive, send)
           ^^^^^^^^^^^^^^^^^^^^^^^^^^^^^^^^^^^^
  File "D:\testplatformservice\testplatform\venv\Lib\site-packages\channels\consumer.py", line 58, in __call__
    await await_many_dispatch(
  File "D:\testplatformservice\testplatform\venv\Lib\site-packages\channels\utils.py", line 57, in await_many_dispatch
    await task
redis.exceptions.ResponseError: unknown command 'BZPOPMIN'
[2026-07-06 10:55:48] ERROR [daphne.server:303] Exception inside application: unknown command 'BZPOPMIN'
Traceback (most recent call last):
  File "D:\testplatformservice\testplatform\venv\Lib\site-packages\channels\routing.py", line 48, in __call__
    return await application(scope, receive, send)
           ^^^^^^^^^^^^^^^^^^^^^^^^^^^^^^^^^^^^^^^
  File "D:\testplatformservice\testplatform\commons\ws\auth.py", line 28, in __call__
    return await super().__call__(scope, receive, send)
           ^^^^^^^^^^^^^^^^^^^^^^^^^^^^^^^^^^^^^^^^^^^^
  File "D:\testplatformservice\testplatform\venv\Lib\site-packages\channels\middleware.py", line 24, in __call__
    return await self.inner(scope, receive, send)
           ^^^^^^^^^^^^^^^^^^^^^^^^^^^^^^^^^^^^^^
  File "D:\testplatformservice\testplatform\venv\Lib\site-packages\channels\routing.py", line 118, in __call__
    return await application(
           ^^^^^^^^^^^^^^^^^^
  File "D:\testplatformservice\testplatform\venv\Lib\site-packages\channels\consumer.py", line 95, in app
    return await consumer(scope, receive, send)
           ^^^^^^^^^^^^^^^^^^^^^^^^^^^^^^^^^^^^
  File "D:\testplatformservice\testplatform\venv\Lib\site-packages\channels\consumer.py", line 58, in __call__
    await await_many_dispatch(
  File "D:\testplatformservice\testplatform\venv\Lib\site-packages\channels\utils.py", line 57, in await_many_dispatch
    await task
redis.exceptions.ResponseError: unknown command 'BZPOPMIN'
[2026-07-06 10:55:52] ERROR [daphne.server:303] Exception inside application: unknown command 'BZPOPMIN'
Traceback (most recent call last):
  File "D:\testplatformservice\testplatform\venv\Lib\site-packages\channels\routing.py", line 48, in __call__
    return await application(scope, receive, send)
           ^^^^^^^^^^^^^^^^^^^^^^^^^^^^^^^^^^^^^^^
  File "D:\testplatformservice\testplatform\commons\ws\auth.py", line 28, in __call__
    return await super().__call__(scope, receive, send)
           ^^^^^^^^^^^^^^^^^^^^^^^^^^^^^^^^^^^^^^^^^^^^
  File "D:\testplatformservice\testplatform\venv\Lib\site-packages\channels\middleware.py", line 24, in __call__
    return await self.inner(scope, receive, send)
           ^^^^^^^^^^^^^^^^^^^^^^^^^^^^^^^^^^^^^^
  File "D:\testplatformservice\testplatform\venv\Lib\site-packages\channels\routing.py", line 118, in __call__
    return await application(
           ^^^^^^^^^^^^^^^^^^
  File "D:\testplatformservice\testplatform\venv\Lib\site-packages\channels\consumer.py", line 95, in app
    return await consumer(scope, receive, send)
           ^^^^^^^^^^^^^^^^^^^^^^^^^^^^^^^^^^^^
  File "D:\testplatformservice\testplatform\venv\Lib\site-packages\channels\consumer.py", line 58, in __call__
    await await_many_dispatch(
  File "D:\testplatformservice\testplatform\venv\Lib\site-packages\channels\utils.py", line 57, in await_many_dispatch
    await task
redis.exceptions.ResponseError: unknown command 'BZPOPMIN'
[2026-07-06 10:55:56] ERROR [daphne.server:303] Exception inside application: unknown command 'BZPOPMIN'
Traceback (most recent call last):
  File "D:\testplatformservice\testplatform\venv\Lib\site-packages\channels\routing.py", line 48, in __call__
    return await application(scope, receive, send)
           ^^^^^^^^^^^^^^^^^^^^^^^^^^^^^^^^^^^^^^^
  File "D:\testplatformservice\testplatform\commons\ws\auth.py", line 28, in __call__
    return await super().__call__(scope, receive, send)
           ^^^^^^^^^^^^^^^^^^^^^^^^^^^^^^^^^^^^^^^^^^^^
  File "D:\testplatformservice\testplatform\venv\Lib\site-packages\channels\middleware.py", line 24, in __call__
    return await self.inner(scope, receive, send)
           ^^^^^^^^^^^^^^^^^^^^^^^^^^^^^^^^^^^^^^
  File "D:\testplatformservice\testplatform\venv\Lib\site-packages\channels\routing.py", line 118, in __call__
    return await application(
           ^^^^^^^^^^^^^^^^^^
  File "D:\testplatformservice\testplatform\venv\Lib\site-packages\channels\consumer.py", line 95, in app
    return await consumer(scope, receive, send)
           ^^^^^^^^^^^^^^^^^^^^^^^^^^^^^^^^^^^^
  File "D:\testplatformservice\testplatform\venv\Lib\site-packages\channels\consumer.py", line 58, in __call__
    await await_many_dispatch(
  File "D:\testplatformservice\testplatform\venv\Lib\site-packages\channels\utils.py", line 57, in await_many_dispatch
    await task
redis.exceptions.ResponseError: unknown command 'BZPOPMIN'
[2026-07-06 10:56:00] ERROR [daphne.server:303] Exception inside application: unknown command 'BZPOPMIN'
Traceback (most recent call last):
  File "D:\testplatformservice\testplatform\venv\Lib\site-packages\channels\routing.py", line 48, in __call__
    return await application(scope, receive, send)
           ^^^^^^^^^^^^^^^^^^^^^^^^^^^^^^^^^^^^^^^
  File "D:\testplatformservice\testplatform\commons\ws\auth.py", line 28, in __call__
    return await super().__call__(scope, receive, send)
           ^^^^^^^^^^^^^^^^^^^^^^^^^^^^^^^^^^^^^^^^^^^^
  File "D:\testplatformservice\testplatform\venv\Lib\site-packages\channels\middleware.py", line 24, in __call__
    return await self.inner(scope, receive, send)
           ^^^^^^^^^^^^^^^^^^^^^^^^^^^^^^^^^^^^^^
  File "D:\testplatformservice\testplatform\venv\Lib\site-packages\channels\routing.py", line 118, in __call__
    return await application(
           ^^^^^^^^^^^^^^^^^^
  File "D:\testplatformservice\testplatform\venv\Lib\site-packages\channels\consumer.py", line 95, in app
    return await consumer(scope, receive, send)
           ^^^^^^^^^^^^^^^^^^^^^^^^^^^^^^^^^^^^
  File "D:\testplatformservice\testplatform\venv\Lib\site-packages\channels\consumer.py", line 58, in __call__
    await await_many_dispatch(
  File "D:\testplatformservice\testplatform\venv\Lib\site-packages\channels\utils.py", line 57, in await_many_dispatch
    await task
redis.exceptions.ResponseError: unknown command 'BZPOPMIN'
[2026-07-06 10:56:04] ERROR [daphne.server:303] Exception inside application: unknown command 'BZPOPMIN'
Traceback (most recent call last):
  File "D:\testplatformservice\testplatform\venv\Lib\site-packages\channels\routing.py", line 48, in __call__
    return await application(scope, receive, send)
           ^^^^^^^^^^^^^^^^^^^^^^^^^^^^^^^^^^^^^^^
  File "D:\testplatformservice\testplatform\commons\ws\auth.py", line 28, in __call__
    return await super().__call__(scope, receive, send)
           ^^^^^^^^^^^^^^^^^^^^^^^^^^^^^^^^^^^^^^^^^^^^
  File "D:\testplatformservice\testplatform\venv\Lib\site-packages\channels\middleware.py", line 24, in __call__
    return await self.inner(scope, receive, send)
           ^^^^^^^^^^^^^^^^^^^^^^^^^^^^^^^^^^^^^^
  File "D:\testplatformservice\testplatform\venv\Lib\site-packages\channels\routing.py", line 118, in __call__
    return await application(
           ^^^^^^^^^^^^^^^^^^
  File "D:\testplatformservice\testplatform\venv\Lib\site-packages\channels\consumer.py", line 95, in app
    return await consumer(scope, receive, send)
           ^^^^^^^^^^^^^^^^^^^^^^^^^^^^^^^^^^^^
  File "D:\testplatformservice\testplatform\venv\Lib\site-packages\channels\consumer.py", line 58, in __call__
    await await_many_dispatch(
  File "D:\testplatformservice\testplatform\venv\Lib\site-packages\channels\utils.py", line 57, in await_many_dispatch
    await task
redis.exceptions.ResponseError: unknown command 'BZPOPMIN'
[2026-07-06 10:56:08] ERROR [daphne.server:303] Exception inside application: unknown command 'BZPOPMIN'
Traceback (most recent call last):
  File "D:\testplatformservice\testplatform\venv\Lib\site-packages\channels\routing.py", line 48, in __call__
    return await application(scope, receive, send)
           ^^^^^^^^^^^^^^^^^^^^^^^^^^^^^^^^^^^^^^^
  File "D:\testplatformservice\testplatform\commons\ws\auth.py", line 28, in __call__
    return await super().__call__(scope, receive, send)
           ^^^^^^^^^^^^^^^^^^^^^^^^^^^^^^^^^^^^^^^^^^^^
  File "D:\testplatformservice\testplatform\venv\Lib\site-packages\channels\middleware.py", line 24, in __call__
    return await self.inner(scope, receive, send)
           ^^^^^^^^^^^^^^^^^^^^^^^^^^^^^^^^^^^^^^
  File "D:\testplatformservice\testplatform\venv\Lib\site-packages\channels\routing.py", line 118, in __call__
    return await application(
           ^^^^^^^^^^^^^^^^^^
  File "D:\testplatformservice\testplatform\venv\Lib\site-packages\channels\consumer.py", line 95, in app
    return await consumer(scope, receive, send)
           ^^^^^^^^^^^^^^^^^^^^^^^^^^^^^^^^^^^^
  File "D:\testplatformservice\testplatform\venv\Lib\site-packages\channels\consumer.py", line 58, in __call__
    await await_many_dispatch(
  File "D:\testplatformservice\testplatform\venv\Lib\site-packages\channels\utils.py", line 57, in await_many_dispatch
    await task
redis.exceptions.ResponseError: unknown command 'BZPOPMIN'
[2026-07-06 10:56:12] ERROR [daphne.server:303] Exception inside application: unknown command 'BZPOPMIN'
Traceback (most recent call last):
  File "D:\testplatformservice\testplatform\venv\Lib\site-packages\channels\routing.py", line 48, in __call__
    return await application(scope, receive, send)
           ^^^^^^^^^^^^^^^^^^^^^^^^^^^^^^^^^^^^^^^
  File "D:\testplatformservice\testplatform\commons\ws\auth.py", line 28, in __call__
    return await super().__call__(scope, receive, send)
           ^^^^^^^^^^^^^^^^^^^^^^^^^^^^^^^^^^^^^^^^^^^^
  File "D:\testplatformservice\testplatform\venv\Lib\site-packages\channels\middleware.py", line 24, in __call__
    return await self.inner(scope, receive, send)
           ^^^^^^^^^^^^^^^^^^^^^^^^^^^^^^^^^^^^^^
  File "D:\testplatformservice\testplatform\venv\Lib\site-packages\channels\routing.py", line 118, in __call__
    return await application(
           ^^^^^^^^^^^^^^^^^^
  File "D:\testplatformservice\testplatform\venv\Lib\site-packages\channels\consumer.py", line 95, in app
    return await consumer(scope, receive, send)
           ^^^^^^^^^^^^^^^^^^^^^^^^^^^^^^^^^^^^
  File "D:\testplatformservice\testplatform\venv\Lib\site-packages\channels\consumer.py", line 58, in __call__
    await await_many_dispatch(
  File "D:\testplatformservice\testplatform\venv\Lib\site-packages\channels\utils.py", line 57, in await_many_dispatch
    await task
redis.exceptions.ResponseError: unknown command 'BZPOPMIN'
[2026-07-06 10:56:16] ERROR [daphne.server:303] Exception inside application: unknown command 'BZPOPMIN'
Traceback (most recent call last):
  File "D:\testplatformservice\testplatform\venv\Lib\site-packages\channels\routing.py", line 48, in __call__
    return await application(scope, receive, send)
           ^^^^^^^^^^^^^^^^^^^^^^^^^^^^^^^^^^^^^^^
  File "D:\testplatformservice\testplatform\commons\ws\auth.py", line 28, in __call__
    return await super().__call__(scope, receive, send)
           ^^^^^^^^^^^^^^^^^^^^^^^^^^^^^^^^^^^^^^^^^^^^
  File "D:\testplatformservice\testplatform\venv\Lib\site-packages\channels\middleware.py", line 24, in __call__
    return await self.inner(scope, receive, send)
           ^^^^^^^^^^^^^^^^^^^^^^^^^^^^^^^^^^^^^^
  File "D:\testplatformservice\testplatform\venv\Lib\site-packages\channels\routing.py", line 118, in __call__
    return await application(
           ^^^^^^^^^^^^^^^^^^
  File "D:\testplatformservice\testplatform\venv\Lib\site-packages\channels\consumer.py", line 95, in app
    return await consumer(scope, receive, send)
           ^^^^^^^^^^^^^^^^^^^^^^^^^^^^^^^^^^^^
  File "D:\testplatformservice\testplatform\venv\Lib\site-packages\channels\consumer.py", line 58, in __call__
    await await_many_dispatch(
  File "D:\testplatformservice\testplatform\venv\Lib\site-packages\channels\utils.py", line 57, in await_many_dispatch
    await task
redis.exceptions.ResponseError: unknown command 'BZPOPMIN'
[2026-07-06 10:56:20] ERROR [daphne.server:303] Exception inside application: unknown command 'BZPOPMIN'
Traceback (most recent call last):
  File "D:\testplatformservice\testplatform\venv\Lib\site-packages\channels\routing.py", line 48, in __call__
    return await application(scope, receive, send)
           ^^^^^^^^^^^^^^^^^^^^^^^^^^^^^^^^^^^^^^^
  File "D:\testplatformservice\testplatform\commons\ws\auth.py", line 28, in __call__
    return await super().__call__(scope, receive, send)
           ^^^^^^^^^^^^^^^^^^^^^^^^^^^^^^^^^^^^^^^^^^^^
  File "D:\testplatformservice\testplatform\venv\Lib\site-packages\channels\middleware.py", line 24, in __call__
    return await self.inner(scope, receive, send)
           ^^^^^^^^^^^^^^^^^^^^^^^^^^^^^^^^^^^^^^
  File "D:\testplatformservice\testplatform\venv\Lib\site-packages\channels\routing.py", line 118, in __call__
    return await application(
           ^^^^^^^^^^^^^^^^^^
  File "D:\testplatformservice\testplatform\venv\Lib\site-packages\channels\consumer.py", line 95, in app
    return await consumer(scope, receive, send)
           ^^^^^^^^^^^^^^^^^^^^^^^^^^^^^^^^^^^^
  File "D:\testplatformservice\testplatform\venv\Lib\site-packages\channels\consumer.py", line 58, in __call__
    await await_many_dispatch(
  File "D:\testplatformservice\testplatform\venv\Lib\site-packages\channels\utils.py", line 57, in await_many_dispatch
    await task
redis.exceptions.ResponseError: unknown command 'BZPOPMIN'
[2026-07-06 10:56:24] ERROR [daphne.server:303] Exception inside application: unknown command 'BZPOPMIN'
Traceback (most recent call last):
  File "D:\testplatformservice\testplatform\venv\Lib\site-packages\channels\routing.py", line 48, in __call__
    return await application(scope, receive, send)
           ^^^^^^^^^^^^^^^^^^^^^^^^^^^^^^^^^^^^^^^
  File "D:\testplatformservice\testplatform\commons\ws\auth.py", line 28, in __call__
    return await super().__call__(scope, receive, send)
           ^^^^^^^^^^^^^^^^^^^^^^^^^^^^^^^^^^^^^^^^^^^^
  File "D:\testplatformservice\testplatform\venv\Lib\site-packages\channels\middleware.py", line 24, in __call__
    return await self.inner(scope, receive, send)
           ^^^^^^^^^^^^^^^^^^^^^^^^^^^^^^^^^^^^^^
  File "D:\testplatformservice\testplatform\venv\Lib\site-packages\channels\routing.py", line 118, in __call__
    return await application(
           ^^^^^^^^^^^^^^^^^^
  File "D:\testplatformservice\testplatform\venv\Lib\site-packages\channels\consumer.py", line 95, in app
    return await consumer(scope, receive, send)
           ^^^^^^^^^^^^^^^^^^^^^^^^^^^^^^^^^^^^
  File "D:\testplatformservice\testplatform\venv\Lib\site-packages\channels\consumer.py", line 58, in __call__
    await await_many_dispatch(
  File "D:\testplatformservice\testplatform\venv\Lib\site-packages\channels\utils.py", line 57, in await_many_dispatch
    await task
redis.exceptions.ResponseError: unknown command 'BZPOPMIN'
[2026-07-06 10:56:28] ERROR [daphne.server:303] Exception inside application: unknown command 'BZPOPMIN'
Traceback (most recent call last):
  File "D:\testplatformservice\testplatform\venv\Lib\site-packages\channels\routing.py", line 48, in __call__
    return await application(scope, receive, send)
           ^^^^^^^^^^^^^^^^^^^^^^^^^^^^^^^^^^^^^^^
  File "D:\testplatformservice\testplatform\commons\ws\auth.py", line 28, in __call__
    return await super().__call__(scope, receive, send)
           ^^^^^^^^^^^^^^^^^^^^^^^^^^^^^^^^^^^^^^^^^^^^
  File "D:\testplatformservice\testplatform\venv\Lib\site-packages\channels\middleware.py", line 24, in __call__
    return await self.inner(scope, receive, send)
           ^^^^^^^^^^^^^^^^^^^^^^^^^^^^^^^^^^^^^^
  File "D:\testplatformservice\testplatform\venv\Lib\site-packages\channels\routing.py", line 118, in __call__
    return await application(
           ^^^^^^^^^^^^^^^^^^
  File "D:\testplatformservice\testplatform\venv\Lib\site-packages\channels\consumer.py", line 95, in app
    return await consumer(scope, receive, send)
           ^^^^^^^^^^^^^^^^^^^^^^^^^^^^^^^^^^^^
  File "D:\testplatformservice\testplatform\venv\Lib\site-packages\channels\consumer.py", line 58, in __call__
    await await_many_dispatch(
  File "D:\testplatformservice\testplatform\venv\Lib\site-packages\channels\utils.py", line 57, in await_many_dispatch
    await task
redis.exceptions.ResponseError: unknown command 'BZPOPMIN'
[2026-07-06 10:56:32] ERROR [daphne.server:303] Exception inside application: unknown command 'BZPOPMIN'
Traceback (most recent call last):
  File "D:\testplatformservice\testplatform\venv\Lib\site-packages\channels\routing.py", line 48, in __call__
    return await application(scope, receive, send)
           ^^^^^^^^^^^^^^^^^^^^^^^^^^^^^^^^^^^^^^^
  File "D:\testplatformservice\testplatform\commons\ws\auth.py", line 28, in __call__
    return await super().__call__(scope, receive, send)
           ^^^^^^^^^^^^^^^^^^^^^^^^^^^^^^^^^^^^^^^^^^^^
  File "D:\testplatformservice\testplatform\venv\Lib\site-packages\channels\middleware.py", line 24, in __call__
    return await self.inner(scope, receive, send)
           ^^^^^^^^^^^^^^^^^^^^^^^^^^^^^^^^^^^^^^
  File "D:\testplatformservice\testplatform\venv\Lib\site-packages\channels\routing.py", line 118, in __call__
    return await application(
           ^^^^^^^^^^^^^^^^^^
  File "D:\testplatformservice\testplatform\venv\Lib\site-packages\channels\consumer.py", line 95, in app
    return await consumer(scope, receive, send)
           ^^^^^^^^^^^^^^^^^^^^^^^^^^^^^^^^^^^^
  File "D:\testplatformservice\testplatform\venv\Lib\site-packages\channels\consumer.py", line 58, in __call__
    await await_many_dispatch(
  File "D:\testplatformservice\testplatform\venv\Lib\site-packages\channels\utils.py", line 57, in await_many_dispatch
    await task
redis.exceptions.ResponseError: unknown command 'BZPOPMIN'
[2026-07-06 10:56:36] ERROR [daphne.server:303] Exception inside application: unknown command 'BZPOPMIN'
Traceback (most recent call last):
  File "D:\testplatformservice\testplatform\venv\Lib\site-packages\channels\routing.py", line 48, in __call__
    return await application(scope, receive, send)
           ^^^^^^^^^^^^^^^^^^^^^^^^^^^^^^^^^^^^^^^
  File "D:\testplatformservice\testplatform\commons\ws\auth.py", line 28, in __call__
    return await super().__call__(scope, receive, send)
           ^^^^^^^^^^^^^^^^^^^^^^^^^^^^^^^^^^^^^^^^^^^^
  File "D:\testplatformservice\testplatform\venv\Lib\site-packages\channels\middleware.py", line 24, in __call__
    return await self.inner(scope, receive, send)
           ^^^^^^^^^^^^^^^^^^^^^^^^^^^^^^^^^^^^^^
  File "D:\testplatformservice\testplatform\venv\Lib\site-packages\channels\routing.py", line 118, in __call__
    return await application(
           ^^^^^^^^^^^^^^^^^^
  File "D:\testplatformservice\testplatform\venv\Lib\site-packages\channels\consumer.py", line 95, in app
    return await consumer(scope, receive, send)
           ^^^^^^^^^^^^^^^^^^^^^^^^^^^^^^^^^^^^
  File "D:\testplatformservice\testplatform\venv\Lib\site-packages\channels\consumer.py", line 58, in __call__
    await await_many_dispatch(
  File "D:\testplatformservice\testplatform\venv\Lib\site-packages\channels\utils.py", line 57, in await_many_dispatch
    await task
redis.exceptions.ResponseError: unknown command 'BZPOPMIN'
[2026-07-06 10:56:40] ERROR [daphne.server:303] Exception inside application: unknown command 'BZPOPMIN'
Traceback (most recent call last):
  File "D:\testplatformservice\testplatform\venv\Lib\site-packages\channels\routing.py", line 48, in __call__
    return await application(scope, receive, send)
           ^^^^^^^^^^^^^^^^^^^^^^^^^^^^^^^^^^^^^^^
  File "D:\testplatformservice\testplatform\commons\ws\auth.py", line 28, in __call__
    return await super().__call__(scope, receive, send)
           ^^^^^^^^^^^^^^^^^^^^^^^^^^^^^^^^^^^^^^^^^^^^
  File "D:\testplatformservice\testplatform\venv\Lib\site-packages\channels\middleware.py", line 24, in __call__
    return await self.inner(scope, receive, send)
           ^^^^^^^^^^^^^^^^^^^^^^^^^^^^^^^^^^^^^^
  File "D:\testplatformservice\testplatform\venv\Lib\site-packages\channels\routing.py", line 118, in __call__
    return await application(
           ^^^^^^^^^^^^^^^^^^
  File "D:\testplatformservice\testplatform\venv\Lib\site-packages\channels\consumer.py", line 95, in app
    return await consumer(scope, receive, send)
           ^^^^^^^^^^^^^^^^^^^^^^^^^^^^^^^^^^^^
  File "D:\testplatformservice\testplatform\venv\Lib\site-packages\channels\consumer.py", line 58, in __call__
    await await_many_dispatch(
  File "D:\testplatformservice\testplatform\venv\Lib\site-packages\channels\utils.py", line 57, in await_many_dispatch
    await task
redis.exceptions.ResponseError: unknown command 'BZPOPMIN'
[2026-07-06 10:56:44] ERROR [daphne.server:303] Exception inside application: unknown command 'BZPOPMIN'
Traceback (most recent call last):
  File "D:\testplatformservice\testplatform\venv\Lib\site-packages\channels\routing.py", line 48, in __call__
    return await application(scope, receive, send)
           ^^^^^^^^^^^^^^^^^^^^^^^^^^^^^^^^^^^^^^^
  File "D:\testplatformservice\testplatform\commons\ws\auth.py", line 28, in __call__
    return await super().__call__(scope, receive, send)
           ^^^^^^^^^^^^^^^^^^^^^^^^^^^^^^^^^^^^^^^^^^^^
  File "D:\testplatformservice\testplatform\venv\Lib\site-packages\channels\middleware.py", line 24, in __call__
    return await self.inner(scope, receive, send)
           ^^^^^^^^^^^^^^^^^^^^^^^^^^^^^^^^^^^^^^
  File "D:\testplatformservice\testplatform\venv\Lib\site-packages\channels\routing.py", line 118, in __call__
    return await application(
           ^^^^^^^^^^^^^^^^^^
  File "D:\testplatformservice\testplatform\venv\Lib\site-packages\channels\consumer.py", line 95, in app
    return await consumer(scope, receive, send)
           ^^^^^^^^^^^^^^^^^^^^^^^^^^^^^^^^^^^^
  File "D:\testplatformservice\testplatform\venv\Lib\site-packages\channels\consumer.py", line 58, in __call__
    await await_many_dispatch(
  File "D:\testplatformservice\testplatform\venv\Lib\site-packages\channels\utils.py", line 57, in await_many_dispatch
    await task
redis.exceptions.ResponseError: unknown command 'BZPOPMIN'
[2026-07-06 10:56:48] ERROR [daphne.server:303] Exception inside application: unknown command 'BZPOPMIN'
Traceback (most recent call last):
  File "D:\testplatformservice\testplatform\venv\Lib\site-packages\channels\routing.py", line 48, in __call__
    return await application(scope, receive, send)
           ^^^^^^^^^^^^^^^^^^^^^^^^^^^^^^^^^^^^^^^
  File "D:\testplatformservice\testplatform\commons\ws\auth.py", line 28, in __call__
    return await super().__call__(scope, receive, send)
           ^^^^^^^^^^^^^^^^^^^^^^^^^^^^^^^^^^^^^^^^^^^^
  File "D:\testplatformservice\testplatform\venv\Lib\site-packages\channels\middleware.py", line 24, in __call__
    return await self.inner(scope, receive, send)
           ^^^^^^^^^^^^^^^^^^^^^^^^^^^^^^^^^^^^^^
  File "D:\testplatformservice\testplatform\venv\Lib\site-packages\channels\routing.py", line 118, in __call__
    return await application(
           ^^^^^^^^^^^^^^^^^^
  File "D:\testplatformservice\testplatform\venv\Lib\site-packages\channels\consumer.py", line 95, in app
    return await consumer(scope, receive, send)
           ^^^^^^^^^^^^^^^^^^^^^^^^^^^^^^^^^^^^
  File "D:\testplatformservice\testplatform\venv\Lib\site-packages\channels\consumer.py", line 58, in __call__
    await await_many_dispatch(
  File "D:\testplatformservice\testplatform\venv\Lib\site-packages\channels\utils.py", line 57, in await_many_dispatch
    await task
redis.exceptions.ResponseError: unknown command 'BZPOPMIN'
[2026-07-06 10:56:52] ERROR [daphne.server:303] Exception inside application: unknown command 'BZPOPMIN'
Traceback (most recent call last):
  File "D:\testplatformservice\testplatform\venv\Lib\site-packages\channels\routing.py", line 48, in __call__
    return await application(scope, receive, send)
           ^^^^^^^^^^^^^^^^^^^^^^^^^^^^^^^^^^^^^^^
  File "D:\testplatformservice\testplatform\commons\ws\auth.py", line 28, in __call__
    return await super().__call__(scope, receive, send)
           ^^^^^^^^^^^^^^^^^^^^^^^^^^^^^^^^^^^^^^^^^^^^
  File "D:\testplatformservice\testplatform\venv\Lib\site-packages\channels\middleware.py", line 24, in __call__
    return await self.inner(scope, receive, send)
           ^^^^^^^^^^^^^^^^^^^^^^^^^^^^^^^^^^^^^^
  File "D:\testplatformservice\testplatform\venv\Lib\site-packages\channels\routing.py", line 118, in __call__
    return await application(
           ^^^^^^^^^^^^^^^^^^
  File "D:\testplatformservice\testplatform\venv\Lib\site-packages\channels\consumer.py", line 95, in app
    return await consumer(scope, receive, send)
           ^^^^^^^^^^^^^^^^^^^^^^^^^^^^^^^^^^^^
  File "D:\testplatformservice\testplatform\venv\Lib\site-packages\channels\consumer.py", line 58, in __call__
    await await_many_dispatch(
  File "D:\testplatformservice\testplatform\venv\Lib\site-packages\channels\utils.py", line 57, in await_many_dispatch
    await task
redis.exceptions.ResponseError: unknown command 'BZPOPMIN'
[2026-07-06 10:56:56] ERROR [daphne.server:303] Exception inside application: unknown command 'BZPOPMIN'
Traceback (most recent call last):
  File "D:\testplatformservice\testplatform\venv\Lib\site-packages\channels\routing.py", line 48, in __call__
    return await application(scope, receive, send)
           ^^^^^^^^^^^^^^^^^^^^^^^^^^^^^^^^^^^^^^^
  File "D:\testplatformservice\testplatform\commons\ws\auth.py", line 28, in __call__
    return await super().__call__(scope, receive, send)
           ^^^^^^^^^^^^^^^^^^^^^^^^^^^^^^^^^^^^^^^^^^^^
  File "D:\testplatformservice\testplatform\venv\Lib\site-packages\channels\middleware.py", line 24, in __call__
    return await self.inner(scope, receive, send)
           ^^^^^^^^^^^^^^^^^^^^^^^^^^^^^^^^^^^^^^
  File "D:\testplatformservice\testplatform\venv\Lib\site-packages\channels\routing.py", line 118, in __call__
    return await application(
           ^^^^^^^^^^^^^^^^^^
  File "D:\testplatformservice\testplatform\venv\Lib\site-packages\channels\consumer.py", line 95, in app
    return await consumer(scope, receive, send)
           ^^^^^^^^^^^^^^^^^^^^^^^^^^^^^^^^^^^^
  File "D:\testplatformservice\testplatform\venv\Lib\site-packages\channels\consumer.py", line 58, in __call__
    await await_many_dispatch(
  File "D:\testplatformservice\testplatform\venv\Lib\site-packages\channels\utils.py", line 57, in await_many_dispatch
    await task
redis.exceptions.ResponseError: unknown command 'BZPOPMIN'
[2026-07-06 10:57:00] ERROR [daphne.server:303] Exception inside application: unknown command 'BZPOPMIN'
Traceback (most recent call last):
  File "D:\testplatformservice\testplatform\venv\Lib\site-packages\channels\routing.py", line 48, in __call__
    return await application(scope, receive, send)
           ^^^^^^^^^^^^^^^^^^^^^^^^^^^^^^^^^^^^^^^
  File "D:\testplatformservice\testplatform\commons\ws\auth.py", line 28, in __call__
    return await super().__call__(scope, receive, send)
           ^^^^^^^^^^^^^^^^^^^^^^^^^^^^^^^^^^^^^^^^^^^^
  File "D:\testplatformservice\testplatform\venv\Lib\site-packages\channels\middleware.py", line 24, in __call__
    return await self.inner(scope, receive, send)
           ^^^^^^^^^^^^^^^^^^^^^^^^^^^^^^^^^^^^^^
  File "D:\testplatformservice\testplatform\venv\Lib\site-packages\channels\routing.py", line 118, in __call__
    return await application(
           ^^^^^^^^^^^^^^^^^^
  File "D:\testplatformservice\testplatform\venv\Lib\site-packages\channels\consumer.py", line 95, in app
    return await consumer(scope, receive, send)
           ^^^^^^^^^^^^^^^^^^^^^^^^^^^^^^^^^^^^
  File "D:\testplatformservice\testplatform\venv\Lib\site-packages\channels\consumer.py", line 58, in __call__
    await await_many_dispatch(
  File "D:\testplatformservice\testplatform\venv\Lib\site-packages\channels\utils.py", line 57, in await_many_dispatch
    await task
redis.exceptions.ResponseError: unknown command 'BZPOPMIN'
[2026-07-06 10:57:04] ERROR [daphne.server:303] Exception inside application: unknown command 'BZPOPMIN'
Traceback (most recent call last):
  File "D:\testplatformservice\testplatform\venv\Lib\site-packages\channels\routing.py", line 48, in __call__
    return await application(scope, receive, send)
           ^^^^^^^^^^^^^^^^^^^^^^^^^^^^^^^^^^^^^^^
  File "D:\testplatformservice\testplatform\commons\ws\auth.py", line 28, in __call__
    return await super().__call__(scope, receive, send)
           ^^^^^^^^^^^^^^^^^^^^^^^^^^^^^^^^^^^^^^^^^^^^
  File "D:\testplatformservice\testplatform\venv\Lib\site-packages\channels\middleware.py", line 24, in __call__
    return await self.inner(scope, receive, send)
           ^^^^^^^^^^^^^^^^^^^^^^^^^^^^^^^^^^^^^^
  File "D:\testplatformservice\testplatform\venv\Lib\site-packages\channels\routing.py", line 118, in __call__
    return await application(
           ^^^^^^^^^^^^^^^^^^
  File "D:\testplatformservice\testplatform\venv\Lib\site-packages\channels\consumer.py", line 95, in app
    return await consumer(scope, receive, send)
           ^^^^^^^^^^^^^^^^^^^^^^^^^^^^^^^^^^^^
  File "D:\testplatformservice\testplatform\venv\Lib\site-packages\channels\consumer.py", line 58, in __call__
    await await_many_dispatch(
  File "D:\testplatformservice\testplatform\venv\Lib\site-packages\channels\utils.py", line 57, in await_many_dispatch
    await task
redis.exceptions.ResponseError: unknown command 'BZPOPMIN'
[2026-07-06 10:57:08] ERROR [daphne.server:303] Exception inside application: unknown command 'BZPOPMIN'
Traceback (most recent call last):
  File "D:\testplatformservice\testplatform\venv\Lib\site-packages\channels\routing.py", line 48, in __call__
    return await application(scope, receive, send)
           ^^^^^^^^^^^^^^^^^^^^^^^^^^^^^^^^^^^^^^^
  File "D:\testplatformservice\testplatform\commons\ws\auth.py", line 28, in __call__
    return await super().__call__(scope, receive, send)
           ^^^^^^^^^^^^^^^^^^^^^^^^^^^^^^^^^^^^^^^^^^^^
  File "D:\testplatformservice\testplatform\venv\Lib\site-packages\channels\middleware.py", line 24, in __call__
    return await self.inner(scope, receive, send)
           ^^^^^^^^^^^^^^^^^^^^^^^^^^^^^^^^^^^^^^
  File "D:\testplatformservice\testplatform\venv\Lib\site-packages\channels\routing.py", line 118, in __call__
    return await application(
           ^^^^^^^^^^^^^^^^^^
  File "D:\testplatformservice\testplatform\venv\Lib\site-packages\channels\consumer.py", line 95, in app
    return await consumer(scope, receive, send)
           ^^^^^^^^^^^^^^^^^^^^^^^^^^^^^^^^^^^^
  File "D:\testplatformservice\testplatform\venv\Lib\site-packages\channels\consumer.py", line 58, in __call__
    await await_many_dispatch(
  File "D:\testplatformservice\testplatform\venv\Lib\site-packages\channels\utils.py", line 57, in await_many_dispatch
    await task
redis.exceptions.ResponseError: unknown command 'BZPOPMIN'
[2026-07-06 10:57:13] ERROR [daphne.server:303] Exception inside application: unknown command 'BZPOPMIN'
Traceback (most recent call last):
  File "D:\testplatformservice\testplatform\venv\Lib\site-packages\channels\routing.py", line 48, in __call__
    return await application(scope, receive, send)
           ^^^^^^^^^^^^^^^^^^^^^^^^^^^^^^^^^^^^^^^
  File "D:\testplatformservice\testplatform\commons\ws\auth.py", line 28, in __call__
    return await super().__call__(scope, receive, send)
           ^^^^^^^^^^^^^^^^^^^^^^^^^^^^^^^^^^^^^^^^^^^^
  File "D:\testplatformservice\testplatform\venv\Lib\site-packages\channels\middleware.py", line 24, in __call__
    return await self.inner(scope, receive, send)
           ^^^^^^^^^^^^^^^^^^^^^^^^^^^^^^^^^^^^^^
  File "D:\testplatformservice\testplatform\venv\Lib\site-packages\channels\routing.py", line 118, in __call__
    return await application(
           ^^^^^^^^^^^^^^^^^^
  File "D:\testplatformservice\testplatform\venv\Lib\site-packages\channels\consumer.py", line 95, in app
    return await consumer(scope, receive, send)
           ^^^^^^^^^^^^^^^^^^^^^^^^^^^^^^^^^^^^
  File "D:\testplatformservice\testplatform\venv\Lib\site-packages\channels\consumer.py", line 58, in __call__
    await await_many_dispatch(
  File "D:\testplatformservice\testplatform\venv\Lib\site-packages\channels\utils.py", line 57, in await_many_dispatch
    await task
redis.exceptions.ResponseError: unknown command 'BZPOPMIN'
[2026-07-06 10:57:17] ERROR [daphne.server:303] Exception inside application: unknown command 'BZPOPMIN'
Traceback (most recent call last):
  File "D:\testplatformservice\testplatform\venv\Lib\site-packages\channels\routing.py", line 48, in __call__
    return await application(scope, receive, send)
           ^^^^^^^^^^^^^^^^^^^^^^^^^^^^^^^^^^^^^^^
  File "D:\testplatformservice\testplatform\commons\ws\auth.py", line 28, in __call__
    return await super().__call__(scope, receive, send)
           ^^^^^^^^^^^^^^^^^^^^^^^^^^^^^^^^^^^^^^^^^^^^
  File "D:\testplatformservice\testplatform\venv\Lib\site-packages\channels\middleware.py", line 24, in __call__
    return await self.inner(scope, receive, send)
           ^^^^^^^^^^^^^^^^^^^^^^^^^^^^^^^^^^^^^^
  File "D:\testplatformservice\testplatform\venv\Lib\site-packages\channels\routing.py", line 118, in __call__
    return await application(
           ^^^^^^^^^^^^^^^^^^
  File "D:\testplatformservice\testplatform\venv\Lib\site-packages\channels\consumer.py", line 95, in app
    return await consumer(scope, receive, send)
           ^^^^^^^^^^^^^^^^^^^^^^^^^^^^^^^^^^^^
  File "D:\testplatformservice\testplatform\venv\Lib\site-packages\channels\consumer.py", line 58, in __call__
    await await_many_dispatch(
  File "D:\testplatformservice\testplatform\venv\Lib\site-packages\channels\utils.py", line 57, in await_many_dispatch
    await task
redis.exceptions.ResponseError: unknown command 'BZPOPMIN'
[2026-07-06 10:57:21] ERROR [daphne.server:303] Exception inside application: unknown command 'BZPOPMIN'
Traceback (most recent call last):
  File "D:\testplatformservice\testplatform\venv\Lib\site-packages\channels\routing.py", line 48, in __call__
    return await application(scope, receive, send)
           ^^^^^^^^^^^^^^^^^^^^^^^^^^^^^^^^^^^^^^^
  File "D:\testplatformservice\testplatform\commons\ws\auth.py", line 28, in __call__
    return await super().__call__(scope, receive, send)
           ^^^^^^^^^^^^^^^^^^^^^^^^^^^^^^^^^^^^^^^^^^^^
  File "D:\testplatformservice\testplatform\venv\Lib\site-packages\channels\middleware.py", line 24, in __call__
    return await self.inner(scope, receive, send)
           ^^^^^^^^^^^^^^^^^^^^^^^^^^^^^^^^^^^^^^
  File "D:\testplatformservice\testplatform\venv\Lib\site-packages\channels\routing.py", line 118, in __call__
    return await application(
           ^^^^^^^^^^^^^^^^^^
  File "D:\testplatformservice\testplatform\venv\Lib\site-packages\channels\consumer.py", line 95, in app
    return await consumer(scope, receive, send)
           ^^^^^^^^^^^^^^^^^^^^^^^^^^^^^^^^^^^^
  File "D:\testplatformservice\testplatform\venv\Lib\site-packages\channels\consumer.py", line 58, in __call__
    await await_many_dispatch(
  File "D:\testplatformservice\testplatform\venv\Lib\site-packages\channels\utils.py", line 57, in await_many_dispatch
    await task
redis.exceptions.ResponseError: unknown command 'BZPOPMIN'
[2026-07-06 10:57:25] ERROR [daphne.server:303] Exception inside application: unknown command 'BZPOPMIN'
Traceback (most recent call last):
  File "D:\testplatformservice\testplatform\venv\Lib\site-packages\channels\routing.py", line 48, in __call__
    return await application(scope, receive, send)
           ^^^^^^^^^^^^^^^^^^^^^^^^^^^^^^^^^^^^^^^
  File "D:\testplatformservice\testplatform\commons\ws\auth.py", line 28, in __call__
    return await super().__call__(scope, receive, send)
           ^^^^^^^^^^^^^^^^^^^^^^^^^^^^^^^^^^^^^^^^^^^^
  File "D:\testplatformservice\testplatform\venv\Lib\site-packages\channels\middleware.py", line 24, in __call__
    return await self.inner(scope, receive, send)
           ^^^^^^^^^^^^^^^^^^^^^^^^^^^^^^^^^^^^^^
  File "D:\testplatformservice\testplatform\venv\Lib\site-packages\channels\routing.py", line 118, in __call__
    return await application(
           ^^^^^^^^^^^^^^^^^^
  File "D:\testplatformservice\testplatform\venv\Lib\site-packages\channels\consumer.py", line 95, in app
    return await consumer(scope, receive, send)
           ^^^^^^^^^^^^^^^^^^^^^^^^^^^^^^^^^^^^
  File "D:\testplatformservice\testplatform\venv\Lib\site-packages\channels\consumer.py", line 58, in __call__
    await await_many_dispatch(
  File "D:\testplatformservice\testplatform\venv\Lib\site-packages\channels\utils.py", line 57, in await_many_dispatch
    await task
redis.exceptions.ResponseError: unknown command 'BZPOPMIN'
[2026-07-06 10:57:29] ERROR [daphne.server:303] Exception inside application: unknown command 'BZPOPMIN'
Traceback (most recent call last):
  File "D:\testplatformservice\testplatform\venv\Lib\site-packages\channels\routing.py", line 48, in __call__
    return await application(scope, receive, send)
           ^^^^^^^^^^^^^^^^^^^^^^^^^^^^^^^^^^^^^^^
  File "D:\testplatformservice\testplatform\commons\ws\auth.py", line 28, in __call__
    return await super().__call__(scope, receive, send)
           ^^^^^^^^^^^^^^^^^^^^^^^^^^^^^^^^^^^^^^^^^^^^
  File "D:\testplatformservice\testplatform\venv\Lib\site-packages\channels\middleware.py", line 24, in __call__
    return await self.inner(scope, receive, send)
           ^^^^^^^^^^^^^^^^^^^^^^^^^^^^^^^^^^^^^^
  File "D:\testplatformservice\testplatform\venv\Lib\site-packages\channels\routing.py", line 118, in __call__
    return await application(
           ^^^^^^^^^^^^^^^^^^
  File "D:\testplatformservice\testplatform\venv\Lib\site-packages\channels\consumer.py", line 95, in app
    return await consumer(scope, receive, send)
           ^^^^^^^^^^^^^^^^^^^^^^^^^^^^^^^^^^^^
  File "D:\testplatformservice\testplatform\venv\Lib\site-packages\channels\consumer.py", line 58, in __call__
    await await_many_dispatch(
  File "D:\testplatformservice\testplatform\venv\Lib\site-packages\channels\utils.py", line 57, in await_many_dispatch
    await task
redis.exceptions.ResponseError: unknown command 'BZPOPMIN'
[2026-07-06 10:57:33] ERROR [daphne.server:303] Exception inside application: unknown command 'BZPOPMIN'
Traceback (most recent call last):
  File "D:\testplatformservice\testplatform\venv\Lib\site-packages\channels\routing.py", line 48, in __call__
    return await application(scope, receive, send)
           ^^^^^^^^^^^^^^^^^^^^^^^^^^^^^^^^^^^^^^^
  File "D:\testplatformservice\testplatform\commons\ws\auth.py", line 28, in __call__
    return await super().__call__(scope, receive, send)
           ^^^^^^^^^^^^^^^^^^^^^^^^^^^^^^^^^^^^^^^^^^^^
  File "D:\testplatformservice\testplatform\venv\Lib\site-packages\channels\middleware.py", line 24, in __call__
    return await self.inner(scope, receive, send)
           ^^^^^^^^^^^^^^^^^^^^^^^^^^^^^^^^^^^^^^
  File "D:\testplatformservice\testplatform\venv\Lib\site-packages\channels\routing.py", line 118, in __call__
    return await application(
           ^^^^^^^^^^^^^^^^^^
  File "D:\testplatformservice\testplatform\venv\Lib\site-packages\channels\consumer.py", line 95, in app
    return await consumer(scope, receive, send)
           ^^^^^^^^^^^^^^^^^^^^^^^^^^^^^^^^^^^^
  File "D:\testplatformservice\testplatform\venv\Lib\site-packages\channels\consumer.py", line 58, in __call__
    await await_many_dispatch(
  File "D:\testplatformservice\testplatform\venv\Lib\site-packages\channels\utils.py", line 57, in await_many_dispatch
    await task
redis.exceptions.ResponseError: unknown command 'BZPOPMIN'
[2026-07-06 10:57:37] ERROR [daphne.server:303] Exception inside application: unknown command 'BZPOPMIN'
Traceback (most recent call last):
  File "D:\testplatformservice\testplatform\venv\Lib\site-packages\channels\routing.py", line 48, in __call__
    return await application(scope, receive, send)
           ^^^^^^^^^^^^^^^^^^^^^^^^^^^^^^^^^^^^^^^
  File "D:\testplatformservice\testplatform\commons\ws\auth.py", line 28, in __call__
    return await super().__call__(scope, receive, send)
           ^^^^^^^^^^^^^^^^^^^^^^^^^^^^^^^^^^^^^^^^^^^^
  File "D:\testplatformservice\testplatform\venv\Lib\site-packages\channels\middleware.py", line 24, in __call__
    return await self.inner(scope, receive, send)
           ^^^^^^^^^^^^^^^^^^^^^^^^^^^^^^^^^^^^^^
  File "D:\testplatformservice\testplatform\venv\Lib\site-packages\channels\routing.py", line 118, in __call__
    return await application(
           ^^^^^^^^^^^^^^^^^^
  File "D:\testplatformservice\testplatform\venv\Lib\site-packages\channels\consumer.py", line 95, in app
    return await consumer(scope, receive, send)
           ^^^^^^^^^^^^^^^^^^^^^^^^^^^^^^^^^^^^
  File "D:\testplatformservice\testplatform\venv\Lib\site-packages\channels\consumer.py", line 58, in __call__
    await await_many_dispatch(
  File "D:\testplatformservice\testplatform\venv\Lib\site-packages\channels\utils.py", line 57, in await_many_dispatch
    await task
redis.exceptions.ResponseError: unknown command 'BZPOPMIN'
[2026-07-06 10:57:41] ERROR [daphne.server:303] Exception inside application: unknown command 'BZPOPMIN'
Traceback (most recent call last):
  File "D:\testplatformservice\testplatform\venv\Lib\site-packages\channels\routing.py", line 48, in __call__
    return await application(scope, receive, send)
           ^^^^^^^^^^^^^^^^^^^^^^^^^^^^^^^^^^^^^^^
  File "D:\testplatformservice\testplatform\commons\ws\auth.py", line 28, in __call__
    return await super().__call__(scope, receive, send)
           ^^^^^^^^^^^^^^^^^^^^^^^^^^^^^^^^^^^^^^^^^^^^
  File "D:\testplatformservice\testplatform\venv\Lib\site-packages\channels\middleware.py", line 24, in __call__
    return await self.inner(scope, receive, send)
           ^^^^^^^^^^^^^^^^^^^^^^^^^^^^^^^^^^^^^^
  File "D:\testplatformservice\testplatform\venv\Lib\site-packages\channels\routing.py", line 118, in __call__
    return await application(
           ^^^^^^^^^^^^^^^^^^
  File "D:\testplatformservice\testplatform\venv\Lib\site-packages\channels\consumer.py", line 95, in app
    return await consumer(scope, receive, send)
           ^^^^^^^^^^^^^^^^^^^^^^^^^^^^^^^^^^^^
  File "D:\testplatformservice\testplatform\venv\Lib\site-packages\channels\consumer.py", line 58, in __call__
    await await_many_dispatch(
  File "D:\testplatformservice\testplatform\venv\Lib\site-packages\channels\utils.py", line 57, in await_many_dispatch
    await task
redis.exceptions.ResponseError: unknown command 'BZPOPMIN'
[2026-07-06 10:57:45] ERROR [daphne.server:303] Exception inside application: unknown command 'BZPOPMIN'
Traceback (most recent call last):
  File "D:\testplatformservice\testplatform\venv\Lib\site-packages\channels\routing.py", line 48, in __call__
    return await application(scope, receive, send)
           ^^^^^^^^^^^^^^^^^^^^^^^^^^^^^^^^^^^^^^^
  File "D:\testplatformservice\testplatform\commons\ws\auth.py", line 28, in __call__
    return await super().__call__(scope, receive, send)
           ^^^^^^^^^^^^^^^^^^^^^^^^^^^^^^^^^^^^^^^^^^^^
  File "D:\testplatformservice\testplatform\venv\Lib\site-packages\channels\middleware.py", line 24, in __call__
    return await self.inner(scope, receive, send)
           ^^^^^^^^^^^^^^^^^^^^^^^^^^^^^^^^^^^^^^
  File "D:\testplatformservice\testplatform\venv\Lib\site-packages\channels\routing.py", line 118, in __call__
    return await application(
           ^^^^^^^^^^^^^^^^^^
  File "D:\testplatformservice\testplatform\venv\Lib\site-packages\channels\consumer.py", line 95, in app
    return await consumer(scope, receive, send)
           ^^^^^^^^^^^^^^^^^^^^^^^^^^^^^^^^^^^^
  File "D:\testplatformservice\testplatform\venv\Lib\site-packages\channels\consumer.py", line 58, in __call__
    await await_many_dispatch(
  File "D:\testplatformservice\testplatform\venv\Lib\site-packages\channels\utils.py", line 57, in await_many_dispatch
    await task
redis.exceptions.ResponseError: unknown command 'BZPOPMIN'
[2026-07-06 10:57:49] ERROR [daphne.server:303] Exception inside application: unknown command 'BZPOPMIN'
Traceback (most recent call last):
  File "D:\testplatformservice\testplatform\venv\Lib\site-packages\channels\routing.py", line 48, in __call__
    return await application(scope, receive, send)
           ^^^^^^^^^^^^^^^^^^^^^^^^^^^^^^^^^^^^^^^
  File "D:\testplatformservice\testplatform\commons\ws\auth.py", line 28, in __call__
    return await super().__call__(scope, receive, send)
           ^^^^^^^^^^^^^^^^^^^^^^^^^^^^^^^^^^^^^^^^^^^^
  File "D:\testplatformservice\testplatform\venv\Lib\site-packages\channels\middleware.py", line 24, in __call__
    return await self.inner(scope, receive, send)
           ^^^^^^^^^^^^^^^^^^^^^^^^^^^^^^^^^^^^^^
  File "D:\testplatformservice\testplatform\venv\Lib\site-packages\channels\routing.py", line 118, in __call__
    return await application(
           ^^^^^^^^^^^^^^^^^^
  File "D:\testplatformservice\testplatform\venv\Lib\site-packages\channels\consumer.py", line 95, in app
    return await consumer(scope, receive, send)
           ^^^^^^^^^^^^^^^^^^^^^^^^^^^^^^^^^^^^
  File "D:\testplatformservice\testplatform\venv\Lib\site-packages\channels\consumer.py", line 58, in __call__
    await await_many_dispatch(
  File "D:\testplatformservice\testplatform\venv\Lib\site-packages\channels\utils.py", line 57, in await_many_dispatch
    await task
redis.exceptions.ResponseError: unknown command 'BZPOPMIN'
[2026-07-06 10:57:53] ERROR [daphne.server:303] Exception inside application: unknown command 'BZPOPMIN'
Traceback (most recent call last):
  File "D:\testplatformservice\testplatform\venv\Lib\site-packages\channels\routing.py", line 48, in __call__
    return await application(scope, receive, send)
           ^^^^^^^^^^^^^^^^^^^^^^^^^^^^^^^^^^^^^^^
  File "D:\testplatformservice\testplatform\commons\ws\auth.py", line 28, in __call__
    return await super().__call__(scope, receive, send)
           ^^^^^^^^^^^^^^^^^^^^^^^^^^^^^^^^^^^^^^^^^^^^
  File "D:\testplatformservice\testplatform\venv\Lib\site-packages\channels\middleware.py", line 24, in __call__
    return await self.inner(scope, receive, send)
           ^^^^^^^^^^^^^^^^^^^^^^^^^^^^^^^^^^^^^^
  File "D:\testplatformservice\testplatform\venv\Lib\site-packages\channels\routing.py", line 118, in __call__
    return await application(
           ^^^^^^^^^^^^^^^^^^
  File "D:\testplatformservice\testplatform\venv\Lib\site-packages\channels\consumer.py", line 95, in app
    return await consumer(scope, receive, send)
           ^^^^^^^^^^^^^^^^^^^^^^^^^^^^^^^^^^^^
  File "D:\testplatformservice\testplatform\venv\Lib\site-packages\channels\consumer.py", line 58, in __call__
    await await_many_dispatch(
  File "D:\testplatformservice\testplatform\venv\Lib\site-packages\channels\utils.py", line 57, in await_many_dispatch
    await task
redis.exceptions.ResponseError: unknown command 'BZPOPMIN'
[2026-07-06 10:57:57] ERROR [daphne.server:303] Exception inside application: unknown command 'BZPOPMIN'
Traceback (most recent call last):
  File "D:\testplatformservice\testplatform\venv\Lib\site-packages\channels\routing.py", line 48, in __call__
    return await application(scope, receive, send)
           ^^^^^^^^^^^^^^^^^^^^^^^^^^^^^^^^^^^^^^^
  File "D:\testplatformservice\testplatform\commons\ws\auth.py", line 28, in __call__
    return await super().__call__(scope, receive, send)
           ^^^^^^^^^^^^^^^^^^^^^^^^^^^^^^^^^^^^^^^^^^^^
  File "D:\testplatformservice\testplatform\venv\Lib\site-packages\channels\middleware.py", line 24, in __call__
    return await self.inner(scope, receive, send)
           ^^^^^^^^^^^^^^^^^^^^^^^^^^^^^^^^^^^^^^
  File "D:\testplatformservice\testplatform\venv\Lib\site-packages\channels\routing.py", line 118, in __call__
    return await application(
           ^^^^^^^^^^^^^^^^^^
  File "D:\testplatformservice\testplatform\venv\Lib\site-packages\channels\consumer.py", line 95, in app
    return await consumer(scope, receive, send)
           ^^^^^^^^^^^^^^^^^^^^^^^^^^^^^^^^^^^^
  File "D:\testplatformservice\testplatform\venv\Lib\site-packages\channels\consumer.py", line 58, in __call__
    await await_many_dispatch(
  File "D:\testplatformservice\testplatform\venv\Lib\site-packages\channels\utils.py", line 57, in await_many_dispatch
    await task
redis.exceptions.ResponseError: unknown command 'BZPOPMIN'
[2026-07-06 10:58:01] ERROR [daphne.server:303] Exception inside application: unknown command 'BZPOPMIN'
Traceback (most recent call last):
  File "D:\testplatformservice\testplatform\venv\Lib\site-packages\channels\routing.py", line 48, in __call__
    return await application(scope, receive, send)
           ^^^^^^^^^^^^^^^^^^^^^^^^^^^^^^^^^^^^^^^
  File "D:\testplatformservice\testplatform\commons\ws\auth.py", line 28, in __call__
    return await super().__call__(scope, receive, send)
           ^^^^^^^^^^^^^^^^^^^^^^^^^^^^^^^^^^^^^^^^^^^^
  File "D:\testplatformservice\testplatform\venv\Lib\site-packages\channels\middleware.py", line 24, in __call__
    return await self.inner(scope, receive, send)
           ^^^^^^^^^^^^^^^^^^^^^^^^^^^^^^^^^^^^^^
  File "D:\testplatformservice\testplatform\venv\Lib\site-packages\channels\routing.py", line 118, in __call__
    return await application(
           ^^^^^^^^^^^^^^^^^^
  File "D:\testplatformservice\testplatform\venv\Lib\site-packages\channels\consumer.py", line 95, in app
    return await consumer(scope, receive, send)
           ^^^^^^^^^^^^^^^^^^^^^^^^^^^^^^^^^^^^
  File "D:\testplatformservice\testplatform\venv\Lib\site-packages\channels\consumer.py", line 58, in __call__
    await await_many_dispatch(
  File "D:\testplatformservice\testplatform\venv\Lib\site-packages\channels\utils.py", line 57, in await_many_dispatch
    await task
redis.exceptions.ResponseError: unknown command 'BZPOPMIN'
[2026-07-06 10:58:05] ERROR [daphne.server:303] Exception inside application: unknown command 'BZPOPMIN'
Traceback (most recent call last):
  File "D:\testplatformservice\testplatform\venv\Lib\site-packages\channels\routing.py", line 48, in __call__
    return await application(scope, receive, send)
           ^^^^^^^^^^^^^^^^^^^^^^^^^^^^^^^^^^^^^^^
  File "D:\testplatformservice\testplatform\commons\ws\auth.py", line 28, in __call__
    return await super().__call__(scope, receive, send)
           ^^^^^^^^^^^^^^^^^^^^^^^^^^^^^^^^^^^^^^^^^^^^
  File "D:\testplatformservice\testplatform\venv\Lib\site-packages\channels\middleware.py", line 24, in __call__
    return await self.inner(scope, receive, send)
           ^^^^^^^^^^^^^^^^^^^^^^^^^^^^^^^^^^^^^^
  File "D:\testplatformservice\testplatform\venv\Lib\site-packages\channels\routing.py", line 118, in __call__
    return await application(
           ^^^^^^^^^^^^^^^^^^
  File "D:\testplatformservice\testplatform\venv\Lib\site-packages\channels\consumer.py", line 95, in app
    return await consumer(scope, receive, send)
           ^^^^^^^^^^^^^^^^^^^^^^^^^^^^^^^^^^^^
  File "D:\testplatformservice\testplatform\venv\Lib\site-packages\channels\consumer.py", line 58, in __call__
    await await_many_dispatch(
  File "D:\testplatformservice\testplatform\venv\Lib\site-packages\channels\utils.py", line 57, in await_many_dispatch
    await task
redis.exceptions.ResponseError: unknown command 'BZPOPMIN'
[2026-07-06 10:58:10] ERROR [daphne.server:303] Exception inside application: unknown command 'BZPOPMIN'
Traceback (most recent call last):
  File "D:\testplatformservice\testplatform\venv\Lib\site-packages\channels\routing.py", line 48, in __call__
    return await application(scope, receive, send)
           ^^^^^^^^^^^^^^^^^^^^^^^^^^^^^^^^^^^^^^^
  File "D:\testplatformservice\testplatform\commons\ws\auth.py", line 28, in __call__
    return await super().__call__(scope, receive, send)
           ^^^^^^^^^^^^^^^^^^^^^^^^^^^^^^^^^^^^^^^^^^^^
  File "D:\testplatformservice\testplatform\venv\Lib\site-packages\channels\middleware.py", line 24, in __call__
    return await self.inner(scope, receive, send)
           ^^^^^^^^^^^^^^^^^^^^^^^^^^^^^^^^^^^^^^
  File "D:\testplatformservice\testplatform\venv\Lib\site-packages\channels\routing.py", line 118, in __call__
    return await application(
           ^^^^^^^^^^^^^^^^^^
  File "D:\testplatformservice\testplatform\venv\Lib\site-packages\channels\consumer.py", line 95, in app
    return await consumer(scope, receive, send)
           ^^^^^^^^^^^^^^^^^^^^^^^^^^^^^^^^^^^^
  File "D:\testplatformservice\testplatform\venv\Lib\site-packages\channels\consumer.py", line 58, in __call__
    await await_many_dispatch(
  File "D:\testplatformservice\testplatform\venv\Lib\site-packages\channels\utils.py", line 57, in await_many_dispatch
    await task
redis.exceptions.ResponseError: unknown command 'BZPOPMIN'
[2026-07-06 10:58:14] ERROR [daphne.server:303] Exception inside application: unknown command 'BZPOPMIN'
Traceback (most recent call last):
  File "D:\testplatformservice\testplatform\venv\Lib\site-packages\channels\routing.py", line 48, in __call__
    return await application(scope, receive, send)
           ^^^^^^^^^^^^^^^^^^^^^^^^^^^^^^^^^^^^^^^
  File "D:\testplatformservice\testplatform\commons\ws\auth.py", line 28, in __call__
    return await super().__call__(scope, receive, send)
           ^^^^^^^^^^^^^^^^^^^^^^^^^^^^^^^^^^^^^^^^^^^^
  File "D:\testplatformservice\testplatform\venv\Lib\site-packages\channels\middleware.py", line 24, in __call__
    return await self.inner(scope, receive, send)
           ^^^^^^^^^^^^^^^^^^^^^^^^^^^^^^^^^^^^^^
  File "D:\testplatformservice\testplatform\venv\Lib\site-packages\channels\routing.py", line 118, in __call__
    return await application(
           ^^^^^^^^^^^^^^^^^^
  File "D:\testplatformservice\testplatform\venv\Lib\site-packages\channels\consumer.py", line 95, in app
    return await consumer(scope, receive, send)
           ^^^^^^^^^^^^^^^^^^^^^^^^^^^^^^^^^^^^
  File "D:\testplatformservice\testplatform\venv\Lib\site-packages\channels\consumer.py", line 58, in __call__
    await await_many_dispatch(
  File "D:\testplatformservice\testplatform\venv\Lib\site-packages\channels\utils.py", line 57, in await_many_dispatch
    await task
redis.exceptions.ResponseError: unknown command 'BZPOPMIN'
[2026-07-06 10:58:18] ERROR [daphne.server:303] Exception inside application: unknown command 'BZPOPMIN'
Traceback (most recent call last):
  File "D:\testplatformservice\testplatform\venv\Lib\site-packages\channels\routing.py", line 48, in __call__
    return await application(scope, receive, send)
           ^^^^^^^^^^^^^^^^^^^^^^^^^^^^^^^^^^^^^^^
  File "D:\testplatformservice\testplatform\commons\ws\auth.py", line 28, in __call__
    return await super().__call__(scope, receive, send)
           ^^^^^^^^^^^^^^^^^^^^^^^^^^^^^^^^^^^^^^^^^^^^
  File "D:\testplatformservice\testplatform\venv\Lib\site-packages\channels\middleware.py", line 24, in __call__
    return await self.inner(scope, receive, send)
           ^^^^^^^^^^^^^^^^^^^^^^^^^^^^^^^^^^^^^^
  File "D:\testplatformservice\testplatform\venv\Lib\site-packages\channels\routing.py", line 118, in __call__
    return await application(
           ^^^^^^^^^^^^^^^^^^
  File "D:\testplatformservice\testplatform\venv\Lib\site-packages\channels\consumer.py", line 95, in app
    return await consumer(scope, receive, send)
           ^^^^^^^^^^^^^^^^^^^^^^^^^^^^^^^^^^^^
  File "D:\testplatformservice\testplatform\venv\Lib\site-packages\channels\consumer.py", line 58, in __call__
    await await_many_dispatch(
  File "D:\testplatformservice\testplatform\venv\Lib\site-packages\channels\utils.py", line 57, in await_many_dispatch
    await task
redis.exceptions.ResponseError: unknown command 'BZPOPMIN'
[2026-07-06 10:58:22] ERROR [daphne.server:303] Exception inside application: unknown command 'BZPOPMIN'
Traceback (most recent call last):
  File "D:\testplatformservice\testplatform\venv\Lib\site-packages\channels\routing.py", line 48, in __call__
    return await application(scope, receive, send)
           ^^^^^^^^^^^^^^^^^^^^^^^^^^^^^^^^^^^^^^^
  File "D:\testplatformservice\testplatform\commons\ws\auth.py", line 28, in __call__
    return await super().__call__(scope, receive, send)
           ^^^^^^^^^^^^^^^^^^^^^^^^^^^^^^^^^^^^^^^^^^^^
  File "D:\testplatformservice\testplatform\venv\Lib\site-packages\channels\middleware.py", line 24, in __call__
    return await self.inner(scope, receive, send)
           ^^^^^^^^^^^^^^^^^^^^^^^^^^^^^^^^^^^^^^
  File "D:\testplatformservice\testplatform\venv\Lib\site-packages\channels\routing.py", line 118, in __call__
    return await application(
           ^^^^^^^^^^^^^^^^^^
  File "D:\testplatformservice\testplatform\venv\Lib\site-packages\channels\consumer.py", line 95, in app
    return await consumer(scope, receive, send)
           ^^^^^^^^^^^^^^^^^^^^^^^^^^^^^^^^^^^^
  File "D:\testplatformservice\testplatform\venv\Lib\site-packages\channels\consumer.py", line 58, in __call__
    await await_many_dispatch(
  File "D:\testplatformservice\testplatform\venv\Lib\site-packages\channels\utils.py", line 57, in await_many_dispatch
    await task
redis.exceptions.ResponseError: unknown command 'BZPOPMIN'
[2026-07-06 10:58:26] ERROR [daphne.server:303] Exception inside application: unknown command 'BZPOPMIN'
Traceback (most recent call last):
  File "D:\testplatformservice\testplatform\venv\Lib\site-packages\channels\routing.py", line 48, in __call__
    return await application(scope, receive, send)
           ^^^^^^^^^^^^^^^^^^^^^^^^^^^^^^^^^^^^^^^
  File "D:\testplatformservice\testplatform\commons\ws\auth.py", line 28, in __call__
    return await super().__call__(scope, receive, send)
           ^^^^^^^^^^^^^^^^^^^^^^^^^^^^^^^^^^^^^^^^^^^^
  File "D:\testplatformservice\testplatform\venv\Lib\site-packages\channels\middleware.py", line 24, in __call__
    return await self.inner(scope, receive, send)
           ^^^^^^^^^^^^^^^^^^^^^^^^^^^^^^^^^^^^^^
  File "D:\testplatformservice\testplatform\venv\Lib\site-packages\channels\routing.py", line 118, in __call__
    return await application(
           ^^^^^^^^^^^^^^^^^^
  File "D:\testplatformservice\testplatform\venv\Lib\site-packages\channels\consumer.py", line 95, in app
    return await consumer(scope, receive, send)
           ^^^^^^^^^^^^^^^^^^^^^^^^^^^^^^^^^^^^
  File "D:\testplatformservice\testplatform\venv\Lib\site-packages\channels\consumer.py", line 58, in __call__
    await await_many_dispatch(
  File "D:\testplatformservice\testplatform\venv\Lib\site-packages\channels\utils.py", line 57, in await_many_dispatch
    await task
redis.exceptions.ResponseError: unknown command 'BZPOPMIN'
[2026-07-06 10:58:30] ERROR [daphne.server:303] Exception inside application: unknown command 'BZPOPMIN'
Traceback (most recent call last):
  File "D:\testplatformservice\testplatform\venv\Lib\site-packages\channels\routing.py", line 48, in __call__
    return await application(scope, receive, send)
           ^^^^^^^^^^^^^^^^^^^^^^^^^^^^^^^^^^^^^^^
  File "D:\testplatformservice\testplatform\commons\ws\auth.py", line 28, in __call__
    return await super().__call__(scope, receive, send)
           ^^^^^^^^^^^^^^^^^^^^^^^^^^^^^^^^^^^^^^^^^^^^
  File "D:\testplatformservice\testplatform\venv\Lib\site-packages\channels\middleware.py", line 24, in __call__
    return await self.inner(scope, receive, send)
           ^^^^^^^^^^^^^^^^^^^^^^^^^^^^^^^^^^^^^^
  File "D:\testplatformservice\testplatform\venv\Lib\site-packages\channels\routing.py", line 118, in __call__
    return await application(
           ^^^^^^^^^^^^^^^^^^
  File "D:\testplatformservice\testplatform\venv\Lib\site-packages\channels\consumer.py", line 95, in app
    return await consumer(scope, receive, send)
           ^^^^^^^^^^^^^^^^^^^^^^^^^^^^^^^^^^^^
  File "D:\testplatformservice\testplatform\venv\Lib\site-packages\channels\consumer.py", line 58, in __call__
    await await_many_dispatch(
  File "D:\testplatformservice\testplatform\venv\Lib\site-packages\channels\utils.py", line 57, in await_many_dispatch
    await task
redis.exceptions.ResponseError: unknown command 'BZPOPMIN'
[2026-07-06 10:58:34] ERROR [daphne.server:303] Exception inside application: unknown command 'BZPOPMIN'
Traceback (most recent call last):
  File "D:\testplatformservice\testplatform\venv\Lib\site-packages\channels\routing.py", line 48, in __call__
    return await application(scope, receive, send)
           ^^^^^^^^^^^^^^^^^^^^^^^^^^^^^^^^^^^^^^^
  File "D:\testplatformservice\testplatform\commons\ws\auth.py", line 28, in __call__
    return await super().__call__(scope, receive, send)
           ^^^^^^^^^^^^^^^^^^^^^^^^^^^^^^^^^^^^^^^^^^^^
  File "D:\testplatformservice\testplatform\venv\Lib\site-packages\channels\middleware.py", line 24, in __call__
    return await self.inner(scope, receive, send)
           ^^^^^^^^^^^^^^^^^^^^^^^^^^^^^^^^^^^^^^
  File "D:\testplatformservice\testplatform\venv\Lib\site-packages\channels\routing.py", line 118, in __call__
    return await application(
           ^^^^^^^^^^^^^^^^^^
  File "D:\testplatformservice\testplatform\venv\Lib\site-packages\channels\consumer.py", line 95, in app
    return await consumer(scope, receive, send)
           ^^^^^^^^^^^^^^^^^^^^^^^^^^^^^^^^^^^^
  File "D:\testplatformservice\testplatform\venv\Lib\site-packages\channels\consumer.py", line 58, in __call__
    await await_many_dispatch(
  File "D:\testplatformservice\testplatform\venv\Lib\site-packages\channels\utils.py", line 57, in await_many_dispatch
    await task
redis.exceptions.ResponseError: unknown command 'BZPOPMIN'
[2026-07-06 10:58:38] ERROR [daphne.server:303] Exception inside application: unknown command 'BZPOPMIN'
Traceback (most recent call last):
  File "D:\testplatformservice\testplatform\venv\Lib\site-packages\channels\routing.py", line 48, in __call__
    return await application(scope, receive, send)
           ^^^^^^^^^^^^^^^^^^^^^^^^^^^^^^^^^^^^^^^
  File "D:\testplatformservice\testplatform\commons\ws\auth.py", line 28, in __call__
    return await super().__call__(scope, receive, send)
           ^^^^^^^^^^^^^^^^^^^^^^^^^^^^^^^^^^^^^^^^^^^^
  File "D:\testplatformservice\testplatform\venv\Lib\site-packages\channels\middleware.py", line 24, in __call__
    return await self.inner(scope, receive, send)
           ^^^^^^^^^^^^^^^^^^^^^^^^^^^^^^^^^^^^^^
  File "D:\testplatformservice\testplatform\venv\Lib\site-packages\channels\routing.py", line 118, in __call__
    return await application(
           ^^^^^^^^^^^^^^^^^^
  File "D:\testplatformservice\testplatform\venv\Lib\site-packages\channels\consumer.py", line 95, in app
    return await consumer(scope, receive, send)
           ^^^^^^^^^^^^^^^^^^^^^^^^^^^^^^^^^^^^
  File "D:\testplatformservice\testplatform\venv\Lib\site-packages\channels\consumer.py", line 58, in __call__
    await await_many_dispatch(
  File "D:\testplatformservice\testplatform\venv\Lib\site-packages\channels\utils.py", line 57, in await_many_dispatch
    await task
redis.exceptions.ResponseError: unknown command 'BZPOPMIN'
[2026-07-06 10:58:42] ERROR [daphne.server:303] Exception inside application: unknown command 'BZPOPMIN'
Traceback (most recent call last):
  File "D:\testplatformservice\testplatform\venv\Lib\site-packages\channels\routing.py", line 48, in __call__
    return await application(scope, receive, send)
           ^^^^^^^^^^^^^^^^^^^^^^^^^^^^^^^^^^^^^^^
  File "D:\testplatformservice\testplatform\commons\ws\auth.py", line 28, in __call__
    return await super().__call__(scope, receive, send)
           ^^^^^^^^^^^^^^^^^^^^^^^^^^^^^^^^^^^^^^^^^^^^
  File "D:\testplatformservice\testplatform\venv\Lib\site-packages\channels\middleware.py", line 24, in __call__
    return await self.inner(scope, receive, send)
           ^^^^^^^^^^^^^^^^^^^^^^^^^^^^^^^^^^^^^^
  File "D:\testplatformservice\testplatform\venv\Lib\site-packages\channels\routing.py", line 118, in __call__
    return await application(
           ^^^^^^^^^^^^^^^^^^
  File "D:\testplatformservice\testplatform\venv\Lib\site-packages\channels\consumer.py", line 95, in app
    return await consumer(scope, receive, send)
           ^^^^^^^^^^^^^^^^^^^^^^^^^^^^^^^^^^^^
  File "D:\testplatformservice\testplatform\venv\Lib\site-packages\channels\consumer.py", line 58, in __call__
    await await_many_dispatch(
  File "D:\testplatformservice\testplatform\venv\Lib\site-packages\channels\utils.py", line 57, in await_many_dispatch
    await task
redis.exceptions.ResponseError: unknown command 'BZPOPMIN'
[2026-07-06 10:58:46] ERROR [daphne.server:303] Exception inside application: unknown command 'BZPOPMIN'
Traceback (most recent call last):
  File "D:\testplatformservice\testplatform\venv\Lib\site-packages\channels\routing.py", line 48, in __call__
    return await application(scope, receive, send)
           ^^^^^^^^^^^^^^^^^^^^^^^^^^^^^^^^^^^^^^^
  File "D:\testplatformservice\testplatform\commons\ws\auth.py", line 28, in __call__
    return await super().__call__(scope, receive, send)
           ^^^^^^^^^^^^^^^^^^^^^^^^^^^^^^^^^^^^^^^^^^^^
  File "D:\testplatformservice\testplatform\venv\Lib\site-packages\channels\middleware.py", line 24, in __call__
    return await self.inner(scope, receive, send)
           ^^^^^^^^^^^^^^^^^^^^^^^^^^^^^^^^^^^^^^
  File "D:\testplatformservice\testplatform\venv\Lib\site-packages\channels\routing.py", line 118, in __call__
    return await application(
           ^^^^^^^^^^^^^^^^^^
  File "D:\testplatformservice\testplatform\venv\Lib\site-packages\channels\consumer.py", line 95, in app
    return await consumer(scope, receive, send)
           ^^^^^^^^^^^^^^^^^^^^^^^^^^^^^^^^^^^^
  File "D:\testplatformservice\testplatform\venv\Lib\site-packages\channels\consumer.py", line 58, in __call__
    await await_many_dispatch(
  File "D:\testplatformservice\testplatform\venv\Lib\site-packages\channels\utils.py", line 57, in await_many_dispatch
    await task
redis.exceptions.ResponseError: unknown command 'BZPOPMIN'
[2026-07-06 10:58:50] ERROR [daphne.server:303] Exception inside application: unknown command 'BZPOPMIN'
Traceback (most recent call last):
  File "D:\testplatformservice\testplatform\venv\Lib\site-packages\channels\routing.py", line 48, in __call__
    return await application(scope, receive, send)
           ^^^^^^^^^^^^^^^^^^^^^^^^^^^^^^^^^^^^^^^
  File "D:\testplatformservice\testplatform\commons\ws\auth.py", line 28, in __call__
    return await super().__call__(scope, receive, send)
           ^^^^^^^^^^^^^^^^^^^^^^^^^^^^^^^^^^^^^^^^^^^^
  File "D:\testplatformservice\testplatform\venv\Lib\site-packages\channels\middleware.py", line 24, in __call__
    return await self.inner(scope, receive, send)
           ^^^^^^^^^^^^^^^^^^^^^^^^^^^^^^^^^^^^^^
  File "D:\testplatformservice\testplatform\venv\Lib\site-packages\channels\routing.py", line 118, in __call__
    return await application(
           ^^^^^^^^^^^^^^^^^^
  File "D:\testplatformservice\testplatform\venv\Lib\site-packages\channels\consumer.py", line 95, in app
    return await consumer(scope, receive, send)
           ^^^^^^^^^^^^^^^^^^^^^^^^^^^^^^^^^^^^
  File "D:\testplatformservice\testplatform\venv\Lib\site-packages\channels\consumer.py", line 58, in __call__
    await await_many_dispatch(
  File "D:\testplatformservice\testplatform\venv\Lib\site-packages\channels\utils.py", line 57, in await_many_dispatch
    await task
redis.exceptions.ResponseError: unknown command 'BZPOPMIN'
[2026-07-06 10:58:54] ERROR [daphne.server:303] Exception inside application: unknown command 'BZPOPMIN'
Traceback (most recent call last):
  File "D:\testplatformservice\testplatform\venv\Lib\site-packages\channels\routing.py", line 48, in __call__
    return await application(scope, receive, send)
           ^^^^^^^^^^^^^^^^^^^^^^^^^^^^^^^^^^^^^^^
  File "D:\testplatformservice\testplatform\commons\ws\auth.py", line 28, in __call__
    return await super().__call__(scope, receive, send)
           ^^^^^^^^^^^^^^^^^^^^^^^^^^^^^^^^^^^^^^^^^^^^
  File "D:\testplatformservice\testplatform\venv\Lib\site-packages\channels\middleware.py", line 24, in __call__
    return await self.inner(scope, receive, send)
           ^^^^^^^^^^^^^^^^^^^^^^^^^^^^^^^^^^^^^^
  File "D:\testplatformservice\testplatform\venv\Lib\site-packages\channels\routing.py", line 118, in __call__
    return await application(
           ^^^^^^^^^^^^^^^^^^
  File "D:\testplatformservice\testplatform\venv\Lib\site-packages\channels\consumer.py", line 95, in app
    return await consumer(scope, receive, send)
           ^^^^^^^^^^^^^^^^^^^^^^^^^^^^^^^^^^^^
  File "D:\testplatformservice\testplatform\venv\Lib\site-packages\channels\consumer.py", line 58, in __call__
    await await_many_dispatch(
  File "D:\testplatformservice\testplatform\venv\Lib\site-packages\channels\utils.py", line 57, in await_many_dispatch
    await task
redis.exceptions.ResponseError: unknown command 'BZPOPMIN'
[2026-07-06 10:58:58] ERROR [daphne.server:303] Exception inside application: unknown command 'BZPOPMIN'
Traceback (most recent call last):
  File "D:\testplatformservice\testplatform\venv\Lib\site-packages\channels\routing.py", line 48, in __call__
    return await application(scope, receive, send)
           ^^^^^^^^^^^^^^^^^^^^^^^^^^^^^^^^^^^^^^^
  File "D:\testplatformservice\testplatform\commons\ws\auth.py", line 28, in __call__
    return await super().__call__(scope, receive, send)
           ^^^^^^^^^^^^^^^^^^^^^^^^^^^^^^^^^^^^^^^^^^^^
  File "D:\testplatformservice\testplatform\venv\Lib\site-packages\channels\middleware.py", line 24, in __call__
    return await self.inner(scope, receive, send)
           ^^^^^^^^^^^^^^^^^^^^^^^^^^^^^^^^^^^^^^
  File "D:\testplatformservice\testplatform\venv\Lib\site-packages\channels\routing.py", line 118, in __call__
    return await application(
           ^^^^^^^^^^^^^^^^^^
  File "D:\testplatformservice\testplatform\venv\Lib\site-packages\channels\consumer.py", line 95, in app
    return await consumer(scope, receive, send)
           ^^^^^^^^^^^^^^^^^^^^^^^^^^^^^^^^^^^^
  File "D:\testplatformservice\testplatform\venv\Lib\site-packages\channels\consumer.py", line 58, in __call__
    await await_many_dispatch(
  File "D:\testplatformservice\testplatform\venv\Lib\site-packages\channels\utils.py", line 57, in await_many_dispatch
    await task
redis.exceptions.ResponseError: unknown command 'BZPOPMIN'
[2026-07-06 10:59:02] ERROR [daphne.server:303] Exception inside application: unknown command 'BZPOPMIN'
Traceback (most recent call last):
  File "D:\testplatformservice\testplatform\venv\Lib\site-packages\channels\routing.py", line 48, in __call__
    return await application(scope, receive, send)
           ^^^^^^^^^^^^^^^^^^^^^^^^^^^^^^^^^^^^^^^
  File "D:\testplatformservice\testplatform\commons\ws\auth.py", line 28, in __call__
    return await super().__call__(scope, receive, send)
           ^^^^^^^^^^^^^^^^^^^^^^^^^^^^^^^^^^^^^^^^^^^^
  File "D:\testplatformservice\testplatform\venv\Lib\site-packages\channels\middleware.py", line 24, in __call__
    return await self.inner(scope, receive, send)
           ^^^^^^^^^^^^^^^^^^^^^^^^^^^^^^^^^^^^^^
  File "D:\testplatformservice\testplatform\venv\Lib\site-packages\channels\routing.py", line 118, in __call__
    return await application(
           ^^^^^^^^^^^^^^^^^^
  File "D:\testplatformservice\testplatform\venv\Lib\site-packages\channels\consumer.py", line 95, in app
    return await consumer(scope, receive, send)
           ^^^^^^^^^^^^^^^^^^^^^^^^^^^^^^^^^^^^
  File "D:\testplatformservice\testplatform\venv\Lib\site-packages\channels\consumer.py", line 58, in __call__
    await await_many_dispatch(
  File "D:\testplatformservice\testplatform\venv\Lib\site-packages\channels\utils.py", line 57, in await_many_dispatch
    await task
redis.exceptions.ResponseError: unknown command 'BZPOPMIN'
[2026-07-06 10:59:07] ERROR [daphne.server:303] Exception inside application: unknown command 'BZPOPMIN'
Traceback (most recent call last):
  File "D:\testplatformservice\testplatform\venv\Lib\site-packages\channels\routing.py", line 48, in __call__
    return await application(scope, receive, send)
           ^^^^^^^^^^^^^^^^^^^^^^^^^^^^^^^^^^^^^^^
  File "D:\testplatformservice\testplatform\commons\ws\auth.py", line 28, in __call__
    return await super().__call__(scope, receive, send)
           ^^^^^^^^^^^^^^^^^^^^^^^^^^^^^^^^^^^^^^^^^^^^
  File "D:\testplatformservice\testplatform\venv\Lib\site-packages\channels\middleware.py", line 24, in __call__
    return await self.inner(scope, receive, send)
           ^^^^^^^^^^^^^^^^^^^^^^^^^^^^^^^^^^^^^^
  File "D:\testplatformservice\testplatform\venv\Lib\site-packages\channels\routing.py", line 118, in __call__
    return await application(
           ^^^^^^^^^^^^^^^^^^
  File "D:\testplatformservice\testplatform\venv\Lib\site-packages\channels\consumer.py", line 95, in app
    return await consumer(scope, receive, send)
           ^^^^^^^^^^^^^^^^^^^^^^^^^^^^^^^^^^^^
  File "D:\testplatformservice\testplatform\venv\Lib\site-packages\channels\consumer.py", line 58, in __call__
    await await_many_dispatch(
  File "D:\testplatformservice\testplatform\venv\Lib\site-packages\channels\utils.py", line 57, in await_many_dispatch
    await task
redis.exceptions.ResponseError: unknown command 'BZPOPMIN'
[2026-07-06 10:59:11] ERROR [daphne.server:303] Exception inside application: unknown command 'BZPOPMIN'
Traceback (most recent call last):
  File "D:\testplatformservice\testplatform\venv\Lib\site-packages\channels\routing.py", line 48, in __call__
    return await application(scope, receive, send)
           ^^^^^^^^^^^^^^^^^^^^^^^^^^^^^^^^^^^^^^^
  File "D:\testplatformservice\testplatform\commons\ws\auth.py", line 28, in __call__
    return await super().__call__(scope, receive, send)
           ^^^^^^^^^^^^^^^^^^^^^^^^^^^^^^^^^^^^^^^^^^^^
  File "D:\testplatformservice\testplatform\venv\Lib\site-packages\channels\middleware.py", line 24, in __call__
    return await self.inner(scope, receive, send)
           ^^^^^^^^^^^^^^^^^^^^^^^^^^^^^^^^^^^^^^
  File "D:\testplatformservice\testplatform\venv\Lib\site-packages\channels\routing.py", line 118, in __call__
    return await application(
           ^^^^^^^^^^^^^^^^^^
  File "D:\testplatformservice\testplatform\venv\Lib\site-packages\channels\consumer.py", line 95, in app
    return await consumer(scope, receive, send)
           ^^^^^^^^^^^^^^^^^^^^^^^^^^^^^^^^^^^^
  File "D:\testplatformservice\testplatform\venv\Lib\site-packages\channels\consumer.py", line 58, in __call__
    await await_many_dispatch(
  File "D:\testplatformservice\testplatform\venv\Lib\site-packages\channels\utils.py", line 57, in await_many_dispatch
    await task
redis.exceptions.ResponseError: unknown command 'BZPOPMIN'
[2026-07-06 10:59:15] ERROR [daphne.server:303] Exception inside application: unknown command 'BZPOPMIN'
Traceback (most recent call last):
  File "D:\testplatformservice\testplatform\venv\Lib\site-packages\channels\routing.py", line 48, in __call__
    return await application(scope, receive, send)
           ^^^^^^^^^^^^^^^^^^^^^^^^^^^^^^^^^^^^^^^
  File "D:\testplatformservice\testplatform\commons\ws\auth.py", line 28, in __call__
    return await super().__call__(scope, receive, send)
           ^^^^^^^^^^^^^^^^^^^^^^^^^^^^^^^^^^^^^^^^^^^^
  File "D:\testplatformservice\testplatform\venv\Lib\site-packages\channels\middleware.py", line 24, in __call__
    return await self.inner(scope, receive, send)
           ^^^^^^^^^^^^^^^^^^^^^^^^^^^^^^^^^^^^^^
  File "D:\testplatformservice\testplatform\venv\Lib\site-packages\channels\routing.py", line 118, in __call__
    return await application(
           ^^^^^^^^^^^^^^^^^^
  File "D:\testplatformservice\testplatform\venv\Lib\site-packages\channels\consumer.py", line 95, in app
    return await consumer(scope, receive, send)
           ^^^^^^^^^^^^^^^^^^^^^^^^^^^^^^^^^^^^
  File "D:\testplatformservice\testplatform\venv\Lib\site-packages\channels\consumer.py", line 58, in __call__
    await await_many_dispatch(
  File "D:\testplatformservice\testplatform\venv\Lib\site-packages\channels\utils.py", line 57, in await_many_dispatch
    await task
redis.exceptions.ResponseError: unknown command 'BZPOPMIN'
[2026-07-06 10:59:19] ERROR [daphne.server:303] Exception inside application: unknown command 'BZPOPMIN'
Traceback (most recent call last):
  File "D:\testplatformservice\testplatform\venv\Lib\site-packages\channels\routing.py", line 48, in __call__
    return await application(scope, receive, send)
           ^^^^^^^^^^^^^^^^^^^^^^^^^^^^^^^^^^^^^^^
  File "D:\testplatformservice\testplatform\commons\ws\auth.py", line 28, in __call__
    return await super().__call__(scope, receive, send)
           ^^^^^^^^^^^^^^^^^^^^^^^^^^^^^^^^^^^^^^^^^^^^
  File "D:\testplatformservice\testplatform\venv\Lib\site-packages\channels\middleware.py", line 24, in __call__
    return await self.inner(scope, receive, send)
           ^^^^^^^^^^^^^^^^^^^^^^^^^^^^^^^^^^^^^^
  File "D:\testplatformservice\testplatform\venv\Lib\site-packages\channels\routing.py", line 118, in __call__
    return await application(
           ^^^^^^^^^^^^^^^^^^
  File "D:\testplatformservice\testplatform\venv\Lib\site-packages\channels\consumer.py", line 95, in app
    return await consumer(scope, receive, send)
           ^^^^^^^^^^^^^^^^^^^^^^^^^^^^^^^^^^^^
  File "D:\testplatformservice\testplatform\venv\Lib\site-packages\channels\consumer.py", line 58, in __call__
    await await_many_dispatch(
  File "D:\testplatformservice\testplatform\venv\Lib\site-packages\channels\utils.py", line 57, in await_many_dispatch
    await task
redis.exceptions.ResponseError: unknown command 'BZPOPMIN'
[2026-07-06 10:59:23] ERROR [daphne.server:303] Exception inside application: unknown command 'BZPOPMIN'
Traceback (most recent call last):
  File "D:\testplatformservice\testplatform\venv\Lib\site-packages\channels\routing.py", line 48, in __call__
    return await application(scope, receive, send)
           ^^^^^^^^^^^^^^^^^^^^^^^^^^^^^^^^^^^^^^^
  File "D:\testplatformservice\testplatform\commons\ws\auth.py", line 28, in __call__
    return await super().__call__(scope, receive, send)
           ^^^^^^^^^^^^^^^^^^^^^^^^^^^^^^^^^^^^^^^^^^^^
  File "D:\testplatformservice\testplatform\venv\Lib\site-packages\channels\middleware.py", line 24, in __call__
    return await self.inner(scope, receive, send)
           ^^^^^^^^^^^^^^^^^^^^^^^^^^^^^^^^^^^^^^
  File "D:\testplatformservice\testplatform\venv\Lib\site-packages\channels\routing.py", line 118, in __call__
    return await application(
           ^^^^^^^^^^^^^^^^^^
  File "D:\testplatformservice\testplatform\venv\Lib\site-packages\channels\consumer.py", line 95, in app
    return await consumer(scope, receive, send)
           ^^^^^^^^^^^^^^^^^^^^^^^^^^^^^^^^^^^^
  File "D:\testplatformservice\testplatform\venv\Lib\site-packages\channels\consumer.py", line 58, in __call__
    await await_many_dispatch(
  File "D:\testplatformservice\testplatform\venv\Lib\site-packages\channels\utils.py", line 57, in await_many_dispatch
    await task
redis.exceptions.ResponseError: unknown command 'BZPOPMIN'
[2026-07-06 10:59:27] ERROR [daphne.server:303] Exception inside application: unknown command 'BZPOPMIN'
Traceback (most recent call last):
  File "D:\testplatformservice\testplatform\venv\Lib\site-packages\channels\routing.py", line 48, in __call__
    return await application(scope, receive, send)
           ^^^^^^^^^^^^^^^^^^^^^^^^^^^^^^^^^^^^^^^
  File "D:\testplatformservice\testplatform\commons\ws\auth.py", line 28, in __call__
    return await super().__call__(scope, receive, send)
           ^^^^^^^^^^^^^^^^^^^^^^^^^^^^^^^^^^^^^^^^^^^^
  File "D:\testplatformservice\testplatform\venv\Lib\site-packages\channels\middleware.py", line 24, in __call__
    return await self.inner(scope, receive, send)
           ^^^^^^^^^^^^^^^^^^^^^^^^^^^^^^^^^^^^^^
  File "D:\testplatformservice\testplatform\venv\Lib\site-packages\channels\routing.py", line 118, in __call__
    return await application(
           ^^^^^^^^^^^^^^^^^^
  File "D:\testplatformservice\testplatform\venv\Lib\site-packages\channels\consumer.py", line 95, in app
    return await consumer(scope, receive, send)
           ^^^^^^^^^^^^^^^^^^^^^^^^^^^^^^^^^^^^
  File "D:\testplatformservice\testplatform\venv\Lib\site-packages\channels\consumer.py", line 58, in __call__
    await await_many_dispatch(
  File "D:\testplatformservice\testplatform\venv\Lib\site-packages\channels\utils.py", line 57, in await_many_dispatch
    await task
redis.exceptions.ResponseError: unknown command 'BZPOPMIN'
[2026-07-06 10:59:31] ERROR [daphne.server:303] Exception inside application: unknown command 'BZPOPMIN'
Traceback (most recent call last):
  File "D:\testplatformservice\testplatform\venv\Lib\site-packages\channels\routing.py", line 48, in __call__
    return await application(scope, receive, send)
           ^^^^^^^^^^^^^^^^^^^^^^^^^^^^^^^^^^^^^^^
  File "D:\testplatformservice\testplatform\commons\ws\auth.py", line 28, in __call__
    return await super().__call__(scope, receive, send)
           ^^^^^^^^^^^^^^^^^^^^^^^^^^^^^^^^^^^^^^^^^^^^
  File "D:\testplatformservice\testplatform\venv\Lib\site-packages\channels\middleware.py", line 24, in __call__
    return await self.inner(scope, receive, send)
           ^^^^^^^^^^^^^^^^^^^^^^^^^^^^^^^^^^^^^^
  File "D:\testplatformservice\testplatform\venv\Lib\site-packages\channels\routing.py", line 118, in __call__
    return await application(
           ^^^^^^^^^^^^^^^^^^
  File "D:\testplatformservice\testplatform\venv\Lib\site-packages\channels\consumer.py", line 95, in app
    return await consumer(scope, receive, send)
           ^^^^^^^^^^^^^^^^^^^^^^^^^^^^^^^^^^^^
  File "D:\testplatformservice\testplatform\venv\Lib\site-packages\channels\consumer.py", line 58, in __call__
    await await_many_dispatch(
  File "D:\testplatformservice\testplatform\venv\Lib\site-packages\channels\utils.py", line 57, in await_many_dispatch
    await task
redis.exceptions.ResponseError: unknown command 'BZPOPMIN'
[2026-07-06 10:59:35] ERROR [daphne.server:303] Exception inside application: unknown command 'BZPOPMIN'
Traceback (most recent call last):
  File "D:\testplatformservice\testplatform\venv\Lib\site-packages\channels\routing.py", line 48, in __call__
    return await application(scope, receive, send)
           ^^^^^^^^^^^^^^^^^^^^^^^^^^^^^^^^^^^^^^^
  File "D:\testplatformservice\testplatform\commons\ws\auth.py", line 28, in __call__
    return await super().__call__(scope, receive, send)
           ^^^^^^^^^^^^^^^^^^^^^^^^^^^^^^^^^^^^^^^^^^^^
  File "D:\testplatformservice\testplatform\venv\Lib\site-packages\channels\middleware.py", line 24, in __call__
    return await self.inner(scope, receive, send)
           ^^^^^^^^^^^^^^^^^^^^^^^^^^^^^^^^^^^^^^
  File "D:\testplatformservice\testplatform\venv\Lib\site-packages\channels\routing.py", line 118, in __call__
    return await application(
           ^^^^^^^^^^^^^^^^^^
  File "D:\testplatformservice\testplatform\venv\Lib\site-packages\channels\consumer.py", line 95, in app
    return await consumer(scope, receive, send)
           ^^^^^^^^^^^^^^^^^^^^^^^^^^^^^^^^^^^^
  File "D:\testplatformservice\testplatform\venv\Lib\site-packages\channels\consumer.py", line 58, in __call__
    await await_many_dispatch(
  File "D:\testplatformservice\testplatform\venv\Lib\site-packages\channels\utils.py", line 57, in await_many_dispatch
    await task
redis.exceptions.ResponseError: unknown command 'BZPOPMIN'
[2026-07-06 10:59:39] ERROR [daphne.server:303] Exception inside application: unknown command 'BZPOPMIN'
Traceback (most recent call last):
  File "D:\testplatformservice\testplatform\venv\Lib\site-packages\channels\routing.py", line 48, in __call__
    return await application(scope, receive, send)
           ^^^^^^^^^^^^^^^^^^^^^^^^^^^^^^^^^^^^^^^
  File "D:\testplatformservice\testplatform\commons\ws\auth.py", line 28, in __call__
    return await super().__call__(scope, receive, send)
           ^^^^^^^^^^^^^^^^^^^^^^^^^^^^^^^^^^^^^^^^^^^^
  File "D:\testplatformservice\testplatform\venv\Lib\site-packages\channels\middleware.py", line 24, in __call__
    return await self.inner(scope, receive, send)
           ^^^^^^^^^^^^^^^^^^^^^^^^^^^^^^^^^^^^^^
  File "D:\testplatformservice\testplatform\venv\Lib\site-packages\channels\routing.py", line 118, in __call__
    return await application(
           ^^^^^^^^^^^^^^^^^^
  File "D:\testplatformservice\testplatform\venv\Lib\site-packages\channels\consumer.py", line 95, in app
    return await consumer(scope, receive, send)
           ^^^^^^^^^^^^^^^^^^^^^^^^^^^^^^^^^^^^
  File "D:\testplatformservice\testplatform\venv\Lib\site-packages\channels\consumer.py", line 58, in __call__
    await await_many_dispatch(
  File "D:\testplatformservice\testplatform\venv\Lib\site-packages\channels\utils.py", line 57, in await_many_dispatch
    await task
redis.exceptions.ResponseError: unknown command 'BZPOPMIN'
[2026-07-06 10:59:43] ERROR [daphne.server:303] Exception inside application: unknown command 'BZPOPMIN'
Traceback (most recent call last):
  File "D:\testplatformservice\testplatform\venv\Lib\site-packages\channels\routing.py", line 48, in __call__
    return await application(scope, receive, send)
           ^^^^^^^^^^^^^^^^^^^^^^^^^^^^^^^^^^^^^^^
  File "D:\testplatformservice\testplatform\commons\ws\auth.py", line 28, in __call__
    return await super().__call__(scope, receive, send)
           ^^^^^^^^^^^^^^^^^^^^^^^^^^^^^^^^^^^^^^^^^^^^
  File "D:\testplatformservice\testplatform\venv\Lib\site-packages\channels\middleware.py", line 24, in __call__
    return await self.inner(scope, receive, send)
           ^^^^^^^^^^^^^^^^^^^^^^^^^^^^^^^^^^^^^^
  File "D:\testplatformservice\testplatform\venv\Lib\site-packages\channels\routing.py", line 118, in __call__
    return await application(
           ^^^^^^^^^^^^^^^^^^
  File "D:\testplatformservice\testplatform\venv\Lib\site-packages\channels\consumer.py", line 95, in app
    return await consumer(scope, receive, send)
           ^^^^^^^^^^^^^^^^^^^^^^^^^^^^^^^^^^^^
  File "D:\testplatformservice\testplatform\venv\Lib\site-packages\channels\consumer.py", line 58, in __call__
    await await_many_dispatch(
  File "D:\testplatformservice\testplatform\venv\Lib\site-packages\channels\utils.py", line 57, in await_many_dispatch
    await task
redis.exceptions.ResponseError: unknown command 'BZPOPMIN'
[2026-07-06 10:59:47] ERROR [daphne.server:303] Exception inside application: unknown command 'BZPOPMIN'
Traceback (most recent call last):
  File "D:\testplatformservice\testplatform\venv\Lib\site-packages\channels\routing.py", line 48, in __call__
    return await application(scope, receive, send)
           ^^^^^^^^^^^^^^^^^^^^^^^^^^^^^^^^^^^^^^^
  File "D:\testplatformservice\testplatform\commons\ws\auth.py", line 28, in __call__
    return await super().__call__(scope, receive, send)
           ^^^^^^^^^^^^^^^^^^^^^^^^^^^^^^^^^^^^^^^^^^^^
  File "D:\testplatformservice\testplatform\venv\Lib\site-packages\channels\middleware.py", line 24, in __call__
    return await self.inner(scope, receive, send)
           ^^^^^^^^^^^^^^^^^^^^^^^^^^^^^^^^^^^^^^
  File "D:\testplatformservice\testplatform\venv\Lib\site-packages\channels\routing.py", line 118, in __call__
    return await application(
           ^^^^^^^^^^^^^^^^^^
  File "D:\testplatformservice\testplatform\venv\Lib\site-packages\channels\consumer.py", line 95, in app
    return await consumer(scope, receive, send)
           ^^^^^^^^^^^^^^^^^^^^^^^^^^^^^^^^^^^^
  File "D:\testplatformservice\testplatform\venv\Lib\site-packages\channels\consumer.py", line 58, in __call__
    await await_many_dispatch(
  File "D:\testplatformservice\testplatform\venv\Lib\site-packages\channels\utils.py", line 57, in await_many_dispatch
    await task
redis.exceptions.ResponseError: unknown command 'BZPOPMIN'
[2026-07-06 10:59:51] ERROR [daphne.server:303] Exception inside application: unknown command 'BZPOPMIN'
Traceback (most recent call last):
  File "D:\testplatformservice\testplatform\venv\Lib\site-packages\channels\routing.py", line 48, in __call__
    return await application(scope, receive, send)
           ^^^^^^^^^^^^^^^^^^^^^^^^^^^^^^^^^^^^^^^
  File "D:\testplatformservice\testplatform\commons\ws\auth.py", line 28, in __call__
    return await super().__call__(scope, receive, send)
           ^^^^^^^^^^^^^^^^^^^^^^^^^^^^^^^^^^^^^^^^^^^^
  File "D:\testplatformservice\testplatform\venv\Lib\site-packages\channels\middleware.py", line 24, in __call__
    return await self.inner(scope, receive, send)
           ^^^^^^^^^^^^^^^^^^^^^^^^^^^^^^^^^^^^^^
  File "D:\testplatformservice\testplatform\venv\Lib\site-packages\channels\routing.py", line 118, in __call__
    return await application(
           ^^^^^^^^^^^^^^^^^^
  File "D:\testplatformservice\testplatform\venv\Lib\site-packages\channels\consumer.py", line 95, in app
    return await consumer(scope, receive, send)
           ^^^^^^^^^^^^^^^^^^^^^^^^^^^^^^^^^^^^
  File "D:\testplatformservice\testplatform\venv\Lib\site-packages\channels\consumer.py", line 58, in __call__
    await await_many_dispatch(
  File "D:\testplatformservice\testplatform\venv\Lib\site-packages\channels\utils.py", line 57, in await_many_dispatch
    await task
redis.exceptions.ResponseError: unknown command 'BZPOPMIN'
[2026-07-06 10:59:55] ERROR [daphne.server:303] Exception inside application: unknown command 'BZPOPMIN'
Traceback (most recent call last):
  File "D:\testplatformservice\testplatform\venv\Lib\site-packages\channels\routing.py", line 48, in __call__
    return await application(scope, receive, send)
           ^^^^^^^^^^^^^^^^^^^^^^^^^^^^^^^^^^^^^^^
  File "D:\testplatformservice\testplatform\commons\ws\auth.py", line 28, in __call__
    return await super().__call__(scope, receive, send)
           ^^^^^^^^^^^^^^^^^^^^^^^^^^^^^^^^^^^^^^^^^^^^
  File "D:\testplatformservice\testplatform\venv\Lib\site-packages\channels\middleware.py", line 24, in __call__
    return await self.inner(scope, receive, send)
           ^^^^^^^^^^^^^^^^^^^^^^^^^^^^^^^^^^^^^^
  File "D:\testplatformservice\testplatform\venv\Lib\site-packages\channels\routing.py", line 118, in __call__
    return await application(
           ^^^^^^^^^^^^^^^^^^
  File "D:\testplatformservice\testplatform\venv\Lib\site-packages\channels\consumer.py", line 95, in app
    return await consumer(scope, receive, send)
           ^^^^^^^^^^^^^^^^^^^^^^^^^^^^^^^^^^^^
  File "D:\testplatformservice\testplatform\venv\Lib\site-packages\channels\consumer.py", line 58, in __call__
    await await_many_dispatch(
  File "D:\testplatformservice\testplatform\venv\Lib\site-packages\channels\utils.py", line 57, in await_many_dispatch
    await task
redis.exceptions.ResponseError: unknown command 'BZPOPMIN'
[2026-07-06 10:59:59] ERROR [daphne.server:303] Exception inside application: unknown command 'BZPOPMIN'
Traceback (most recent call last):
  File "D:\testplatformservice\testplatform\venv\Lib\site-packages\channels\routing.py", line 48, in __call__
    return await application(scope, receive, send)
           ^^^^^^^^^^^^^^^^^^^^^^^^^^^^^^^^^^^^^^^
  File "D:\testplatformservice\testplatform\commons\ws\auth.py", line 28, in __call__
    return await super().__call__(scope, receive, send)
           ^^^^^^^^^^^^^^^^^^^^^^^^^^^^^^^^^^^^^^^^^^^^
  File "D:\testplatformservice\testplatform\venv\Lib\site-packages\channels\middleware.py", line 24, in __call__
    return await self.inner(scope, receive, send)
           ^^^^^^^^^^^^^^^^^^^^^^^^^^^^^^^^^^^^^^
  File "D:\testplatformservice\testplatform\venv\Lib\site-packages\channels\routing.py", line 118, in __call__
    return await application(
           ^^^^^^^^^^^^^^^^^^
  File "D:\testplatformservice\testplatform\venv\Lib\site-packages\channels\consumer.py", line 95, in app
    return await consumer(scope, receive, send)
           ^^^^^^^^^^^^^^^^^^^^^^^^^^^^^^^^^^^^
  File "D:\testplatformservice\testplatform\venv\Lib\site-packages\channels\consumer.py", line 58, in __call__
    await await_many_dispatch(
  File "D:\testplatformservice\testplatform\venv\Lib\site-packages\channels\utils.py", line 57, in await_many_dispatch
    await task
redis.exceptions.ResponseError: unknown command 'BZPOPMIN'
[2026-07-06 11:00:03] ERROR [daphne.server:303] Exception inside application: unknown command 'BZPOPMIN'
Traceback (most recent call last):
  File "D:\testplatformservice\testplatform\venv\Lib\site-packages\channels\routing.py", line 48, in __call__
    return await application(scope, receive, send)
           ^^^^^^^^^^^^^^^^^^^^^^^^^^^^^^^^^^^^^^^
  File "D:\testplatformservice\testplatform\commons\ws\auth.py", line 28, in __call__
    return await super().__call__(scope, receive, send)
           ^^^^^^^^^^^^^^^^^^^^^^^^^^^^^^^^^^^^^^^^^^^^
  File "D:\testplatformservice\testplatform\venv\Lib\site-packages\channels\middleware.py", line 24, in __call__
    return await self.inner(scope, receive, send)
           ^^^^^^^^^^^^^^^^^^^^^^^^^^^^^^^^^^^^^^
  File "D:\testplatformservice\testplatform\venv\Lib\site-packages\channels\routing.py", line 118, in __call__
    return await application(
           ^^^^^^^^^^^^^^^^^^
  File "D:\testplatformservice\testplatform\venv\Lib\site-packages\channels\consumer.py", line 95, in app
    return await consumer(scope, receive, send)
           ^^^^^^^^^^^^^^^^^^^^^^^^^^^^^^^^^^^^
  File "D:\testplatformservice\testplatform\venv\Lib\site-packages\channels\consumer.py", line 58, in __call__
    await await_many_dispatch(
  File "D:\testplatformservice\testplatform\venv\Lib\site-packages\channels\utils.py", line 57, in await_many_dispatch
    await task
redis.exceptions.ResponseError: unknown command 'BZPOPMIN'
[2026-07-06 11:00:07] ERROR [daphne.server:303] Exception inside application: unknown command 'BZPOPMIN'
Traceback (most recent call last):
  File "D:\testplatformservice\testplatform\venv\Lib\site-packages\channels\routing.py", line 48, in __call__
    return await application(scope, receive, send)
           ^^^^^^^^^^^^^^^^^^^^^^^^^^^^^^^^^^^^^^^
  File "D:\testplatformservice\testplatform\commons\ws\auth.py", line 28, in __call__
    return await super().__call__(scope, receive, send)
           ^^^^^^^^^^^^^^^^^^^^^^^^^^^^^^^^^^^^^^^^^^^^
  File "D:\testplatformservice\testplatform\venv\Lib\site-packages\channels\middleware.py", line 24, in __call__
    return await self.inner(scope, receive, send)
           ^^^^^^^^^^^^^^^^^^^^^^^^^^^^^^^^^^^^^^
  File "D:\testplatformservice\testplatform\venv\Lib\site-packages\channels\routing.py", line 118, in __call__
    return await application(
           ^^^^^^^^^^^^^^^^^^
  File "D:\testplatformservice\testplatform\venv\Lib\site-packages\channels\consumer.py", line 95, in app
    return await consumer(scope, receive, send)
           ^^^^^^^^^^^^^^^^^^^^^^^^^^^^^^^^^^^^
  File "D:\testplatformservice\testplatform\venv\Lib\site-packages\channels\consumer.py", line 58, in __call__
    await await_many_dispatch(
  File "D:\testplatformservice\testplatform\venv\Lib\site-packages\channels\utils.py", line 57, in await_many_dispatch
    await task
redis.exceptions.ResponseError: unknown command 'BZPOPMIN'
[2026-07-06 11:00:11] ERROR [daphne.server:303] Exception inside application: unknown command 'BZPOPMIN'
Traceback (most recent call last):
  File "D:\testplatformservice\testplatform\venv\Lib\site-packages\channels\routing.py", line 48, in __call__
    return await application(scope, receive, send)
           ^^^^^^^^^^^^^^^^^^^^^^^^^^^^^^^^^^^^^^^
  File "D:\testplatformservice\testplatform\commons\ws\auth.py", line 28, in __call__
    return await super().__call__(scope, receive, send)
           ^^^^^^^^^^^^^^^^^^^^^^^^^^^^^^^^^^^^^^^^^^^^
  File "D:\testplatformservice\testplatform\venv\Lib\site-packages\channels\middleware.py", line 24, in __call__
    return await self.inner(scope, receive, send)
           ^^^^^^^^^^^^^^^^^^^^^^^^^^^^^^^^^^^^^^
  File "D:\testplatformservice\testplatform\venv\Lib\site-packages\channels\routing.py", line 118, in __call__
    return await application(
           ^^^^^^^^^^^^^^^^^^
  File "D:\testplatformservice\testplatform\venv\Lib\site-packages\channels\consumer.py", line 95, in app
    return await consumer(scope, receive, send)
           ^^^^^^^^^^^^^^^^^^^^^^^^^^^^^^^^^^^^
  File "D:\testplatformservice\testplatform\venv\Lib\site-packages\channels\consumer.py", line 58, in __call__
    await await_many_dispatch(
  File "D:\testplatformservice\testplatform\venv\Lib\site-packages\channels\utils.py", line 57, in await_many_dispatch
    await task
redis.exceptions.ResponseError: unknown command 'BZPOPMIN'
[2026-07-06 11:00:15] ERROR [daphne.server:303] Exception inside application: unknown command 'BZPOPMIN'
Traceback (most recent call last):
  File "D:\testplatformservice\testplatform\venv\Lib\site-packages\channels\routing.py", line 48, in __call__
    return await application(scope, receive, send)
           ^^^^^^^^^^^^^^^^^^^^^^^^^^^^^^^^^^^^^^^
  File "D:\testplatformservice\testplatform\commons\ws\auth.py", line 28, in __call__
    return await super().__call__(scope, receive, send)
           ^^^^^^^^^^^^^^^^^^^^^^^^^^^^^^^^^^^^^^^^^^^^
  File "D:\testplatformservice\testplatform\venv\Lib\site-packages\channels\middleware.py", line 24, in __call__
    return await self.inner(scope, receive, send)
           ^^^^^^^^^^^^^^^^^^^^^^^^^^^^^^^^^^^^^^
  File "D:\testplatformservice\testplatform\venv\Lib\site-packages\channels\routing.py", line 118, in __call__
    return await application(
           ^^^^^^^^^^^^^^^^^^
  File "D:\testplatformservice\testplatform\venv\Lib\site-packages\channels\consumer.py", line 95, in app
    return await consumer(scope, receive, send)
           ^^^^^^^^^^^^^^^^^^^^^^^^^^^^^^^^^^^^
  File "D:\testplatformservice\testplatform\venv\Lib\site-packages\channels\consumer.py", line 58, in __call__
    await await_many_dispatch(
  File "D:\testplatformservice\testplatform\venv\Lib\site-packages\channels\utils.py", line 57, in await_many_dispatch
    await task
redis.exceptions.ResponseError: unknown command 'BZPOPMIN'
[2026-07-06 11:00:19] ERROR [daphne.server:303] Exception inside application: unknown command 'BZPOPMIN'
Traceback (most recent call last):
  File "D:\testplatformservice\testplatform\venv\Lib\site-packages\channels\routing.py", line 48, in __call__
    return await application(scope, receive, send)
           ^^^^^^^^^^^^^^^^^^^^^^^^^^^^^^^^^^^^^^^
  File "D:\testplatformservice\testplatform\commons\ws\auth.py", line 28, in __call__
    return await super().__call__(scope, receive, send)
           ^^^^^^^^^^^^^^^^^^^^^^^^^^^^^^^^^^^^^^^^^^^^
  File "D:\testplatformservice\testplatform\venv\Lib\site-packages\channels\middleware.py", line 24, in __call__
    return await self.inner(scope, receive, send)
           ^^^^^^^^^^^^^^^^^^^^^^^^^^^^^^^^^^^^^^
  File "D:\testplatformservice\testplatform\venv\Lib\site-packages\channels\routing.py", line 118, in __call__
    return await application(
           ^^^^^^^^^^^^^^^^^^
  File "D:\testplatformservice\testplatform\venv\Lib\site-packages\channels\consumer.py", line 95, in app
    return await consumer(scope, receive, send)
           ^^^^^^^^^^^^^^^^^^^^^^^^^^^^^^^^^^^^
  File "D:\testplatformservice\testplatform\venv\Lib\site-packages\channels\consumer.py", line 58, in __call__
    await await_many_dispatch(
  File "D:\testplatformservice\testplatform\venv\Lib\site-packages\channels\utils.py", line 57, in await_many_dispatch
    await task
redis.exceptions.ResponseError: unknown command 'BZPOPMIN'
[2026-07-06 11:00:23] ERROR [daphne.server:303] Exception inside application: unknown command 'BZPOPMIN'
Traceback (most recent call last):
  File "D:\testplatformservice\testplatform\venv\Lib\site-packages\channels\routing.py", line 48, in __call__
    return await application(scope, receive, send)
           ^^^^^^^^^^^^^^^^^^^^^^^^^^^^^^^^^^^^^^^
  File "D:\testplatformservice\testplatform\commons\ws\auth.py", line 28, in __call__
    return await super().__call__(scope, receive, send)
           ^^^^^^^^^^^^^^^^^^^^^^^^^^^^^^^^^^^^^^^^^^^^
  File "D:\testplatformservice\testplatform\venv\Lib\site-packages\channels\middleware.py", line 24, in __call__
    return await self.inner(scope, receive, send)
           ^^^^^^^^^^^^^^^^^^^^^^^^^^^^^^^^^^^^^^
  File "D:\testplatformservice\testplatform\venv\Lib\site-packages\channels\routing.py", line 118, in __call__
    return await application(
           ^^^^^^^^^^^^^^^^^^
  File "D:\testplatformservice\testplatform\venv\Lib\site-packages\channels\consumer.py", line 95, in app
    return await consumer(scope, receive, send)
           ^^^^^^^^^^^^^^^^^^^^^^^^^^^^^^^^^^^^
  File "D:\testplatformservice\testplatform\venv\Lib\site-packages\channels\consumer.py", line 58, in __call__
    await await_many_dispatch(
  File "D:\testplatformservice\testplatform\venv\Lib\site-packages\channels\utils.py", line 57, in await_many_dispatch
    await task
redis.exceptions.ResponseError: unknown command 'BZPOPMIN'
[2026-07-06 11:00:27] ERROR [daphne.server:303] Exception inside application: unknown command 'BZPOPMIN'
Traceback (most recent call last):
  File "D:\testplatformservice\testplatform\venv\Lib\site-packages\channels\routing.py", line 48, in __call__
    return await application(scope, receive, send)
           ^^^^^^^^^^^^^^^^^^^^^^^^^^^^^^^^^^^^^^^
  File "D:\testplatformservice\testplatform\commons\ws\auth.py", line 28, in __call__
    return await super().__call__(scope, receive, send)
           ^^^^^^^^^^^^^^^^^^^^^^^^^^^^^^^^^^^^^^^^^^^^
  File "D:\testplatformservice\testplatform\venv\Lib\site-packages\channels\middleware.py", line 24, in __call__
    return await self.inner(scope, receive, send)
           ^^^^^^^^^^^^^^^^^^^^^^^^^^^^^^^^^^^^^^
  File "D:\testplatformservice\testplatform\venv\Lib\site-packages\channels\routing.py", line 118, in __call__
    return await application(
           ^^^^^^^^^^^^^^^^^^
  File "D:\testplatformservice\testplatform\venv\Lib\site-packages\channels\consumer.py", line 95, in app
    return await consumer(scope, receive, send)
           ^^^^^^^^^^^^^^^^^^^^^^^^^^^^^^^^^^^^
  File "D:\testplatformservice\testplatform\venv\Lib\site-packages\channels\consumer.py", line 58, in __call__
    await await_many_dispatch(
  File "D:\testplatformservice\testplatform\venv\Lib\site-packages\channels\utils.py", line 57, in await_many_dispatch
    await task
redis.exceptions.ResponseError: unknown command 'BZPOPMIN'
[2026-07-06 11:00:31] ERROR [daphne.server:303] Exception inside application: unknown command 'BZPOPMIN'
Traceback (most recent call last):
  File "D:\testplatformservice\testplatform\venv\Lib\site-packages\channels\routing.py", line 48, in __call__
    return await application(scope, receive, send)
           ^^^^^^^^^^^^^^^^^^^^^^^^^^^^^^^^^^^^^^^
  File "D:\testplatformservice\testplatform\commons\ws\auth.py", line 28, in __call__
    return await super().__call__(scope, receive, send)
           ^^^^^^^^^^^^^^^^^^^^^^^^^^^^^^^^^^^^^^^^^^^^
  File "D:\testplatformservice\testplatform\venv\Lib\site-packages\channels\middleware.py", line 24, in __call__
    return await self.inner(scope, receive, send)
           ^^^^^^^^^^^^^^^^^^^^^^^^^^^^^^^^^^^^^^
  File "D:\testplatformservice\testplatform\venv\Lib\site-packages\channels\routing.py", line 118, in __call__
    return await application(
           ^^^^^^^^^^^^^^^^^^
  File "D:\testplatformservice\testplatform\venv\Lib\site-packages\channels\consumer.py", line 95, in app
    return await consumer(scope, receive, send)
           ^^^^^^^^^^^^^^^^^^^^^^^^^^^^^^^^^^^^
  File "D:\testplatformservice\testplatform\venv\Lib\site-packages\channels\consumer.py", line 58, in __call__
    await await_many_dispatch(
  File "D:\testplatformservice\testplatform\venv\Lib\site-packages\channels\utils.py", line 57, in await_many_dispatch
    await task
redis.exceptions.ResponseError: unknown command 'BZPOPMIN'
[2026-07-06 11:00:35] ERROR [daphne.server:303] Exception inside application: unknown command 'BZPOPMIN'
Traceback (most recent call last):
  File "D:\testplatformservice\testplatform\venv\Lib\site-packages\channels\routing.py", line 48, in __call__
    return await application(scope, receive, send)
           ^^^^^^^^^^^^^^^^^^^^^^^^^^^^^^^^^^^^^^^
  File "D:\testplatformservice\testplatform\commons\ws\auth.py", line 28, in __call__
    return await super().__call__(scope, receive, send)
           ^^^^^^^^^^^^^^^^^^^^^^^^^^^^^^^^^^^^^^^^^^^^
  File "D:\testplatformservice\testplatform\venv\Lib\site-packages\channels\middleware.py", line 24, in __call__
    return await self.inner(scope, receive, send)
           ^^^^^^^^^^^^^^^^^^^^^^^^^^^^^^^^^^^^^^
  File "D:\testplatformservice\testplatform\venv\Lib\site-packages\channels\routing.py", line 118, in __call__
    return await application(
           ^^^^^^^^^^^^^^^^^^
  File "D:\testplatformservice\testplatform\venv\Lib\site-packages\channels\consumer.py", line 95, in app
    return await consumer(scope, receive, send)
           ^^^^^^^^^^^^^^^^^^^^^^^^^^^^^^^^^^^^
  File "D:\testplatformservice\testplatform\venv\Lib\site-packages\channels\consumer.py", line 58, in __call__
    await await_many_dispatch(
  File "D:\testplatformservice\testplatform\venv\Lib\site-packages\channels\utils.py", line 57, in await_many_dispatch
    await task
redis.exceptions.ResponseError: unknown command 'BZPOPMIN'
[2026-07-06 11:00:39] ERROR [daphne.server:303] Exception inside application: unknown command 'BZPOPMIN'
Traceback (most recent call last):
  File "D:\testplatformservice\testplatform\venv\Lib\site-packages\channels\routing.py", line 48, in __call__
    return await application(scope, receive, send)
           ^^^^^^^^^^^^^^^^^^^^^^^^^^^^^^^^^^^^^^^
  File "D:\testplatformservice\testplatform\commons\ws\auth.py", line 28, in __call__
    return await super().__call__(scope, receive, send)
           ^^^^^^^^^^^^^^^^^^^^^^^^^^^^^^^^^^^^^^^^^^^^
  File "D:\testplatformservice\testplatform\venv\Lib\site-packages\channels\middleware.py", line 24, in __call__
    return await self.inner(scope, receive, send)
           ^^^^^^^^^^^^^^^^^^^^^^^^^^^^^^^^^^^^^^
  File "D:\testplatformservice\testplatform\venv\Lib\site-packages\channels\routing.py", line 118, in __call__
    return await application(
           ^^^^^^^^^^^^^^^^^^
  File "D:\testplatformservice\testplatform\venv\Lib\site-packages\channels\consumer.py", line 95, in app
    return await consumer(scope, receive, send)
           ^^^^^^^^^^^^^^^^^^^^^^^^^^^^^^^^^^^^
  File "D:\testplatformservice\testplatform\venv\Lib\site-packages\channels\consumer.py", line 58, in __call__
    await await_many_dispatch(
  File "D:\testplatformservice\testplatform\venv\Lib\site-packages\channels\utils.py", line 57, in await_many_dispatch
    await task
redis.exceptions.ResponseError: unknown command 'BZPOPMIN'
[2026-07-06 11:00:43] ERROR [daphne.server:303] Exception inside application: unknown command 'BZPOPMIN'
Traceback (most recent call last):
  File "D:\testplatformservice\testplatform\venv\Lib\site-packages\channels\routing.py", line 48, in __call__
    return await application(scope, receive, send)
           ^^^^^^^^^^^^^^^^^^^^^^^^^^^^^^^^^^^^^^^
  File "D:\testplatformservice\testplatform\commons\ws\auth.py", line 28, in __call__
    return await super().__call__(scope, receive, send)
           ^^^^^^^^^^^^^^^^^^^^^^^^^^^^^^^^^^^^^^^^^^^^
  File "D:\testplatformservice\testplatform\venv\Lib\site-packages\channels\middleware.py", line 24, in __call__
    return await self.inner(scope, receive, send)
           ^^^^^^^^^^^^^^^^^^^^^^^^^^^^^^^^^^^^^^
  File "D:\testplatformservice\testplatform\venv\Lib\site-packages\channels\routing.py", line 118, in __call__
    return await application(
           ^^^^^^^^^^^^^^^^^^
  File "D:\testplatformservice\testplatform\venv\Lib\site-packages\channels\consumer.py", line 95, in app
    return await consumer(scope, receive, send)
           ^^^^^^^^^^^^^^^^^^^^^^^^^^^^^^^^^^^^
  File "D:\testplatformservice\testplatform\venv\Lib\site-packages\channels\consumer.py", line 58, in __call__
    await await_many_dispatch(
  File "D:\testplatformservice\testplatform\venv\Lib\site-packages\channels\utils.py", line 57, in await_many_dispatch
    await task
redis.exceptions.ResponseError: unknown command 'BZPOPMIN'
[2026-07-06 11:00:47] ERROR [daphne.server:303] Exception inside application: unknown command 'BZPOPMIN'
Traceback (most recent call last):
  File "D:\testplatformservice\testplatform\venv\Lib\site-packages\channels\routing.py", line 48, in __call__
    return await application(scope, receive, send)
           ^^^^^^^^^^^^^^^^^^^^^^^^^^^^^^^^^^^^^^^
  File "D:\testplatformservice\testplatform\commons\ws\auth.py", line 28, in __call__
    return await super().__call__(scope, receive, send)
           ^^^^^^^^^^^^^^^^^^^^^^^^^^^^^^^^^^^^^^^^^^^^
  File "D:\testplatformservice\testplatform\venv\Lib\site-packages\channels\middleware.py", line 24, in __call__
    return await self.inner(scope, receive, send)
           ^^^^^^^^^^^^^^^^^^^^^^^^^^^^^^^^^^^^^^
  File "D:\testplatformservice\testplatform\venv\Lib\site-packages\channels\routing.py", line 118, in __call__
    return await application(
           ^^^^^^^^^^^^^^^^^^
  File "D:\testplatformservice\testplatform\venv\Lib\site-packages\channels\consumer.py", line 95, in app
    return await consumer(scope, receive, send)
           ^^^^^^^^^^^^^^^^^^^^^^^^^^^^^^^^^^^^
  File "D:\testplatformservice\testplatform\venv\Lib\site-packages\channels\consumer.py", line 58, in __call__
    await await_many_dispatch(
  File "D:\testplatformservice\testplatform\venv\Lib\site-packages\channels\utils.py", line 57, in await_many_dispatch
    await task
redis.exceptions.ResponseError: unknown command 'BZPOPMIN'
[2026-07-06 11:00:51] ERROR [daphne.server:303] Exception inside application: unknown command 'BZPOPMIN'
Traceback (most recent call last):
  File "D:\testplatformservice\testplatform\venv\Lib\site-packages\channels\routing.py", line 48, in __call__
    return await application(scope, receive, send)
           ^^^^^^^^^^^^^^^^^^^^^^^^^^^^^^^^^^^^^^^
  File "D:\testplatformservice\testplatform\commons\ws\auth.py", line 28, in __call__
    return await super().__call__(scope, receive, send)
           ^^^^^^^^^^^^^^^^^^^^^^^^^^^^^^^^^^^^^^^^^^^^
  File "D:\testplatformservice\testplatform\venv\Lib\site-packages\channels\middleware.py", line 24, in __call__
    return await self.inner(scope, receive, send)
           ^^^^^^^^^^^^^^^^^^^^^^^^^^^^^^^^^^^^^^
  File "D:\testplatformservice\testplatform\venv\Lib\site-packages\channels\routing.py", line 118, in __call__
    return await application(
           ^^^^^^^^^^^^^^^^^^
  File "D:\testplatformservice\testplatform\venv\Lib\site-packages\channels\consumer.py", line 95, in app
    return await consumer(scope, receive, send)
           ^^^^^^^^^^^^^^^^^^^^^^^^^^^^^^^^^^^^
  File "D:\testplatformservice\testplatform\venv\Lib\site-packages\channels\consumer.py", line 58, in __call__
    await await_many_dispatch(
  File "D:\testplatformservice\testplatform\venv\Lib\site-packages\channels\utils.py", line 57, in await_many_dispatch
    await task
redis.exceptions.ResponseError: unknown command 'BZPOPMIN'
[2026-07-06 11:00:55] ERROR [daphne.server:303] Exception inside application: unknown command 'BZPOPMIN'
Traceback (most recent call last):
  File "D:\testplatformservice\testplatform\venv\Lib\site-packages\channels\routing.py", line 48, in __call__
    return await application(scope, receive, send)
           ^^^^^^^^^^^^^^^^^^^^^^^^^^^^^^^^^^^^^^^
  File "D:\testplatformservice\testplatform\commons\ws\auth.py", line 28, in __call__
    return await super().__call__(scope, receive, send)
           ^^^^^^^^^^^^^^^^^^^^^^^^^^^^^^^^^^^^^^^^^^^^
  File "D:\testplatformservice\testplatform\venv\Lib\site-packages\channels\middleware.py", line 24, in __call__
    return await self.inner(scope, receive, send)
           ^^^^^^^^^^^^^^^^^^^^^^^^^^^^^^^^^^^^^^
  File "D:\testplatformservice\testplatform\venv\Lib\site-packages\channels\routing.py", line 118, in __call__
    return await application(
           ^^^^^^^^^^^^^^^^^^
  File "D:\testplatformservice\testplatform\venv\Lib\site-packages\channels\consumer.py", line 95, in app
    return await consumer(scope, receive, send)
           ^^^^^^^^^^^^^^^^^^^^^^^^^^^^^^^^^^^^
  File "D:\testplatformservice\testplatform\venv\Lib\site-packages\channels\consumer.py", line 58, in __call__
    await await_many_dispatch(
  File "D:\testplatformservice\testplatform\venv\Lib\site-packages\channels\utils.py", line 57, in await_many_dispatch
    await task
redis.exceptions.ResponseError: unknown command 'BZPOPMIN'
[2026-07-06 11:00:59] ERROR [daphne.server:303] Exception inside application: unknown command 'BZPOPMIN'
Traceback (most recent call last):
  File "D:\testplatformservice\testplatform\venv\Lib\site-packages\channels\routing.py", line 48, in __call__
    return await application(scope, receive, send)
           ^^^^^^^^^^^^^^^^^^^^^^^^^^^^^^^^^^^^^^^
  File "D:\testplatformservice\testplatform\commons\ws\auth.py", line 28, in __call__
    return await super().__call__(scope, receive, send)
           ^^^^^^^^^^^^^^^^^^^^^^^^^^^^^^^^^^^^^^^^^^^^
  File "D:\testplatformservice\testplatform\venv\Lib\site-packages\channels\middleware.py", line 24, in __call__
    return await self.inner(scope, receive, send)
           ^^^^^^^^^^^^^^^^^^^^^^^^^^^^^^^^^^^^^^
  File "D:\testplatformservice\testplatform\venv\Lib\site-packages\channels\routing.py", line 118, in __call__
    return await application(
           ^^^^^^^^^^^^^^^^^^
  File "D:\testplatformservice\testplatform\venv\Lib\site-packages\channels\consumer.py", line 95, in app
    return await consumer(scope, receive, send)
           ^^^^^^^^^^^^^^^^^^^^^^^^^^^^^^^^^^^^
  File "D:\testplatformservice\testplatform\venv\Lib\site-packages\channels\consumer.py", line 58, in __call__
    await await_many_dispatch(
  File "D:\testplatformservice\testplatform\venv\Lib\site-packages\channels\utils.py", line 57, in await_many_dispatch
    await task
redis.exceptions.ResponseError: unknown command 'BZPOPMIN'
[2026-07-06 11:01:03] ERROR [daphne.server:303] Exception inside application: unknown command 'BZPOPMIN'
Traceback (most recent call last):
  File "D:\testplatformservice\testplatform\venv\Lib\site-packages\channels\routing.py", line 48, in __call__
    return await application(scope, receive, send)
           ^^^^^^^^^^^^^^^^^^^^^^^^^^^^^^^^^^^^^^^
  File "D:\testplatformservice\testplatform\commons\ws\auth.py", line 28, in __call__
    return await super().__call__(scope, receive, send)
           ^^^^^^^^^^^^^^^^^^^^^^^^^^^^^^^^^^^^^^^^^^^^
  File "D:\testplatformservice\testplatform\venv\Lib\site-packages\channels\middleware.py", line 24, in __call__
    return await self.inner(scope, receive, send)
           ^^^^^^^^^^^^^^^^^^^^^^^^^^^^^^^^^^^^^^
  File "D:\testplatformservice\testplatform\venv\Lib\site-packages\channels\routing.py", line 118, in __call__
    return await application(
           ^^^^^^^^^^^^^^^^^^
  File "D:\testplatformservice\testplatform\venv\Lib\site-packages\channels\consumer.py", line 95, in app
    return await consumer(scope, receive, send)
           ^^^^^^^^^^^^^^^^^^^^^^^^^^^^^^^^^^^^
  File "D:\testplatformservice\testplatform\venv\Lib\site-packages\channels\consumer.py", line 58, in __call__
    await await_many_dispatch(
  File "D:\testplatformservice\testplatform\venv\Lib\site-packages\channels\utils.py", line 57, in await_many_dispatch
    await task
redis.exceptions.ResponseError: unknown command 'BZPOPMIN'
[2026-07-06 11:01:07] ERROR [daphne.server:303] Exception inside application: unknown command 'BZPOPMIN'
Traceback (most recent call last):
  File "D:\testplatformservice\testplatform\venv\Lib\site-packages\channels\routing.py", line 48, in __call__
    return await application(scope, receive, send)
           ^^^^^^^^^^^^^^^^^^^^^^^^^^^^^^^^^^^^^^^
  File "D:\testplatformservice\testplatform\commons\ws\auth.py", line 28, in __call__
    return await super().__call__(scope, receive, send)
           ^^^^^^^^^^^^^^^^^^^^^^^^^^^^^^^^^^^^^^^^^^^^
  File "D:\testplatformservice\testplatform\venv\Lib\site-packages\channels\middleware.py", line 24, in __call__
    return await self.inner(scope, receive, send)
           ^^^^^^^^^^^^^^^^^^^^^^^^^^^^^^^^^^^^^^
  File "D:\testplatformservice\testplatform\venv\Lib\site-packages\channels\routing.py", line 118, in __call__
    return await application(
           ^^^^^^^^^^^^^^^^^^
  File "D:\testplatformservice\testplatform\venv\Lib\site-packages\channels\consumer.py", line 95, in app
    return await consumer(scope, receive, send)
           ^^^^^^^^^^^^^^^^^^^^^^^^^^^^^^^^^^^^
  File "D:\testplatformservice\testplatform\venv\Lib\site-packages\channels\consumer.py", line 58, in __call__
    await await_many_dispatch(
  File "D:\testplatformservice\testplatform\venv\Lib\site-packages\channels\utils.py", line 57, in await_many_dispatch
    await task
redis.exceptions.ResponseError: unknown command 'BZPOPMIN'
[2026-07-06 11:01:11] ERROR [daphne.server:303] Exception inside application: unknown command 'BZPOPMIN'
Traceback (most recent call last):
  File "D:\testplatformservice\testplatform\venv\Lib\site-packages\channels\routing.py", line 48, in __call__
    return await application(scope, receive, send)
           ^^^^^^^^^^^^^^^^^^^^^^^^^^^^^^^^^^^^^^^
  File "D:\testplatformservice\testplatform\commons\ws\auth.py", line 28, in __call__
    return await super().__call__(scope, receive, send)
           ^^^^^^^^^^^^^^^^^^^^^^^^^^^^^^^^^^^^^^^^^^^^
  File "D:\testplatformservice\testplatform\venv\Lib\site-packages\channels\middleware.py", line 24, in __call__
    return await self.inner(scope, receive, send)
           ^^^^^^^^^^^^^^^^^^^^^^^^^^^^^^^^^^^^^^
  File "D:\testplatformservice\testplatform\venv\Lib\site-packages\channels\routing.py", line 118, in __call__
    return await application(
           ^^^^^^^^^^^^^^^^^^
  File "D:\testplatformservice\testplatform\venv\Lib\site-packages\channels\consumer.py", line 95, in app
    return await consumer(scope, receive, send)
           ^^^^^^^^^^^^^^^^^^^^^^^^^^^^^^^^^^^^
  File "D:\testplatformservice\testplatform\venv\Lib\site-packages\channels\consumer.py", line 58, in __call__
    await await_many_dispatch(
  File "D:\testplatformservice\testplatform\venv\Lib\site-packages\channels\utils.py", line 57, in await_many_dispatch
    await task
redis.exceptions.ResponseError: unknown command 'BZPOPMIN'
[2026-07-06 11:01:15] ERROR [daphne.server:303] Exception inside application: unknown command 'BZPOPMIN'
Traceback (most recent call last):
  File "D:\testplatformservice\testplatform\venv\Lib\site-packages\channels\routing.py", line 48, in __call__
    return await application(scope, receive, send)
           ^^^^^^^^^^^^^^^^^^^^^^^^^^^^^^^^^^^^^^^
  File "D:\testplatformservice\testplatform\commons\ws\auth.py", line 28, in __call__
    return await super().__call__(scope, receive, send)
           ^^^^^^^^^^^^^^^^^^^^^^^^^^^^^^^^^^^^^^^^^^^^
  File "D:\testplatformservice\testplatform\venv\Lib\site-packages\channels\middleware.py", line 24, in __call__
    return await self.inner(scope, receive, send)
           ^^^^^^^^^^^^^^^^^^^^^^^^^^^^^^^^^^^^^^
  File "D:\testplatformservice\testplatform\venv\Lib\site-packages\channels\routing.py", line 118, in __call__
    return await application(
           ^^^^^^^^^^^^^^^^^^
  File "D:\testplatformservice\testplatform\venv\Lib\site-packages\channels\consumer.py", line 95, in app
    return await consumer(scope, receive, send)
           ^^^^^^^^^^^^^^^^^^^^^^^^^^^^^^^^^^^^
  File "D:\testplatformservice\testplatform\venv\Lib\site-packages\channels\consumer.py", line 58, in __call__
    await await_many_dispatch(
  File "D:\testplatformservice\testplatform\venv\Lib\site-packages\channels\utils.py", line 57, in await_many_dispatch
    await task
redis.exceptions.ResponseError: unknown command 'BZPOPMIN'
[2026-07-06 11:01:20] ERROR [daphne.server:303] Exception inside application: unknown command 'BZPOPMIN'
Traceback (most recent call last):
  File "D:\testplatformservice\testplatform\venv\Lib\site-packages\channels\routing.py", line 48, in __call__
    return await application(scope, receive, send)
           ^^^^^^^^^^^^^^^^^^^^^^^^^^^^^^^^^^^^^^^
  File "D:\testplatformservice\testplatform\commons\ws\auth.py", line 28, in __call__
    return await super().__call__(scope, receive, send)
           ^^^^^^^^^^^^^^^^^^^^^^^^^^^^^^^^^^^^^^^^^^^^
  File "D:\testplatformservice\testplatform\venv\Lib\site-packages\channels\middleware.py", line 24, in __call__
    return await self.inner(scope, receive, send)
           ^^^^^^^^^^^^^^^^^^^^^^^^^^^^^^^^^^^^^^
  File "D:\testplatformservice\testplatform\venv\Lib\site-packages\channels\routing.py", line 118, in __call__
    return await application(
           ^^^^^^^^^^^^^^^^^^
  File "D:\testplatformservice\testplatform\venv\Lib\site-packages\channels\consumer.py", line 95, in app
    return await consumer(scope, receive, send)
           ^^^^^^^^^^^^^^^^^^^^^^^^^^^^^^^^^^^^
  File "D:\testplatformservice\testplatform\venv\Lib\site-packages\channels\consumer.py", line 58, in __call__
    await await_many_dispatch(
  File "D:\testplatformservice\testplatform\venv\Lib\site-packages\channels\utils.py", line 57, in await_many_dispatch
    await task
redis.exceptions.ResponseError: unknown command 'BZPOPMIN'
[2026-07-06 11:01:24] ERROR [daphne.server:303] Exception inside application: unknown command 'BZPOPMIN'
Traceback (most recent call last):
  File "D:\testplatformservice\testplatform\venv\Lib\site-packages\channels\routing.py", line 48, in __call__
    return await application(scope, receive, send)
           ^^^^^^^^^^^^^^^^^^^^^^^^^^^^^^^^^^^^^^^
  File "D:\testplatformservice\testplatform\commons\ws\auth.py", line 28, in __call__
    return await super().__call__(scope, receive, send)
           ^^^^^^^^^^^^^^^^^^^^^^^^^^^^^^^^^^^^^^^^^^^^
  File "D:\testplatformservice\testplatform\venv\Lib\site-packages\channels\middleware.py", line 24, in __call__
    return await self.inner(scope, receive, send)
           ^^^^^^^^^^^^^^^^^^^^^^^^^^^^^^^^^^^^^^
  File "D:\testplatformservice\testplatform\venv\Lib\site-packages\channels\routing.py", line 118, in __call__
    return await application(
           ^^^^^^^^^^^^^^^^^^
  File "D:\testplatformservice\testplatform\venv\Lib\site-packages\channels\consumer.py", line 95, in app
    return await consumer(scope, receive, send)
           ^^^^^^^^^^^^^^^^^^^^^^^^^^^^^^^^^^^^
  File "D:\testplatformservice\testplatform\venv\Lib\site-packages\channels\consumer.py", line 58, in __call__
    await await_many_dispatch(
  File "D:\testplatformservice\testplatform\venv\Lib\site-packages\channels\utils.py", line 57, in await_many_dispatch
    await task
redis.exceptions.ResponseError: unknown command 'BZPOPMIN'
[2026-07-06 11:01:28] ERROR [daphne.server:303] Exception inside application: unknown command 'BZPOPMIN'
Traceback (most recent call last):
  File "D:\testplatformservice\testplatform\venv\Lib\site-packages\channels\routing.py", line 48, in __call__
    return await application(scope, receive, send)
           ^^^^^^^^^^^^^^^^^^^^^^^^^^^^^^^^^^^^^^^
  File "D:\testplatformservice\testplatform\commons\ws\auth.py", line 28, in __call__
    return await super().__call__(scope, receive, send)
           ^^^^^^^^^^^^^^^^^^^^^^^^^^^^^^^^^^^^^^^^^^^^
  File "D:\testplatformservice\testplatform\venv\Lib\site-packages\channels\middleware.py", line 24, in __call__
    return await self.inner(scope, receive, send)
           ^^^^^^^^^^^^^^^^^^^^^^^^^^^^^^^^^^^^^^
  File "D:\testplatformservice\testplatform\venv\Lib\site-packages\channels\routing.py", line 118, in __call__
    return await application(
           ^^^^^^^^^^^^^^^^^^
  File "D:\testplatformservice\testplatform\venv\Lib\site-packages\channels\consumer.py", line 95, in app
    return await consumer(scope, receive, send)
           ^^^^^^^^^^^^^^^^^^^^^^^^^^^^^^^^^^^^
  File "D:\testplatformservice\testplatform\venv\Lib\site-packages\channels\consumer.py", line 58, in __call__
    await await_many_dispatch(
  File "D:\testplatformservice\testplatform\venv\Lib\site-packages\channels\utils.py", line 57, in await_many_dispatch
    await task
redis.exceptions.ResponseError: unknown command 'BZPOPMIN'
[2026-07-06 11:01:32] ERROR [daphne.server:303] Exception inside application: unknown command 'BZPOPMIN'
Traceback (most recent call last):
  File "D:\testplatformservice\testplatform\venv\Lib\site-packages\channels\routing.py", line 48, in __call__
    return await application(scope, receive, send)
           ^^^^^^^^^^^^^^^^^^^^^^^^^^^^^^^^^^^^^^^
  File "D:\testplatformservice\testplatform\commons\ws\auth.py", line 28, in __call__
    return await super().__call__(scope, receive, send)
           ^^^^^^^^^^^^^^^^^^^^^^^^^^^^^^^^^^^^^^^^^^^^
  File "D:\testplatformservice\testplatform\venv\Lib\site-packages\channels\middleware.py", line 24, in __call__
    return await self.inner(scope, receive, send)
           ^^^^^^^^^^^^^^^^^^^^^^^^^^^^^^^^^^^^^^
  File "D:\testplatformservice\testplatform\venv\Lib\site-packages\channels\routing.py", line 118, in __call__
    return await application(
           ^^^^^^^^^^^^^^^^^^
  File "D:\testplatformservice\testplatform\venv\Lib\site-packages\channels\consumer.py", line 95, in app
    return await consumer(scope, receive, send)
           ^^^^^^^^^^^^^^^^^^^^^^^^^^^^^^^^^^^^
  File "D:\testplatformservice\testplatform\venv\Lib\site-packages\channels\consumer.py", line 58, in __call__
    await await_many_dispatch(
  File "D:\testplatformservice\testplatform\venv\Lib\site-packages\channels\utils.py", line 57, in await_many_dispatch
    await task
redis.exceptions.ResponseError: unknown command 'BZPOPMIN'
[2026-07-06 11:01:36] ERROR [daphne.server:303] Exception inside application: unknown command 'BZPOPMIN'
Traceback (most recent call last):
  File "D:\testplatformservice\testplatform\venv\Lib\site-packages\channels\routing.py", line 48, in __call__
    return await application(scope, receive, send)
           ^^^^^^^^^^^^^^^^^^^^^^^^^^^^^^^^^^^^^^^
  File "D:\testplatformservice\testplatform\commons\ws\auth.py", line 28, in __call__
    return await super().__call__(scope, receive, send)
           ^^^^^^^^^^^^^^^^^^^^^^^^^^^^^^^^^^^^^^^^^^^^
  File "D:\testplatformservice\testplatform\venv\Lib\site-packages\channels\middleware.py", line 24, in __call__
    return await self.inner(scope, receive, send)
           ^^^^^^^^^^^^^^^^^^^^^^^^^^^^^^^^^^^^^^
  File "D:\testplatformservice\testplatform\venv\Lib\site-packages\channels\routing.py", line 118, in __call__
    return await application(
           ^^^^^^^^^^^^^^^^^^
  File "D:\testplatformservice\testplatform\venv\Lib\site-packages\channels\consumer.py", line 95, in app
    return await consumer(scope, receive, send)
           ^^^^^^^^^^^^^^^^^^^^^^^^^^^^^^^^^^^^
  File "D:\testplatformservice\testplatform\venv\Lib\site-packages\channels\consumer.py", line 58, in __call__
    await await_many_dispatch(
  File "D:\testplatformservice\testplatform\venv\Lib\site-packages\channels\utils.py", line 57, in await_many_dispatch
    await task
redis.exceptions.ResponseError: unknown command 'BZPOPMIN'
[2026-07-06 11:01:40] ERROR [daphne.server:303] Exception inside application: unknown command 'BZPOPMIN'
Traceback (most recent call last):
  File "D:\testplatformservice\testplatform\venv\Lib\site-packages\channels\routing.py", line 48, in __call__
    return await application(scope, receive, send)
           ^^^^^^^^^^^^^^^^^^^^^^^^^^^^^^^^^^^^^^^
  File "D:\testplatformservice\testplatform\commons\ws\auth.py", line 28, in __call__
    return await super().__call__(scope, receive, send)
           ^^^^^^^^^^^^^^^^^^^^^^^^^^^^^^^^^^^^^^^^^^^^
  File "D:\testplatformservice\testplatform\venv\Lib\site-packages\channels\middleware.py", line 24, in __call__
    return await self.inner(scope, receive, send)
           ^^^^^^^^^^^^^^^^^^^^^^^^^^^^^^^^^^^^^^
  File "D:\testplatformservice\testplatform\venv\Lib\site-packages\channels\routing.py", line 118, in __call__
    return await application(
           ^^^^^^^^^^^^^^^^^^
  File "D:\testplatformservice\testplatform\venv\Lib\site-packages\channels\consumer.py", line 95, in app
    return await consumer(scope, receive, send)
           ^^^^^^^^^^^^^^^^^^^^^^^^^^^^^^^^^^^^
  File "D:\testplatformservice\testplatform\venv\Lib\site-packages\channels\consumer.py", line 58, in __call__
    await await_many_dispatch(
  File "D:\testplatformservice\testplatform\venv\Lib\site-packages\channels\utils.py", line 57, in await_many_dispatch
    await task
redis.exceptions.ResponseError: unknown command 'BZPOPMIN'
[2026-07-06 11:01:44] ERROR [daphne.server:303] Exception inside application: unknown command 'BZPOPMIN'
Traceback (most recent call last):
  File "D:\testplatformservice\testplatform\venv\Lib\site-packages\channels\routing.py", line 48, in __call__
    return await application(scope, receive, send)
           ^^^^^^^^^^^^^^^^^^^^^^^^^^^^^^^^^^^^^^^
  File "D:\testplatformservice\testplatform\commons\ws\auth.py", line 28, in __call__
    return await super().__call__(scope, receive, send)
           ^^^^^^^^^^^^^^^^^^^^^^^^^^^^^^^^^^^^^^^^^^^^
  File "D:\testplatformservice\testplatform\venv\Lib\site-packages\channels\middleware.py", line 24, in __call__
    return await self.inner(scope, receive, send)
           ^^^^^^^^^^^^^^^^^^^^^^^^^^^^^^^^^^^^^^
  File "D:\testplatformservice\testplatform\venv\Lib\site-packages\channels\routing.py", line 118, in __call__
    return await application(
           ^^^^^^^^^^^^^^^^^^
  File "D:\testplatformservice\testplatform\venv\Lib\site-packages\channels\consumer.py", line 95, in app
    return await consumer(scope, receive, send)
           ^^^^^^^^^^^^^^^^^^^^^^^^^^^^^^^^^^^^
  File "D:\testplatformservice\testplatform\venv\Lib\site-packages\channels\consumer.py", line 58, in __call__
    await await_many_dispatch(
  File "D:\testplatformservice\testplatform\venv\Lib\site-packages\channels\utils.py", line 57, in await_many_dispatch
    await task
redis.exceptions.ResponseError: unknown command 'BZPOPMIN'
[2026-07-06 11:01:48] ERROR [daphne.server:303] Exception inside application: unknown command 'BZPOPMIN'
Traceback (most recent call last):
  File "D:\testplatformservice\testplatform\venv\Lib\site-packages\channels\routing.py", line 48, in __call__
    return await application(scope, receive, send)
           ^^^^^^^^^^^^^^^^^^^^^^^^^^^^^^^^^^^^^^^
  File "D:\testplatformservice\testplatform\commons\ws\auth.py", line 28, in __call__
    return await super().__call__(scope, receive, send)
           ^^^^^^^^^^^^^^^^^^^^^^^^^^^^^^^^^^^^^^^^^^^^
  File "D:\testplatformservice\testplatform\venv\Lib\site-packages\channels\middleware.py", line 24, in __call__
    return await self.inner(scope, receive, send)
           ^^^^^^^^^^^^^^^^^^^^^^^^^^^^^^^^^^^^^^
  File "D:\testplatformservice\testplatform\venv\Lib\site-packages\channels\routing.py", line 118, in __call__
    return await application(
           ^^^^^^^^^^^^^^^^^^
  File "D:\testplatformservice\testplatform\venv\Lib\site-packages\channels\consumer.py", line 95, in app
    return await consumer(scope, receive, send)
           ^^^^^^^^^^^^^^^^^^^^^^^^^^^^^^^^^^^^
  File "D:\testplatformservice\testplatform\venv\Lib\site-packages\channels\consumer.py", line 58, in __call__
    await await_many_dispatch(
  File "D:\testplatformservice\testplatform\venv\Lib\site-packages\channels\utils.py", line 57, in await_many_dispatch
    await task
redis.exceptions.ResponseError: unknown command 'BZPOPMIN'
[2026-07-06 11:01:52] ERROR [daphne.server:303] Exception inside application: unknown command 'BZPOPMIN'
Traceback (most recent call last):
  File "D:\testplatformservice\testplatform\venv\Lib\site-packages\channels\routing.py", line 48, in __call__
    return await application(scope, receive, send)
           ^^^^^^^^^^^^^^^^^^^^^^^^^^^^^^^^^^^^^^^
  File "D:\testplatformservice\testplatform\commons\ws\auth.py", line 28, in __call__
    return await super().__call__(scope, receive, send)
           ^^^^^^^^^^^^^^^^^^^^^^^^^^^^^^^^^^^^^^^^^^^^
  File "D:\testplatformservice\testplatform\venv\Lib\site-packages\channels\middleware.py", line 24, in __call__
    return await self.inner(scope, receive, send)
           ^^^^^^^^^^^^^^^^^^^^^^^^^^^^^^^^^^^^^^
  File "D:\testplatformservice\testplatform\venv\Lib\site-packages\channels\routing.py", line 118, in __call__
    return await application(
           ^^^^^^^^^^^^^^^^^^
  File "D:\testplatformservice\testplatform\venv\Lib\site-packages\channels\consumer.py", line 95, in app
    return await consumer(scope, receive, send)
           ^^^^^^^^^^^^^^^^^^^^^^^^^^^^^^^^^^^^
  File "D:\testplatformservice\testplatform\venv\Lib\site-packages\channels\consumer.py", line 58, in __call__
    await await_many_dispatch(
  File "D:\testplatformservice\testplatform\venv\Lib\site-packages\channels\utils.py", line 57, in await_many_dispatch
    await task
redis.exceptions.ResponseError: unknown command 'BZPOPMIN'
[2026-07-06 11:01:56] ERROR [daphne.server:303] Exception inside application: unknown command 'BZPOPMIN'
Traceback (most recent call last):
  File "D:\testplatformservice\testplatform\venv\Lib\site-packages\channels\routing.py", line 48, in __call__
    return await application(scope, receive, send)
           ^^^^^^^^^^^^^^^^^^^^^^^^^^^^^^^^^^^^^^^
  File "D:\testplatformservice\testplatform\commons\ws\auth.py", line 28, in __call__
    return await super().__call__(scope, receive, send)
           ^^^^^^^^^^^^^^^^^^^^^^^^^^^^^^^^^^^^^^^^^^^^
  File "D:\testplatformservice\testplatform\venv\Lib\site-packages\channels\middleware.py", line 24, in __call__
    return await self.inner(scope, receive, send)
           ^^^^^^^^^^^^^^^^^^^^^^^^^^^^^^^^^^^^^^
  File "D:\testplatformservice\testplatform\venv\Lib\site-packages\channels\routing.py", line 118, in __call__
    return await application(
           ^^^^^^^^^^^^^^^^^^
  File "D:\testplatformservice\testplatform\venv\Lib\site-packages\channels\consumer.py", line 95, in app
    return await consumer(scope, receive, send)
           ^^^^^^^^^^^^^^^^^^^^^^^^^^^^^^^^^^^^
  File "D:\testplatformservice\testplatform\venv\Lib\site-packages\channels\consumer.py", line 58, in __call__
    await await_many_dispatch(
  File "D:\testplatformservice\testplatform\venv\Lib\site-packages\channels\utils.py", line 57, in await_many_dispatch
    await task
redis.exceptions.ResponseError: unknown command 'BZPOPMIN'
[2026-07-06 11:02:00] ERROR [daphne.server:303] Exception inside application: unknown command 'BZPOPMIN'
Traceback (most recent call last):
  File "D:\testplatformservice\testplatform\venv\Lib\site-packages\channels\routing.py", line 48, in __call__
    return await application(scope, receive, send)
           ^^^^^^^^^^^^^^^^^^^^^^^^^^^^^^^^^^^^^^^
  File "D:\testplatformservice\testplatform\commons\ws\auth.py", line 28, in __call__
    return await super().__call__(scope, receive, send)
           ^^^^^^^^^^^^^^^^^^^^^^^^^^^^^^^^^^^^^^^^^^^^
  File "D:\testplatformservice\testplatform\venv\Lib\site-packages\channels\middleware.py", line 24, in __call__
    return await self.inner(scope, receive, send)
           ^^^^^^^^^^^^^^^^^^^^^^^^^^^^^^^^^^^^^^
  File "D:\testplatformservice\testplatform\venv\Lib\site-packages\channels\routing.py", line 118, in __call__
    return await application(
           ^^^^^^^^^^^^^^^^^^
  File "D:\testplatformservice\testplatform\venv\Lib\site-packages\channels\consumer.py", line 95, in app
    return await consumer(scope, receive, send)
           ^^^^^^^^^^^^^^^^^^^^^^^^^^^^^^^^^^^^
  File "D:\testplatformservice\testplatform\venv\Lib\site-packages\channels\consumer.py", line 58, in __call__
    await await_many_dispatch(
  File "D:\testplatformservice\testplatform\venv\Lib\site-packages\channels\utils.py", line 57, in await_many_dispatch
    await task
redis.exceptions.ResponseError: unknown command 'BZPOPMIN'
[2026-07-06 11:02:04] ERROR [daphne.server:303] Exception inside application: unknown command 'BZPOPMIN'
Traceback (most recent call last):
  File "D:\testplatformservice\testplatform\venv\Lib\site-packages\channels\routing.py", line 48, in __call__
    return await application(scope, receive, send)
           ^^^^^^^^^^^^^^^^^^^^^^^^^^^^^^^^^^^^^^^
  File "D:\testplatformservice\testplatform\commons\ws\auth.py", line 28, in __call__
    return await super().__call__(scope, receive, send)
           ^^^^^^^^^^^^^^^^^^^^^^^^^^^^^^^^^^^^^^^^^^^^
  File "D:\testplatformservice\testplatform\venv\Lib\site-packages\channels\middleware.py", line 24, in __call__
    return await self.inner(scope, receive, send)
           ^^^^^^^^^^^^^^^^^^^^^^^^^^^^^^^^^^^^^^
  File "D:\testplatformservice\testplatform\venv\Lib\site-packages\channels\routing.py", line 118, in __call__
    return await application(
           ^^^^^^^^^^^^^^^^^^
  File "D:\testplatformservice\testplatform\venv\Lib\site-packages\channels\consumer.py", line 95, in app
    return await consumer(scope, receive, send)
           ^^^^^^^^^^^^^^^^^^^^^^^^^^^^^^^^^^^^
  File "D:\testplatformservice\testplatform\venv\Lib\site-packages\channels\consumer.py", line 58, in __call__
    await await_many_dispatch(
  File "D:\testplatformservice\testplatform\venv\Lib\site-packages\channels\utils.py", line 57, in await_many_dispatch
    await task
redis.exceptions.ResponseError: unknown command 'BZPOPMIN'
[2026-07-06 11:02:08] ERROR [daphne.server:303] Exception inside application: unknown command 'BZPOPMIN'
Traceback (most recent call last):
  File "D:\testplatformservice\testplatform\venv\Lib\site-packages\channels\routing.py", line 48, in __call__
    return await application(scope, receive, send)
           ^^^^^^^^^^^^^^^^^^^^^^^^^^^^^^^^^^^^^^^
  File "D:\testplatformservice\testplatform\commons\ws\auth.py", line 28, in __call__
    return await super().__call__(scope, receive, send)
           ^^^^^^^^^^^^^^^^^^^^^^^^^^^^^^^^^^^^^^^^^^^^
  File "D:\testplatformservice\testplatform\venv\Lib\site-packages\channels\middleware.py", line 24, in __call__
    return await self.inner(scope, receive, send)
           ^^^^^^^^^^^^^^^^^^^^^^^^^^^^^^^^^^^^^^
  File "D:\testplatformservice\testplatform\venv\Lib\site-packages\channels\routing.py", line 118, in __call__
    return await application(
           ^^^^^^^^^^^^^^^^^^
  File "D:\testplatformservice\testplatform\venv\Lib\site-packages\channels\consumer.py", line 95, in app
    return await consumer(scope, receive, send)
           ^^^^^^^^^^^^^^^^^^^^^^^^^^^^^^^^^^^^
  File "D:\testplatformservice\testplatform\venv\Lib\site-packages\channels\consumer.py", line 58, in __call__
    await await_many_dispatch(
  File "D:\testplatformservice\testplatform\venv\Lib\site-packages\channels\utils.py", line 57, in await_many_dispatch
    await task
redis.exceptions.ResponseError: unknown command 'BZPOPMIN'
[2026-07-06 11:02:12] ERROR [daphne.server:303] Exception inside application: unknown command 'BZPOPMIN'
Traceback (most recent call last):
  File "D:\testplatformservice\testplatform\venv\Lib\site-packages\channels\routing.py", line 48, in __call__
    return await application(scope, receive, send)
           ^^^^^^^^^^^^^^^^^^^^^^^^^^^^^^^^^^^^^^^
  File "D:\testplatformservice\testplatform\commons\ws\auth.py", line 28, in __call__
    return await super().__call__(scope, receive, send)
           ^^^^^^^^^^^^^^^^^^^^^^^^^^^^^^^^^^^^^^^^^^^^
  File "D:\testplatformservice\testplatform\venv\Lib\site-packages\channels\middleware.py", line 24, in __call__
    return await self.inner(scope, receive, send)
           ^^^^^^^^^^^^^^^^^^^^^^^^^^^^^^^^^^^^^^
  File "D:\testplatformservice\testplatform\venv\Lib\site-packages\channels\routing.py", line 118, in __call__
    return await application(
           ^^^^^^^^^^^^^^^^^^
  File "D:\testplatformservice\testplatform\venv\Lib\site-packages\channels\consumer.py", line 95, in app
    return await consumer(scope, receive, send)
           ^^^^^^^^^^^^^^^^^^^^^^^^^^^^^^^^^^^^
  File "D:\testplatformservice\testplatform\venv\Lib\site-packages\channels\consumer.py", line 58, in __call__
    await await_many_dispatch(
  File "D:\testplatformservice\testplatform\venv\Lib\site-packages\channels\utils.py", line 57, in await_many_dispatch
    await task
redis.exceptions.ResponseError: unknown command 'BZPOPMIN'
[2026-07-06 11:02:16] ERROR [daphne.server:303] Exception inside application: unknown command 'BZPOPMIN'
Traceback (most recent call last):
  File "D:\testplatformservice\testplatform\venv\Lib\site-packages\channels\routing.py", line 48, in __call__
    return await application(scope, receive, send)
           ^^^^^^^^^^^^^^^^^^^^^^^^^^^^^^^^^^^^^^^
  File "D:\testplatformservice\testplatform\commons\ws\auth.py", line 28, in __call__
    return await super().__call__(scope, receive, send)
           ^^^^^^^^^^^^^^^^^^^^^^^^^^^^^^^^^^^^^^^^^^^^
  File "D:\testplatformservice\testplatform\venv\Lib\site-packages\channels\middleware.py", line 24, in __call__
    return await self.inner(scope, receive, send)
           ^^^^^^^^^^^^^^^^^^^^^^^^^^^^^^^^^^^^^^
  File "D:\testplatformservice\testplatform\venv\Lib\site-packages\channels\routing.py", line 118, in __call__
    return await application(
           ^^^^^^^^^^^^^^^^^^
  File "D:\testplatformservice\testplatform\venv\Lib\site-packages\channels\consumer.py", line 95, in app
    return await consumer(scope, receive, send)
           ^^^^^^^^^^^^^^^^^^^^^^^^^^^^^^^^^^^^
  File "D:\testplatformservice\testplatform\venv\Lib\site-packages\channels\consumer.py", line 58, in __call__
    await await_many_dispatch(
  File "D:\testplatformservice\testplatform\venv\Lib\site-packages\channels\utils.py", line 57, in await_many_dispatch
    await task
redis.exceptions.ResponseError: unknown command 'BZPOPMIN'
[2026-07-06 11:02:20] ERROR [daphne.server:303] Exception inside application: unknown command 'BZPOPMIN'
Traceback (most recent call last):
  File "D:\testplatformservice\testplatform\venv\Lib\site-packages\channels\routing.py", line 48, in __call__
    return await application(scope, receive, send)
           ^^^^^^^^^^^^^^^^^^^^^^^^^^^^^^^^^^^^^^^
  File "D:\testplatformservice\testplatform\commons\ws\auth.py", line 28, in __call__
    return await super().__call__(scope, receive, send)
           ^^^^^^^^^^^^^^^^^^^^^^^^^^^^^^^^^^^^^^^^^^^^
  File "D:\testplatformservice\testplatform\venv\Lib\site-packages\channels\middleware.py", line 24, in __call__
    return await self.inner(scope, receive, send)
           ^^^^^^^^^^^^^^^^^^^^^^^^^^^^^^^^^^^^^^
  File "D:\testplatformservice\testplatform\venv\Lib\site-packages\channels\routing.py", line 118, in __call__
    return await application(
           ^^^^^^^^^^^^^^^^^^
  File "D:\testplatformservice\testplatform\venv\Lib\site-packages\channels\consumer.py", line 95, in app
    return await consumer(scope, receive, send)
           ^^^^^^^^^^^^^^^^^^^^^^^^^^^^^^^^^^^^
  File "D:\testplatformservice\testplatform\venv\Lib\site-packages\channels\consumer.py", line 58, in __call__
    await await_many_dispatch(
  File "D:\testplatformservice\testplatform\venv\Lib\site-packages\channels\utils.py", line 57, in await_many_dispatch
    await task
redis.exceptions.ResponseError: unknown command 'BZPOPMIN'
[2026-07-06 11:02:24] ERROR [daphne.server:303] Exception inside application: unknown command 'BZPOPMIN'
Traceback (most recent call last):
  File "D:\testplatformservice\testplatform\venv\Lib\site-packages\channels\routing.py", line 48, in __call__
    return await application(scope, receive, send)
           ^^^^^^^^^^^^^^^^^^^^^^^^^^^^^^^^^^^^^^^
  File "D:\testplatformservice\testplatform\commons\ws\auth.py", line 28, in __call__
    return await super().__call__(scope, receive, send)
           ^^^^^^^^^^^^^^^^^^^^^^^^^^^^^^^^^^^^^^^^^^^^
  File "D:\testplatformservice\testplatform\venv\Lib\site-packages\channels\middleware.py", line 24, in __call__
    return await self.inner(scope, receive, send)
           ^^^^^^^^^^^^^^^^^^^^^^^^^^^^^^^^^^^^^^
  File "D:\testplatformservice\testplatform\venv\Lib\site-packages\channels\routing.py", line 118, in __call__
    return await application(
           ^^^^^^^^^^^^^^^^^^
  File "D:\testplatformservice\testplatform\venv\Lib\site-packages\channels\consumer.py", line 95, in app
    return await consumer(scope, receive, send)
           ^^^^^^^^^^^^^^^^^^^^^^^^^^^^^^^^^^^^
  File "D:\testplatformservice\testplatform\venv\Lib\site-packages\channels\consumer.py", line 58, in __call__
    await await_many_dispatch(
  File "D:\testplatformservice\testplatform\venv\Lib\site-packages\channels\utils.py", line 57, in await_many_dispatch
    await task
redis.exceptions.ResponseError: unknown command 'BZPOPMIN'
[2026-07-06 11:02:28] ERROR [daphne.server:303] Exception inside application: unknown command 'BZPOPMIN'
Traceback (most recent call last):
  File "D:\testplatformservice\testplatform\venv\Lib\site-packages\channels\routing.py", line 48, in __call__
    return await application(scope, receive, send)
           ^^^^^^^^^^^^^^^^^^^^^^^^^^^^^^^^^^^^^^^
  File "D:\testplatformservice\testplatform\commons\ws\auth.py", line 28, in __call__
    return await super().__call__(scope, receive, send)
           ^^^^^^^^^^^^^^^^^^^^^^^^^^^^^^^^^^^^^^^^^^^^
  File "D:\testplatformservice\testplatform\venv\Lib\site-packages\channels\middleware.py", line 24, in __call__
    return await self.inner(scope, receive, send)
           ^^^^^^^^^^^^^^^^^^^^^^^^^^^^^^^^^^^^^^
  File "D:\testplatformservice\testplatform\venv\Lib\site-packages\channels\routing.py", line 118, in __call__
    return await application(
           ^^^^^^^^^^^^^^^^^^
  File "D:\testplatformservice\testplatform\venv\Lib\site-packages\channels\consumer.py", line 95, in app
    return await consumer(scope, receive, send)
           ^^^^^^^^^^^^^^^^^^^^^^^^^^^^^^^^^^^^
  File "D:\testplatformservice\testplatform\venv\Lib\site-packages\channels\consumer.py", line 58, in __call__
    await await_many_dispatch(
  File "D:\testplatformservice\testplatform\venv\Lib\site-packages\channels\utils.py", line 57, in await_many_dispatch
    await task
redis.exceptions.ResponseError: unknown command 'BZPOPMIN'
[2026-07-06 11:02:32] ERROR [daphne.server:303] Exception inside application: unknown command 'BZPOPMIN'
Traceback (most recent call last):
  File "D:\testplatformservice\testplatform\venv\Lib\site-packages\channels\routing.py", line 48, in __call__
    return await application(scope, receive, send)
           ^^^^^^^^^^^^^^^^^^^^^^^^^^^^^^^^^^^^^^^
  File "D:\testplatformservice\testplatform\commons\ws\auth.py", line 28, in __call__
    return await super().__call__(scope, receive, send)
           ^^^^^^^^^^^^^^^^^^^^^^^^^^^^^^^^^^^^^^^^^^^^
  File "D:\testplatformservice\testplatform\venv\Lib\site-packages\channels\middleware.py", line 24, in __call__
    return await self.inner(scope, receive, send)
           ^^^^^^^^^^^^^^^^^^^^^^^^^^^^^^^^^^^^^^
  File "D:\testplatformservice\testplatform\venv\Lib\site-packages\channels\routing.py", line 118, in __call__
    return await application(
           ^^^^^^^^^^^^^^^^^^
  File "D:\testplatformservice\testplatform\venv\Lib\site-packages\channels\consumer.py", line 95, in app
    return await consumer(scope, receive, send)
           ^^^^^^^^^^^^^^^^^^^^^^^^^^^^^^^^^^^^
  File "D:\testplatformservice\testplatform\venv\Lib\site-packages\channels\consumer.py", line 58, in __call__
    await await_many_dispatch(
  File "D:\testplatformservice\testplatform\venv\Lib\site-packages\channels\utils.py", line 57, in await_many_dispatch
    await task
redis.exceptions.ResponseError: unknown command 'BZPOPMIN'
[2026-07-06 11:02:36] ERROR [daphne.server:303] Exception inside application: unknown command 'BZPOPMIN'
Traceback (most recent call last):
  File "D:\testplatformservice\testplatform\venv\Lib\site-packages\channels\routing.py", line 48, in __call__
    return await application(scope, receive, send)
           ^^^^^^^^^^^^^^^^^^^^^^^^^^^^^^^^^^^^^^^
  File "D:\testplatformservice\testplatform\commons\ws\auth.py", line 28, in __call__
    return await super().__call__(scope, receive, send)
           ^^^^^^^^^^^^^^^^^^^^^^^^^^^^^^^^^^^^^^^^^^^^
  File "D:\testplatformservice\testplatform\venv\Lib\site-packages\channels\middleware.py", line 24, in __call__
    return await self.inner(scope, receive, send)
           ^^^^^^^^^^^^^^^^^^^^^^^^^^^^^^^^^^^^^^
  File "D:\testplatformservice\testplatform\venv\Lib\site-packages\channels\routing.py", line 118, in __call__
    return await application(
           ^^^^^^^^^^^^^^^^^^
  File "D:\testplatformservice\testplatform\venv\Lib\site-packages\channels\consumer.py", line 95, in app
    return await consumer(scope, receive, send)
           ^^^^^^^^^^^^^^^^^^^^^^^^^^^^^^^^^^^^
  File "D:\testplatformservice\testplatform\venv\Lib\site-packages\channels\consumer.py", line 58, in __call__
    await await_many_dispatch(
  File "D:\testplatformservice\testplatform\venv\Lib\site-packages\channels\utils.py", line 57, in await_many_dispatch
    await task
redis.exceptions.ResponseError: unknown command 'BZPOPMIN'
[2026-07-06 11:02:40] ERROR [daphne.server:303] Exception inside application: unknown command 'BZPOPMIN'
Traceback (most recent call last):
  File "D:\testplatformservice\testplatform\venv\Lib\site-packages\channels\routing.py", line 48, in __call__
    return await application(scope, receive, send)
           ^^^^^^^^^^^^^^^^^^^^^^^^^^^^^^^^^^^^^^^
  File "D:\testplatformservice\testplatform\commons\ws\auth.py", line 28, in __call__
    return await super().__call__(scope, receive, send)
           ^^^^^^^^^^^^^^^^^^^^^^^^^^^^^^^^^^^^^^^^^^^^
  File "D:\testplatformservice\testplatform\venv\Lib\site-packages\channels\middleware.py", line 24, in __call__
    return await self.inner(scope, receive, send)
           ^^^^^^^^^^^^^^^^^^^^^^^^^^^^^^^^^^^^^^
  File "D:\testplatformservice\testplatform\venv\Lib\site-packages\channels\routing.py", line 118, in __call__
    return await application(
           ^^^^^^^^^^^^^^^^^^
  File "D:\testplatformservice\testplatform\venv\Lib\site-packages\channels\consumer.py", line 95, in app
    return await consumer(scope, receive, send)
           ^^^^^^^^^^^^^^^^^^^^^^^^^^^^^^^^^^^^
  File "D:\testplatformservice\testplatform\venv\Lib\site-packages\channels\consumer.py", line 58, in __call__
    await await_many_dispatch(
  File "D:\testplatformservice\testplatform\venv\Lib\site-packages\channels\utils.py", line 57, in await_many_dispatch
    await task
redis.exceptions.ResponseError: unknown command 'BZPOPMIN'
[2026-07-06 11:02:44] ERROR [daphne.server:303] Exception inside application: unknown command 'BZPOPMIN'
Traceback (most recent call last):
  File "D:\testplatformservice\testplatform\venv\Lib\site-packages\channels\routing.py", line 48, in __call__
    return await application(scope, receive, send)
           ^^^^^^^^^^^^^^^^^^^^^^^^^^^^^^^^^^^^^^^
  File "D:\testplatformservice\testplatform\commons\ws\auth.py", line 28, in __call__
    return await super().__call__(scope, receive, send)
           ^^^^^^^^^^^^^^^^^^^^^^^^^^^^^^^^^^^^^^^^^^^^
  File "D:\testplatformservice\testplatform\venv\Lib\site-packages\channels\middleware.py", line 24, in __call__
    return await self.inner(scope, receive, send)
           ^^^^^^^^^^^^^^^^^^^^^^^^^^^^^^^^^^^^^^
  File "D:\testplatformservice\testplatform\venv\Lib\site-packages\channels\routing.py", line 118, in __call__
    return await application(
           ^^^^^^^^^^^^^^^^^^
  File "D:\testplatformservice\testplatform\venv\Lib\site-packages\channels\consumer.py", line 95, in app
    return await consumer(scope, receive, send)
           ^^^^^^^^^^^^^^^^^^^^^^^^^^^^^^^^^^^^
  File "D:\testplatformservice\testplatform\venv\Lib\site-packages\channels\consumer.py", line 58, in __call__
    await await_many_dispatch(
  File "D:\testplatformservice\testplatform\venv\Lib\site-packages\channels\utils.py", line 57, in await_many_dispatch
    await task
redis.exceptions.ResponseError: unknown command 'BZPOPMIN'
[2026-07-06 11:02:48] ERROR [daphne.server:303] Exception inside application: unknown command 'BZPOPMIN'
Traceback (most recent call last):
  File "D:\testplatformservice\testplatform\venv\Lib\site-packages\channels\routing.py", line 48, in __call__
    return await application(scope, receive, send)
           ^^^^^^^^^^^^^^^^^^^^^^^^^^^^^^^^^^^^^^^
  File "D:\testplatformservice\testplatform\commons\ws\auth.py", line 28, in __call__
    return await super().__call__(scope, receive, send)
           ^^^^^^^^^^^^^^^^^^^^^^^^^^^^^^^^^^^^^^^^^^^^
  File "D:\testplatformservice\testplatform\venv\Lib\site-packages\channels\middleware.py", line 24, in __call__
    return await self.inner(scope, receive, send)
           ^^^^^^^^^^^^^^^^^^^^^^^^^^^^^^^^^^^^^^
  File "D:\testplatformservice\testplatform\venv\Lib\site-packages\channels\routing.py", line 118, in __call__
    return await application(
           ^^^^^^^^^^^^^^^^^^
  File "D:\testplatformservice\testplatform\venv\Lib\site-packages\channels\consumer.py", line 95, in app
    return await consumer(scope, receive, send)
           ^^^^^^^^^^^^^^^^^^^^^^^^^^^^^^^^^^^^
  File "D:\testplatformservice\testplatform\venv\Lib\site-packages\channels\consumer.py", line 58, in __call__
    await await_many_dispatch(
  File "D:\testplatformservice\testplatform\venv\Lib\site-packages\channels\utils.py", line 57, in await_many_dispatch
    await task
redis.exceptions.ResponseError: unknown command 'BZPOPMIN'
[2026-07-06 11:02:52] ERROR [daphne.server:303] Exception inside application: unknown command 'BZPOPMIN'
Traceback (most recent call last):
  File "D:\testplatformservice\testplatform\venv\Lib\site-packages\channels\routing.py", line 48, in __call__
    return await application(scope, receive, send)
           ^^^^^^^^^^^^^^^^^^^^^^^^^^^^^^^^^^^^^^^
  File "D:\testplatformservice\testplatform\commons\ws\auth.py", line 28, in __call__
    return await super().__call__(scope, receive, send)
           ^^^^^^^^^^^^^^^^^^^^^^^^^^^^^^^^^^^^^^^^^^^^
  File "D:\testplatformservice\testplatform\venv\Lib\site-packages\channels\middleware.py", line 24, in __call__
    return await self.inner(scope, receive, send)
           ^^^^^^^^^^^^^^^^^^^^^^^^^^^^^^^^^^^^^^
  File "D:\testplatformservice\testplatform\venv\Lib\site-packages\channels\routing.py", line 118, in __call__
    return await application(
           ^^^^^^^^^^^^^^^^^^
  File "D:\testplatformservice\testplatform\venv\Lib\site-packages\channels\consumer.py", line 95, in app
    return await consumer(scope, receive, send)
           ^^^^^^^^^^^^^^^^^^^^^^^^^^^^^^^^^^^^
  File "D:\testplatformservice\testplatform\venv\Lib\site-packages\channels\consumer.py", line 58, in __call__
    await await_many_dispatch(
  File "D:\testplatformservice\testplatform\venv\Lib\site-packages\channels\utils.py", line 57, in await_many_dispatch
    await task
redis.exceptions.ResponseError: unknown command 'BZPOPMIN'
[2026-07-06 11:02:56] ERROR [daphne.server:303] Exception inside application: unknown command 'BZPOPMIN'
Traceback (most recent call last):
  File "D:\testplatformservice\testplatform\venv\Lib\site-packages\channels\routing.py", line 48, in __call__
    return await application(scope, receive, send)
           ^^^^^^^^^^^^^^^^^^^^^^^^^^^^^^^^^^^^^^^
  File "D:\testplatformservice\testplatform\commons\ws\auth.py", line 28, in __call__
    return await super().__call__(scope, receive, send)
           ^^^^^^^^^^^^^^^^^^^^^^^^^^^^^^^^^^^^^^^^^^^^
  File "D:\testplatformservice\testplatform\venv\Lib\site-packages\channels\middleware.py", line 24, in __call__
    return await self.inner(scope, receive, send)
           ^^^^^^^^^^^^^^^^^^^^^^^^^^^^^^^^^^^^^^
  File "D:\testplatformservice\testplatform\venv\Lib\site-packages\channels\routing.py", line 118, in __call__
    return await application(
           ^^^^^^^^^^^^^^^^^^
  File "D:\testplatformservice\testplatform\venv\Lib\site-packages\channels\consumer.py", line 95, in app
    return await consumer(scope, receive, send)
           ^^^^^^^^^^^^^^^^^^^^^^^^^^^^^^^^^^^^
  File "D:\testplatformservice\testplatform\venv\Lib\site-packages\channels\consumer.py", line 58, in __call__
    await await_many_dispatch(
  File "D:\testplatformservice\testplatform\venv\Lib\site-packages\channels\utils.py", line 57, in await_many_dispatch
    await task
redis.exceptions.ResponseError: unknown command 'BZPOPMIN'
[2026-07-06 11:03:00] ERROR [daphne.server:303] Exception inside application: unknown command 'BZPOPMIN'
Traceback (most recent call last):
  File "D:\testplatformservice\testplatform\venv\Lib\site-packages\channels\routing.py", line 48, in __call__
    return await application(scope, receive, send)
           ^^^^^^^^^^^^^^^^^^^^^^^^^^^^^^^^^^^^^^^
  File "D:\testplatformservice\testplatform\commons\ws\auth.py", line 28, in __call__
    return await super().__call__(scope, receive, send)
           ^^^^^^^^^^^^^^^^^^^^^^^^^^^^^^^^^^^^^^^^^^^^
  File "D:\testplatformservice\testplatform\venv\Lib\site-packages\channels\middleware.py", line 24, in __call__
    return await self.inner(scope, receive, send)
           ^^^^^^^^^^^^^^^^^^^^^^^^^^^^^^^^^^^^^^
  File "D:\testplatformservice\testplatform\venv\Lib\site-packages\channels\routing.py", line 118, in __call__
    return await application(
           ^^^^^^^^^^^^^^^^^^
  File "D:\testplatformservice\testplatform\venv\Lib\site-packages\channels\consumer.py", line 95, in app
    return await consumer(scope, receive, send)
           ^^^^^^^^^^^^^^^^^^^^^^^^^^^^^^^^^^^^
  File "D:\testplatformservice\testplatform\venv\Lib\site-packages\channels\consumer.py", line 58, in __call__
    await await_many_dispatch(
  File "D:\testplatformservice\testplatform\venv\Lib\site-packages\channels\utils.py", line 57, in await_many_dispatch
    await task
redis.exceptions.ResponseError: unknown command 'BZPOPMIN'
[2026-07-06 11:03:04] ERROR [daphne.server:303] Exception inside application: unknown command 'BZPOPMIN'
Traceback (most recent call last):
  File "D:\testplatformservice\testplatform\venv\Lib\site-packages\channels\routing.py", line 48, in __call__
    return await application(scope, receive, send)
           ^^^^^^^^^^^^^^^^^^^^^^^^^^^^^^^^^^^^^^^
  File "D:\testplatformservice\testplatform\commons\ws\auth.py", line 28, in __call__
    return await super().__call__(scope, receive, send)
           ^^^^^^^^^^^^^^^^^^^^^^^^^^^^^^^^^^^^^^^^^^^^
  File "D:\testplatformservice\testplatform\venv\Lib\site-packages\channels\middleware.py", line 24, in __call__
    return await self.inner(scope, receive, send)
           ^^^^^^^^^^^^^^^^^^^^^^^^^^^^^^^^^^^^^^
  File "D:\testplatformservice\testplatform\venv\Lib\site-packages\channels\routing.py", line 118, in __call__
    return await application(
           ^^^^^^^^^^^^^^^^^^
  File "D:\testplatformservice\testplatform\venv\Lib\site-packages\channels\consumer.py", line 95, in app
    return await consumer(scope, receive, send)
           ^^^^^^^^^^^^^^^^^^^^^^^^^^^^^^^^^^^^
  File "D:\testplatformservice\testplatform\venv\Lib\site-packages\channels\consumer.py", line 58, in __call__
    await await_many_dispatch(
  File "D:\testplatformservice\testplatform\venv\Lib\site-packages\channels\utils.py", line 57, in await_many_dispatch
    await task
redis.exceptions.ResponseError: unknown command 'BZPOPMIN'
[2026-07-06 11:03:08] ERROR [daphne.server:303] Exception inside application: unknown command 'BZPOPMIN'
Traceback (most recent call last):
  File "D:\testplatformservice\testplatform\venv\Lib\site-packages\channels\routing.py", line 48, in __call__
    return await application(scope, receive, send)
           ^^^^^^^^^^^^^^^^^^^^^^^^^^^^^^^^^^^^^^^
  File "D:\testplatformservice\testplatform\commons\ws\auth.py", line 28, in __call__
    return await super().__call__(scope, receive, send)
           ^^^^^^^^^^^^^^^^^^^^^^^^^^^^^^^^^^^^^^^^^^^^
  File "D:\testplatformservice\testplatform\venv\Lib\site-packages\channels\middleware.py", line 24, in __call__
    return await self.inner(scope, receive, send)
           ^^^^^^^^^^^^^^^^^^^^^^^^^^^^^^^^^^^^^^
  File "D:\testplatformservice\testplatform\venv\Lib\site-packages\channels\routing.py", line 118, in __call__
    return await application(
           ^^^^^^^^^^^^^^^^^^
  File "D:\testplatformservice\testplatform\venv\Lib\site-packages\channels\consumer.py", line 95, in app
    return await consumer(scope, receive, send)
           ^^^^^^^^^^^^^^^^^^^^^^^^^^^^^^^^^^^^
  File "D:\testplatformservice\testplatform\venv\Lib\site-packages\channels\consumer.py", line 58, in __call__
    await await_many_dispatch(
  File "D:\testplatformservice\testplatform\venv\Lib\site-packages\channels\utils.py", line 57, in await_many_dispatch
    await task
redis.exceptions.ResponseError: unknown command 'BZPOPMIN'
[2026-07-06 11:03:12] ERROR [daphne.server:303] Exception inside application: unknown command 'BZPOPMIN'
Traceback (most recent call last):
  File "D:\testplatformservice\testplatform\venv\Lib\site-packages\channels\routing.py", line 48, in __call__
    return await application(scope, receive, send)
           ^^^^^^^^^^^^^^^^^^^^^^^^^^^^^^^^^^^^^^^
  File "D:\testplatformservice\testplatform\commons\ws\auth.py", line 28, in __call__
    return await super().__call__(scope, receive, send)
           ^^^^^^^^^^^^^^^^^^^^^^^^^^^^^^^^^^^^^^^^^^^^
  File "D:\testplatformservice\testplatform\venv\Lib\site-packages\channels\middleware.py", line 24, in __call__
    return await self.inner(scope, receive, send)
           ^^^^^^^^^^^^^^^^^^^^^^^^^^^^^^^^^^^^^^
  File "D:\testplatformservice\testplatform\venv\Lib\site-packages\channels\routing.py", line 118, in __call__
    return await application(
           ^^^^^^^^^^^^^^^^^^
  File "D:\testplatformservice\testplatform\venv\Lib\site-packages\channels\consumer.py", line 95, in app
    return await consumer(scope, receive, send)
           ^^^^^^^^^^^^^^^^^^^^^^^^^^^^^^^^^^^^
  File "D:\testplatformservice\testplatform\venv\Lib\site-packages\channels\consumer.py", line 58, in __call__
    await await_many_dispatch(
  File "D:\testplatformservice\testplatform\venv\Lib\site-packages\channels\utils.py", line 57, in await_many_dispatch
    await task
redis.exceptions.ResponseError: unknown command 'BZPOPMIN'
[2026-07-06 11:03:16] ERROR [daphne.server:303] Exception inside application: unknown command 'BZPOPMIN'
Traceback (most recent call last):
  File "D:\testplatformservice\testplatform\venv\Lib\site-packages\channels\routing.py", line 48, in __call__
    return await application(scope, receive, send)
           ^^^^^^^^^^^^^^^^^^^^^^^^^^^^^^^^^^^^^^^
  File "D:\testplatformservice\testplatform\commons\ws\auth.py", line 28, in __call__
    return await super().__call__(scope, receive, send)
           ^^^^^^^^^^^^^^^^^^^^^^^^^^^^^^^^^^^^^^^^^^^^
  File "D:\testplatformservice\testplatform\venv\Lib\site-packages\channels\middleware.py", line 24, in __call__
    return await self.inner(scope, receive, send)
           ^^^^^^^^^^^^^^^^^^^^^^^^^^^^^^^^^^^^^^
  File "D:\testplatformservice\testplatform\venv\Lib\site-packages\channels\routing.py", line 118, in __call__
    return await application(
           ^^^^^^^^^^^^^^^^^^
  File "D:\testplatformservice\testplatform\venv\Lib\site-packages\channels\consumer.py", line 95, in app
    return await consumer(scope, receive, send)
           ^^^^^^^^^^^^^^^^^^^^^^^^^^^^^^^^^^^^
  File "D:\testplatformservice\testplatform\venv\Lib\site-packages\channels\consumer.py", line 58, in __call__
    await await_many_dispatch(
  File "D:\testplatformservice\testplatform\venv\Lib\site-packages\channels\utils.py", line 57, in await_many_dispatch
    await task
redis.exceptions.ResponseError: unknown command 'BZPOPMIN'
[2026-07-06 11:03:20] ERROR [daphne.server:303] Exception inside application: unknown command 'BZPOPMIN'
Traceback (most recent call last):
  File "D:\testplatformservice\testplatform\venv\Lib\site-packages\channels\routing.py", line 48, in __call__
    return await application(scope, receive, send)
           ^^^^^^^^^^^^^^^^^^^^^^^^^^^^^^^^^^^^^^^
  File "D:\testplatformservice\testplatform\commons\ws\auth.py", line 28, in __call__
    return await super().__call__(scope, receive, send)
           ^^^^^^^^^^^^^^^^^^^^^^^^^^^^^^^^^^^^^^^^^^^^
  File "D:\testplatformservice\testplatform\venv\Lib\site-packages\channels\middleware.py", line 24, in __call__
    return await self.inner(scope, receive, send)
           ^^^^^^^^^^^^^^^^^^^^^^^^^^^^^^^^^^^^^^
  File "D:\testplatformservice\testplatform\venv\Lib\site-packages\channels\routing.py", line 118, in __call__
    return await application(
           ^^^^^^^^^^^^^^^^^^
  File "D:\testplatformservice\testplatform\venv\Lib\site-packages\channels\consumer.py", line 95, in app
    return await consumer(scope, receive, send)
           ^^^^^^^^^^^^^^^^^^^^^^^^^^^^^^^^^^^^
  File "D:\testplatformservice\testplatform\venv\Lib\site-packages\channels\consumer.py", line 58, in __call__
    await await_many_dispatch(
  File "D:\testplatformservice\testplatform\venv\Lib\site-packages\channels\utils.py", line 57, in await_many_dispatch
    await task
redis.exceptions.ResponseError: unknown command 'BZPOPMIN'
[2026-07-06 11:03:25] ERROR [daphne.server:303] Exception inside application: unknown command 'BZPOPMIN'
Traceback (most recent call last):
  File "D:\testplatformservice\testplatform\venv\Lib\site-packages\channels\routing.py", line 48, in __call__
    return await application(scope, receive, send)
           ^^^^^^^^^^^^^^^^^^^^^^^^^^^^^^^^^^^^^^^
  File "D:\testplatformservice\testplatform\commons\ws\auth.py", line 28, in __call__
    return await super().__call__(scope, receive, send)
           ^^^^^^^^^^^^^^^^^^^^^^^^^^^^^^^^^^^^^^^^^^^^
  File "D:\testplatformservice\testplatform\venv\Lib\site-packages\channels\middleware.py", line 24, in __call__
    return await self.inner(scope, receive, send)
           ^^^^^^^^^^^^^^^^^^^^^^^^^^^^^^^^^^^^^^
  File "D:\testplatformservice\testplatform\venv\Lib\site-packages\channels\routing.py", line 118, in __call__
    return await application(
           ^^^^^^^^^^^^^^^^^^
  File "D:\testplatformservice\testplatform\venv\Lib\site-packages\channels\consumer.py", line 95, in app
    return await consumer(scope, receive, send)
           ^^^^^^^^^^^^^^^^^^^^^^^^^^^^^^^^^^^^
  File "D:\testplatformservice\testplatform\venv\Lib\site-packages\channels\consumer.py", line 58, in __call__
    await await_many_dispatch(
  File "D:\testplatformservice\testplatform\venv\Lib\site-packages\channels\utils.py", line 57, in await_many_dispatch
    await task
redis.exceptions.ResponseError: unknown command 'BZPOPMIN'
[2026-07-06 11:03:29] ERROR [daphne.server:303] Exception inside application: unknown command 'BZPOPMIN'
Traceback (most recent call last):
  File "D:\testplatformservice\testplatform\venv\Lib\site-packages\channels\routing.py", line 48, in __call__
    return await application(scope, receive, send)
           ^^^^^^^^^^^^^^^^^^^^^^^^^^^^^^^^^^^^^^^
  File "D:\testplatformservice\testplatform\commons\ws\auth.py", line 28, in __call__
    return await super().__call__(scope, receive, send)
           ^^^^^^^^^^^^^^^^^^^^^^^^^^^^^^^^^^^^^^^^^^^^
  File "D:\testplatformservice\testplatform\venv\Lib\site-packages\channels\middleware.py", line 24, in __call__
    return await self.inner(scope, receive, send)
           ^^^^^^^^^^^^^^^^^^^^^^^^^^^^^^^^^^^^^^
  File "D:\testplatformservice\testplatform\venv\Lib\site-packages\channels\routing.py", line 118, in __call__
    return await application(
           ^^^^^^^^^^^^^^^^^^
  File "D:\testplatformservice\testplatform\venv\Lib\site-packages\channels\consumer.py", line 95, in app
    return await consumer(scope, receive, send)
           ^^^^^^^^^^^^^^^^^^^^^^^^^^^^^^^^^^^^
  File "D:\testplatformservice\testplatform\venv\Lib\site-packages\channels\consumer.py", line 58, in __call__
    await await_many_dispatch(
  File "D:\testplatformservice\testplatform\venv\Lib\site-packages\channels\utils.py", line 57, in await_many_dispatch
    await task
redis.exceptions.ResponseError: unknown command 'BZPOPMIN'
[2026-07-06 11:03:33] ERROR [daphne.server:303] Exception inside application: unknown command 'BZPOPMIN'
Traceback (most recent call last):
  File "D:\testplatformservice\testplatform\venv\Lib\site-packages\channels\routing.py", line 48, in __call__
    return await application(scope, receive, send)
           ^^^^^^^^^^^^^^^^^^^^^^^^^^^^^^^^^^^^^^^
  File "D:\testplatformservice\testplatform\commons\ws\auth.py", line 28, in __call__
    return await super().__call__(scope, receive, send)
           ^^^^^^^^^^^^^^^^^^^^^^^^^^^^^^^^^^^^^^^^^^^^
  File "D:\testplatformservice\testplatform\venv\Lib\site-packages\channels\middleware.py", line 24, in __call__
    return await self.inner(scope, receive, send)
           ^^^^^^^^^^^^^^^^^^^^^^^^^^^^^^^^^^^^^^
  File "D:\testplatformservice\testplatform\venv\Lib\site-packages\channels\routing.py", line 118, in __call__
    return await application(
           ^^^^^^^^^^^^^^^^^^
  File "D:\testplatformservice\testplatform\venv\Lib\site-packages\channels\consumer.py", line 95, in app
    return await consumer(scope, receive, send)
           ^^^^^^^^^^^^^^^^^^^^^^^^^^^^^^^^^^^^
  File "D:\testplatformservice\testplatform\venv\Lib\site-packages\channels\consumer.py", line 58, in __call__
    await await_many_dispatch(
  File "D:\testplatformservice\testplatform\venv\Lib\site-packages\channels\utils.py", line 57, in await_many_dispatch
    await task
redis.exceptions.ResponseError: unknown command 'BZPOPMIN'
[2026-07-06 11:03:37] ERROR [daphne.server:303] Exception inside application: unknown command 'BZPOPMIN'
Traceback (most recent call last):
  File "D:\testplatformservice\testplatform\venv\Lib\site-packages\channels\routing.py", line 48, in __call__
    return await application(scope, receive, send)
           ^^^^^^^^^^^^^^^^^^^^^^^^^^^^^^^^^^^^^^^
  File "D:\testplatformservice\testplatform\commons\ws\auth.py", line 28, in __call__
    return await super().__call__(scope, receive, send)
           ^^^^^^^^^^^^^^^^^^^^^^^^^^^^^^^^^^^^^^^^^^^^
  File "D:\testplatformservice\testplatform\venv\Lib\site-packages\channels\middleware.py", line 24, in __call__
    return await self.inner(scope, receive, send)
           ^^^^^^^^^^^^^^^^^^^^^^^^^^^^^^^^^^^^^^
  File "D:\testplatformservice\testplatform\venv\Lib\site-packages\channels\routing.py", line 118, in __call__
    return await application(
           ^^^^^^^^^^^^^^^^^^
  File "D:\testplatformservice\testplatform\venv\Lib\site-packages\channels\consumer.py", line 95, in app
    return await consumer(scope, receive, send)
           ^^^^^^^^^^^^^^^^^^^^^^^^^^^^^^^^^^^^
  File "D:\testplatformservice\testplatform\venv\Lib\site-packages\channels\consumer.py", line 58, in __call__
    await await_many_dispatch(
  File "D:\testplatformservice\testplatform\venv\Lib\site-packages\channels\utils.py", line 57, in await_many_dispatch
    await task
redis.exceptions.ResponseError: unknown command 'BZPOPMIN'
[2026-07-06 11:03:41] ERROR [daphne.server:303] Exception inside application: unknown command 'BZPOPMIN'
Traceback (most recent call last):
  File "D:\testplatformservice\testplatform\venv\Lib\site-packages\channels\routing.py", line 48, in __call__
    return await application(scope, receive, send)
           ^^^^^^^^^^^^^^^^^^^^^^^^^^^^^^^^^^^^^^^
  File "D:\testplatformservice\testplatform\commons\ws\auth.py", line 28, in __call__
    return await super().__call__(scope, receive, send)
           ^^^^^^^^^^^^^^^^^^^^^^^^^^^^^^^^^^^^^^^^^^^^
  File "D:\testplatformservice\testplatform\venv\Lib\site-packages\channels\middleware.py", line 24, in __call__
    return await self.inner(scope, receive, send)
           ^^^^^^^^^^^^^^^^^^^^^^^^^^^^^^^^^^^^^^
  File "D:\testplatformservice\testplatform\venv\Lib\site-packages\channels\routing.py", line 118, in __call__
    return await application(
           ^^^^^^^^^^^^^^^^^^
  File "D:\testplatformservice\testplatform\venv\Lib\site-packages\channels\consumer.py", line 95, in app
    return await consumer(scope, receive, send)
           ^^^^^^^^^^^^^^^^^^^^^^^^^^^^^^^^^^^^
  File "D:\testplatformservice\testplatform\venv\Lib\site-packages\channels\consumer.py", line 58, in __call__
    await await_many_dispatch(
  File "D:\testplatformservice\testplatform\venv\Lib\site-packages\channels\utils.py", line 57, in await_many_dispatch
    await task
redis.exceptions.ResponseError: unknown command 'BZPOPMIN'
[2026-07-06 11:03:45] ERROR [daphne.server:303] Exception inside application: unknown command 'BZPOPMIN'
Traceback (most recent call last):
  File "D:\testplatformservice\testplatform\venv\Lib\site-packages\channels\routing.py", line 48, in __call__
    return await application(scope, receive, send)
           ^^^^^^^^^^^^^^^^^^^^^^^^^^^^^^^^^^^^^^^
  File "D:\testplatformservice\testplatform\commons\ws\auth.py", line 28, in __call__
    return await super().__call__(scope, receive, send)
           ^^^^^^^^^^^^^^^^^^^^^^^^^^^^^^^^^^^^^^^^^^^^
  File "D:\testplatformservice\testplatform\venv\Lib\site-packages\channels\middleware.py", line 24, in __call__
    return await self.inner(scope, receive, send)
           ^^^^^^^^^^^^^^^^^^^^^^^^^^^^^^^^^^^^^^
  File "D:\testplatformservice\testplatform\venv\Lib\site-packages\channels\routing.py", line 118, in __call__
    return await application(
           ^^^^^^^^^^^^^^^^^^
  File "D:\testplatformservice\testplatform\venv\Lib\site-packages\channels\consumer.py", line 95, in app
    return await consumer(scope, receive, send)
           ^^^^^^^^^^^^^^^^^^^^^^^^^^^^^^^^^^^^
  File "D:\testplatformservice\testplatform\venv\Lib\site-packages\channels\consumer.py", line 58, in __call__
    await await_many_dispatch(
  File "D:\testplatformservice\testplatform\venv\Lib\site-packages\channels\utils.py", line 57, in await_many_dispatch
    await task
redis.exceptions.ResponseError: unknown command 'BZPOPMIN'
[2026-07-06 11:03:49] ERROR [daphne.server:303] Exception inside application: unknown command 'BZPOPMIN'
Traceback (most recent call last):
  File "D:\testplatformservice\testplatform\venv\Lib\site-packages\channels\routing.py", line 48, in __call__
    return await application(scope, receive, send)
           ^^^^^^^^^^^^^^^^^^^^^^^^^^^^^^^^^^^^^^^
  File "D:\testplatformservice\testplatform\commons\ws\auth.py", line 28, in __call__
    return await super().__call__(scope, receive, send)
           ^^^^^^^^^^^^^^^^^^^^^^^^^^^^^^^^^^^^^^^^^^^^
  File "D:\testplatformservice\testplatform\venv\Lib\site-packages\channels\middleware.py", line 24, in __call__
    return await self.inner(scope, receive, send)
           ^^^^^^^^^^^^^^^^^^^^^^^^^^^^^^^^^^^^^^
  File "D:\testplatformservice\testplatform\venv\Lib\site-packages\channels\routing.py", line 118, in __call__
    return await application(
           ^^^^^^^^^^^^^^^^^^
  File "D:\testplatformservice\testplatform\venv\Lib\site-packages\channels\consumer.py", line 95, in app
    return await consumer(scope, receive, send)
           ^^^^^^^^^^^^^^^^^^^^^^^^^^^^^^^^^^^^
  File "D:\testplatformservice\testplatform\venv\Lib\site-packages\channels\consumer.py", line 58, in __call__
    await await_many_dispatch(
  File "D:\testplatformservice\testplatform\venv\Lib\site-packages\channels\utils.py", line 57, in await_many_dispatch
    await task
redis.exceptions.ResponseError: unknown command 'BZPOPMIN'
[2026-07-06 11:03:53] ERROR [daphne.server:303] Exception inside application: unknown command 'BZPOPMIN'
Traceback (most recent call last):
  File "D:\testplatformservice\testplatform\venv\Lib\site-packages\channels\routing.py", line 48, in __call__
    return await application(scope, receive, send)
           ^^^^^^^^^^^^^^^^^^^^^^^^^^^^^^^^^^^^^^^
  File "D:\testplatformservice\testplatform\commons\ws\auth.py", line 28, in __call__
    return await super().__call__(scope, receive, send)
           ^^^^^^^^^^^^^^^^^^^^^^^^^^^^^^^^^^^^^^^^^^^^
  File "D:\testplatformservice\testplatform\venv\Lib\site-packages\channels\middleware.py", line 24, in __call__
    return await self.inner(scope, receive, send)
           ^^^^^^^^^^^^^^^^^^^^^^^^^^^^^^^^^^^^^^
  File "D:\testplatformservice\testplatform\venv\Lib\site-packages\channels\routing.py", line 118, in __call__
    return await application(
           ^^^^^^^^^^^^^^^^^^
  File "D:\testplatformservice\testplatform\venv\Lib\site-packages\channels\consumer.py", line 95, in app
    return await consumer(scope, receive, send)
           ^^^^^^^^^^^^^^^^^^^^^^^^^^^^^^^^^^^^
  File "D:\testplatformservice\testplatform\venv\Lib\site-packages\channels\consumer.py", line 58, in __call__
    await await_many_dispatch(
  File "D:\testplatformservice\testplatform\venv\Lib\site-packages\channels\utils.py", line 57, in await_many_dispatch
    await task
redis.exceptions.ResponseError: unknown command 'BZPOPMIN'
[2026-07-06 11:03:57] ERROR [daphne.server:303] Exception inside application: unknown command 'BZPOPMIN'
Traceback (most recent call last):
  File "D:\testplatformservice\testplatform\venv\Lib\site-packages\channels\routing.py", line 48, in __call__
    return await application(scope, receive, send)
           ^^^^^^^^^^^^^^^^^^^^^^^^^^^^^^^^^^^^^^^
  File "D:\testplatformservice\testplatform\commons\ws\auth.py", line 28, in __call__
    return await super().__call__(scope, receive, send)
           ^^^^^^^^^^^^^^^^^^^^^^^^^^^^^^^^^^^^^^^^^^^^
  File "D:\testplatformservice\testplatform\venv\Lib\site-packages\channels\middleware.py", line 24, in __call__
    return await self.inner(scope, receive, send)
           ^^^^^^^^^^^^^^^^^^^^^^^^^^^^^^^^^^^^^^
  File "D:\testplatformservice\testplatform\venv\Lib\site-packages\channels\routing.py", line 118, in __call__
    return await application(
           ^^^^^^^^^^^^^^^^^^
  File "D:\testplatformservice\testplatform\venv\Lib\site-packages\channels\consumer.py", line 95, in app
    return await consumer(scope, receive, send)
           ^^^^^^^^^^^^^^^^^^^^^^^^^^^^^^^^^^^^
  File "D:\testplatformservice\testplatform\venv\Lib\site-packages\channels\consumer.py", line 58, in __call__
    await await_many_dispatch(
  File "D:\testplatformservice\testplatform\venv\Lib\site-packages\channels\utils.py", line 57, in await_many_dispatch
    await task
redis.exceptions.ResponseError: unknown command 'BZPOPMIN'
[2026-07-06 11:04:01] ERROR [daphne.server:303] Exception inside application: unknown command 'BZPOPMIN'
Traceback (most recent call last):
  File "D:\testplatformservice\testplatform\venv\Lib\site-packages\channels\routing.py", line 48, in __call__
    return await application(scope, receive, send)
           ^^^^^^^^^^^^^^^^^^^^^^^^^^^^^^^^^^^^^^^
  File "D:\testplatformservice\testplatform\commons\ws\auth.py", line 28, in __call__
    return await super().__call__(scope, receive, send)
           ^^^^^^^^^^^^^^^^^^^^^^^^^^^^^^^^^^^^^^^^^^^^
  File "D:\testplatformservice\testplatform\venv\Lib\site-packages\channels\middleware.py", line 24, in __call__
    return await self.inner(scope, receive, send)
           ^^^^^^^^^^^^^^^^^^^^^^^^^^^^^^^^^^^^^^
  File "D:\testplatformservice\testplatform\venv\Lib\site-packages\channels\routing.py", line 118, in __call__
    return await application(
           ^^^^^^^^^^^^^^^^^^
  File "D:\testplatformservice\testplatform\venv\Lib\site-packages\channels\consumer.py", line 95, in app
    return await consumer(scope, receive, send)
           ^^^^^^^^^^^^^^^^^^^^^^^^^^^^^^^^^^^^
  File "D:\testplatformservice\testplatform\venv\Lib\site-packages\channels\consumer.py", line 58, in __call__
    await await_many_dispatch(
  File "D:\testplatformservice\testplatform\venv\Lib\site-packages\channels\utils.py", line 57, in await_many_dispatch
    await task
redis.exceptions.ResponseError: unknown command 'BZPOPMIN'
[2026-07-06 11:04:05] ERROR [daphne.server:303] Exception inside application: unknown command 'BZPOPMIN'
Traceback (most recent call last):
  File "D:\testplatformservice\testplatform\venv\Lib\site-packages\channels\routing.py", line 48, in __call__
    return await application(scope, receive, send)
           ^^^^^^^^^^^^^^^^^^^^^^^^^^^^^^^^^^^^^^^
  File "D:\testplatformservice\testplatform\commons\ws\auth.py", line 28, in __call__
    return await super().__call__(scope, receive, send)
           ^^^^^^^^^^^^^^^^^^^^^^^^^^^^^^^^^^^^^^^^^^^^
  File "D:\testplatformservice\testplatform\venv\Lib\site-packages\channels\middleware.py", line 24, in __call__
    return await self.inner(scope, receive, send)
           ^^^^^^^^^^^^^^^^^^^^^^^^^^^^^^^^^^^^^^
  File "D:\testplatformservice\testplatform\venv\Lib\site-packages\channels\routing.py", line 118, in __call__
    return await application(
           ^^^^^^^^^^^^^^^^^^
  File "D:\testplatformservice\testplatform\venv\Lib\site-packages\channels\consumer.py", line 95, in app
    return await consumer(scope, receive, send)
           ^^^^^^^^^^^^^^^^^^^^^^^^^^^^^^^^^^^^
  File "D:\testplatformservice\testplatform\venv\Lib\site-packages\channels\consumer.py", line 58, in __call__
    await await_many_dispatch(
  File "D:\testplatformservice\testplatform\venv\Lib\site-packages\channels\utils.py", line 57, in await_many_dispatch
    await task
redis.exceptions.ResponseError: unknown command 'BZPOPMIN'
[2026-07-06 11:04:09] ERROR [daphne.server:303] Exception inside application: unknown command 'BZPOPMIN'
Traceback (most recent call last):
  File "D:\testplatformservice\testplatform\venv\Lib\site-packages\channels\routing.py", line 48, in __call__
    return await application(scope, receive, send)
           ^^^^^^^^^^^^^^^^^^^^^^^^^^^^^^^^^^^^^^^
  File "D:\testplatformservice\testplatform\commons\ws\auth.py", line 28, in __call__
    return await super().__call__(scope, receive, send)
           ^^^^^^^^^^^^^^^^^^^^^^^^^^^^^^^^^^^^^^^^^^^^
  File "D:\testplatformservice\testplatform\venv\Lib\site-packages\channels\middleware.py", line 24, in __call__
    return await self.inner(scope, receive, send)
           ^^^^^^^^^^^^^^^^^^^^^^^^^^^^^^^^^^^^^^
  File "D:\testplatformservice\testplatform\venv\Lib\site-packages\channels\routing.py", line 118, in __call__
    return await application(
           ^^^^^^^^^^^^^^^^^^
  File "D:\testplatformservice\testplatform\venv\Lib\site-packages\channels\consumer.py", line 95, in app
    return await consumer(scope, receive, send)
           ^^^^^^^^^^^^^^^^^^^^^^^^^^^^^^^^^^^^
  File "D:\testplatformservice\testplatform\venv\Lib\site-packages\channels\consumer.py", line 58, in __call__
    await await_many_dispatch(
  File "D:\testplatformservice\testplatform\venv\Lib\site-packages\channels\utils.py", line 57, in await_many_dispatch
    await task
redis.exceptions.ResponseError: unknown command 'BZPOPMIN'
[2026-07-06 11:04:13] ERROR [daphne.server:303] Exception inside application: unknown command 'BZPOPMIN'
Traceback (most recent call last):
  File "D:\testplatformservice\testplatform\venv\Lib\site-packages\channels\routing.py", line 48, in __call__
    return await application(scope, receive, send)
           ^^^^^^^^^^^^^^^^^^^^^^^^^^^^^^^^^^^^^^^
  File "D:\testplatformservice\testplatform\commons\ws\auth.py", line 28, in __call__
    return await super().__call__(scope, receive, send)
           ^^^^^^^^^^^^^^^^^^^^^^^^^^^^^^^^^^^^^^^^^^^^
  File "D:\testplatformservice\testplatform\venv\Lib\site-packages\channels\middleware.py", line 24, in __call__
    return await self.inner(scope, receive, send)
           ^^^^^^^^^^^^^^^^^^^^^^^^^^^^^^^^^^^^^^
  File "D:\testplatformservice\testplatform\venv\Lib\site-packages\channels\routing.py", line 118, in __call__
    return await application(
           ^^^^^^^^^^^^^^^^^^
  File "D:\testplatformservice\testplatform\venv\Lib\site-packages\channels\consumer.py", line 95, in app
    return await consumer(scope, receive, send)
           ^^^^^^^^^^^^^^^^^^^^^^^^^^^^^^^^^^^^
  File "D:\testplatformservice\testplatform\venv\Lib\site-packages\channels\consumer.py", line 58, in __call__
    await await_many_dispatch(
  File "D:\testplatformservice\testplatform\venv\Lib\site-packages\channels\utils.py", line 57, in await_many_dispatch
    await task
redis.exceptions.ResponseError: unknown command 'BZPOPMIN'
[2026-07-06 11:04:17] ERROR [daphne.server:303] Exception inside application: unknown command 'BZPOPMIN'
Traceback (most recent call last):
  File "D:\testplatformservice\testplatform\venv\Lib\site-packages\channels\routing.py", line 48, in __call__
    return await application(scope, receive, send)
           ^^^^^^^^^^^^^^^^^^^^^^^^^^^^^^^^^^^^^^^
  File "D:\testplatformservice\testplatform\commons\ws\auth.py", line 28, in __call__
    return await super().__call__(scope, receive, send)
           ^^^^^^^^^^^^^^^^^^^^^^^^^^^^^^^^^^^^^^^^^^^^
  File "D:\testplatformservice\testplatform\venv\Lib\site-packages\channels\middleware.py", line 24, in __call__
    return await self.inner(scope, receive, send)
           ^^^^^^^^^^^^^^^^^^^^^^^^^^^^^^^^^^^^^^
  File "D:\testplatformservice\testplatform\venv\Lib\site-packages\channels\routing.py", line 118, in __call__
    return await application(
           ^^^^^^^^^^^^^^^^^^
  File "D:\testplatformservice\testplatform\venv\Lib\site-packages\channels\consumer.py", line 95, in app
    return await consumer(scope, receive, send)
           ^^^^^^^^^^^^^^^^^^^^^^^^^^^^^^^^^^^^
  File "D:\testplatformservice\testplatform\venv\Lib\site-packages\channels\consumer.py", line 58, in __call__
    await await_many_dispatch(
  File "D:\testplatformservice\testplatform\venv\Lib\site-packages\channels\utils.py", line 57, in await_many_dispatch
    await task
redis.exceptions.ResponseError: unknown command 'BZPOPMIN'
[2026-07-06 11:04:21] ERROR [daphne.server:303] Exception inside application: unknown command 'BZPOPMIN'
Traceback (most recent call last):
  File "D:\testplatformservice\testplatform\venv\Lib\site-packages\channels\routing.py", line 48, in __call__
    return await application(scope, receive, send)
           ^^^^^^^^^^^^^^^^^^^^^^^^^^^^^^^^^^^^^^^
  File "D:\testplatformservice\testplatform\commons\ws\auth.py", line 28, in __call__
    return await super().__call__(scope, receive, send)
           ^^^^^^^^^^^^^^^^^^^^^^^^^^^^^^^^^^^^^^^^^^^^
  File "D:\testplatformservice\testplatform\venv\Lib\site-packages\channels\middleware.py", line 24, in __call__
    return await self.inner(scope, receive, send)
           ^^^^^^^^^^^^^^^^^^^^^^^^^^^^^^^^^^^^^^
  File "D:\testplatformservice\testplatform\venv\Lib\site-packages\channels\routing.py", line 118, in __call__
    return await application(
           ^^^^^^^^^^^^^^^^^^
  File "D:\testplatformservice\testplatform\venv\Lib\site-packages\channels\consumer.py", line 95, in app
    return await consumer(scope, receive, send)
           ^^^^^^^^^^^^^^^^^^^^^^^^^^^^^^^^^^^^
  File "D:\testplatformservice\testplatform\venv\Lib\site-packages\channels\consumer.py", line 58, in __call__
    await await_many_dispatch(
  File "D:\testplatformservice\testplatform\venv\Lib\site-packages\channels\utils.py", line 57, in await_many_dispatch
    await task
redis.exceptions.ResponseError: unknown command 'BZPOPMIN'
[2026-07-06 11:04:25] ERROR [daphne.server:303] Exception inside application: unknown command 'BZPOPMIN'
Traceback (most recent call last):
  File "D:\testplatformservice\testplatform\venv\Lib\site-packages\channels\routing.py", line 48, in __call__
    return await application(scope, receive, send)
           ^^^^^^^^^^^^^^^^^^^^^^^^^^^^^^^^^^^^^^^
  File "D:\testplatformservice\testplatform\commons\ws\auth.py", line 28, in __call__
    return await super().__call__(scope, receive, send)
           ^^^^^^^^^^^^^^^^^^^^^^^^^^^^^^^^^^^^^^^^^^^^
  File "D:\testplatformservice\testplatform\venv\Lib\site-packages\channels\middleware.py", line 24, in __call__
    return await self.inner(scope, receive, send)
           ^^^^^^^^^^^^^^^^^^^^^^^^^^^^^^^^^^^^^^
  File "D:\testplatformservice\testplatform\venv\Lib\site-packages\channels\routing.py", line 118, in __call__
    return await application(
           ^^^^^^^^^^^^^^^^^^
  File "D:\testplatformservice\testplatform\venv\Lib\site-packages\channels\consumer.py", line 95, in app
    return await consumer(scope, receive, send)
           ^^^^^^^^^^^^^^^^^^^^^^^^^^^^^^^^^^^^
  File "D:\testplatformservice\testplatform\venv\Lib\site-packages\channels\consumer.py", line 58, in __call__
    await await_many_dispatch(
  File "D:\testplatformservice\testplatform\venv\Lib\site-packages\channels\utils.py", line 57, in await_many_dispatch
    await task
redis.exceptions.ResponseError: unknown command 'BZPOPMIN'
[2026-07-06 11:04:29] ERROR [daphne.server:303] Exception inside application: unknown command 'BZPOPMIN'
Traceback (most recent call last):
  File "D:\testplatformservice\testplatform\venv\Lib\site-packages\channels\routing.py", line 48, in __call__
    return await application(scope, receive, send)
           ^^^^^^^^^^^^^^^^^^^^^^^^^^^^^^^^^^^^^^^
  File "D:\testplatformservice\testplatform\commons\ws\auth.py", line 28, in __call__
    return await super().__call__(scope, receive, send)
           ^^^^^^^^^^^^^^^^^^^^^^^^^^^^^^^^^^^^^^^^^^^^
  File "D:\testplatformservice\testplatform\venv\Lib\site-packages\channels\middleware.py", line 24, in __call__
    return await self.inner(scope, receive, send)
           ^^^^^^^^^^^^^^^^^^^^^^^^^^^^^^^^^^^^^^
  File "D:\testplatformservice\testplatform\venv\Lib\site-packages\channels\routing.py", line 118, in __call__
    return await application(
           ^^^^^^^^^^^^^^^^^^
  File "D:\testplatformservice\testplatform\venv\Lib\site-packages\channels\consumer.py", line 95, in app
    return await consumer(scope, receive, send)
           ^^^^^^^^^^^^^^^^^^^^^^^^^^^^^^^^^^^^
  File "D:\testplatformservice\testplatform\venv\Lib\site-packages\channels\consumer.py", line 58, in __call__
    await await_many_dispatch(
  File "D:\testplatformservice\testplatform\venv\Lib\site-packages\channels\utils.py", line 57, in await_many_dispatch
    await task
redis.exceptions.ResponseError: unknown command 'BZPOPMIN'
[2026-07-06 11:04:33] ERROR [daphne.server:303] Exception inside application: unknown command 'BZPOPMIN'
Traceback (most recent call last):
  File "D:\testplatformservice\testplatform\venv\Lib\site-packages\channels\routing.py", line 48, in __call__
    return await application(scope, receive, send)
           ^^^^^^^^^^^^^^^^^^^^^^^^^^^^^^^^^^^^^^^
  File "D:\testplatformservice\testplatform\commons\ws\auth.py", line 28, in __call__
    return await super().__call__(scope, receive, send)
           ^^^^^^^^^^^^^^^^^^^^^^^^^^^^^^^^^^^^^^^^^^^^
  File "D:\testplatformservice\testplatform\venv\Lib\site-packages\channels\middleware.py", line 24, in __call__
    return await self.inner(scope, receive, send)
           ^^^^^^^^^^^^^^^^^^^^^^^^^^^^^^^^^^^^^^
  File "D:\testplatformservice\testplatform\venv\Lib\site-packages\channels\routing.py", line 118, in __call__
    return await application(
           ^^^^^^^^^^^^^^^^^^
  File "D:\testplatformservice\testplatform\venv\Lib\site-packages\channels\consumer.py", line 95, in app
    return await consumer(scope, receive, send)
           ^^^^^^^^^^^^^^^^^^^^^^^^^^^^^^^^^^^^
  File "D:\testplatformservice\testplatform\venv\Lib\site-packages\channels\consumer.py", line 58, in __call__
    await await_many_dispatch(
  File "D:\testplatformservice\testplatform\venv\Lib\site-packages\channels\utils.py", line 57, in await_many_dispatch
    await task
redis.exceptions.ResponseError: unknown command 'BZPOPMIN'
[2026-07-06 11:04:37] ERROR [daphne.server:303] Exception inside application: unknown command 'BZPOPMIN'
Traceback (most recent call last):
  File "D:\testplatformservice\testplatform\venv\Lib\site-packages\channels\routing.py", line 48, in __call__
    return await application(scope, receive, send)
           ^^^^^^^^^^^^^^^^^^^^^^^^^^^^^^^^^^^^^^^
  File "D:\testplatformservice\testplatform\commons\ws\auth.py", line 28, in __call__
    return await super().__call__(scope, receive, send)
           ^^^^^^^^^^^^^^^^^^^^^^^^^^^^^^^^^^^^^^^^^^^^
  File "D:\testplatformservice\testplatform\venv\Lib\site-packages\channels\middleware.py", line 24, in __call__
    return await self.inner(scope, receive, send)
           ^^^^^^^^^^^^^^^^^^^^^^^^^^^^^^^^^^^^^^
  File "D:\testplatformservice\testplatform\venv\Lib\site-packages\channels\routing.py", line 118, in __call__
    return await application(
           ^^^^^^^^^^^^^^^^^^
  File "D:\testplatformservice\testplatform\venv\Lib\site-packages\channels\consumer.py", line 95, in app
    return await consumer(scope, receive, send)
           ^^^^^^^^^^^^^^^^^^^^^^^^^^^^^^^^^^^^
  File "D:\testplatformservice\testplatform\venv\Lib\site-packages\channels\consumer.py", line 58, in __call__
    await await_many_dispatch(
  File "D:\testplatformservice\testplatform\venv\Lib\site-packages\channels\utils.py", line 57, in await_many_dispatch
    await task
redis.exceptions.ResponseError: unknown command 'BZPOPMIN'
[2026-07-06 11:04:41] ERROR [daphne.server:303] Exception inside application: unknown command 'BZPOPMIN'
Traceback (most recent call last):
  File "D:\testplatformservice\testplatform\venv\Lib\site-packages\channels\routing.py", line 48, in __call__
    return await application(scope, receive, send)
           ^^^^^^^^^^^^^^^^^^^^^^^^^^^^^^^^^^^^^^^
  File "D:\testplatformservice\testplatform\commons\ws\auth.py", line 28, in __call__
    return await super().__call__(scope, receive, send)
           ^^^^^^^^^^^^^^^^^^^^^^^^^^^^^^^^^^^^^^^^^^^^
  File "D:\testplatformservice\testplatform\venv\Lib\site-packages\channels\middleware.py", line 24, in __call__
    return await self.inner(scope, receive, send)
           ^^^^^^^^^^^^^^^^^^^^^^^^^^^^^^^^^^^^^^
  File "D:\testplatformservice\testplatform\venv\Lib\site-packages\channels\routing.py", line 118, in __call__
    return await application(
           ^^^^^^^^^^^^^^^^^^
  File "D:\testplatformservice\testplatform\venv\Lib\site-packages\channels\consumer.py", line 95, in app
    return await consumer(scope, receive, send)
           ^^^^^^^^^^^^^^^^^^^^^^^^^^^^^^^^^^^^
  File "D:\testplatformservice\testplatform\venv\Lib\site-packages\channels\consumer.py", line 58, in __call__
    await await_many_dispatch(
  File "D:\testplatformservice\testplatform\venv\Lib\site-packages\channels\utils.py", line 57, in await_many_dispatch
    await task
redis.exceptions.ResponseError: unknown command 'BZPOPMIN'
[2026-07-06 11:04:45] ERROR [daphne.server:303] Exception inside application: unknown command 'BZPOPMIN'
Traceback (most recent call last):
  File "D:\testplatformservice\testplatform\venv\Lib\site-packages\channels\routing.py", line 48, in __call__
    return await application(scope, receive, send)
           ^^^^^^^^^^^^^^^^^^^^^^^^^^^^^^^^^^^^^^^
  File "D:\testplatformservice\testplatform\commons\ws\auth.py", line 28, in __call__
    return await super().__call__(scope, receive, send)
           ^^^^^^^^^^^^^^^^^^^^^^^^^^^^^^^^^^^^^^^^^^^^
  File "D:\testplatformservice\testplatform\venv\Lib\site-packages\channels\middleware.py", line 24, in __call__
    return await self.inner(scope, receive, send)
           ^^^^^^^^^^^^^^^^^^^^^^^^^^^^^^^^^^^^^^
  File "D:\testplatformservice\testplatform\venv\Lib\site-packages\channels\routing.py", line 118, in __call__
    return await application(
           ^^^^^^^^^^^^^^^^^^
  File "D:\testplatformservice\testplatform\venv\Lib\site-packages\channels\consumer.py", line 95, in app
    return await consumer(scope, receive, send)
           ^^^^^^^^^^^^^^^^^^^^^^^^^^^^^^^^^^^^
  File "D:\testplatformservice\testplatform\venv\Lib\site-packages\channels\consumer.py", line 58, in __call__
    await await_many_dispatch(
  File "D:\testplatformservice\testplatform\venv\Lib\site-packages\channels\utils.py", line 57, in await_many_dispatch
    await task
redis.exceptions.ResponseError: unknown command 'BZPOPMIN'
[2026-07-06 11:04:49] ERROR [daphne.server:303] Exception inside application: unknown command 'BZPOPMIN'
Traceback (most recent call last):
  File "D:\testplatformservice\testplatform\venv\Lib\site-packages\channels\routing.py", line 48, in __call__
    return await application(scope, receive, send)
           ^^^^^^^^^^^^^^^^^^^^^^^^^^^^^^^^^^^^^^^
  File "D:\testplatformservice\testplatform\commons\ws\auth.py", line 28, in __call__
    return await super().__call__(scope, receive, send)
           ^^^^^^^^^^^^^^^^^^^^^^^^^^^^^^^^^^^^^^^^^^^^
  File "D:\testplatformservice\testplatform\venv\Lib\site-packages\channels\middleware.py", line 24, in __call__
    return await self.inner(scope, receive, send)
           ^^^^^^^^^^^^^^^^^^^^^^^^^^^^^^^^^^^^^^
  File "D:\testplatformservice\testplatform\venv\Lib\site-packages\channels\routing.py", line 118, in __call__
    return await application(
           ^^^^^^^^^^^^^^^^^^
  File "D:\testplatformservice\testplatform\venv\Lib\site-packages\channels\consumer.py", line 95, in app
    return await consumer(scope, receive, send)
           ^^^^^^^^^^^^^^^^^^^^^^^^^^^^^^^^^^^^
  File "D:\testplatformservice\testplatform\venv\Lib\site-packages\channels\consumer.py", line 58, in __call__
    await await_many_dispatch(
  File "D:\testplatformservice\testplatform\venv\Lib\site-packages\channels\utils.py", line 57, in await_many_dispatch
    await task
redis.exceptions.ResponseError: unknown command 'BZPOPMIN'
[2026-07-06 11:04:53] ERROR [daphne.server:303] Exception inside application: unknown command 'BZPOPMIN'
Traceback (most recent call last):
  File "D:\testplatformservice\testplatform\venv\Lib\site-packages\channels\routing.py", line 48, in __call__
    return await application(scope, receive, send)
           ^^^^^^^^^^^^^^^^^^^^^^^^^^^^^^^^^^^^^^^
  File "D:\testplatformservice\testplatform\commons\ws\auth.py", line 28, in __call__
    return await super().__call__(scope, receive, send)
           ^^^^^^^^^^^^^^^^^^^^^^^^^^^^^^^^^^^^^^^^^^^^
  File "D:\testplatformservice\testplatform\venv\Lib\site-packages\channels\middleware.py", line 24, in __call__
    return await self.inner(scope, receive, send)
           ^^^^^^^^^^^^^^^^^^^^^^^^^^^^^^^^^^^^^^
  File "D:\testplatformservice\testplatform\venv\Lib\site-packages\channels\routing.py", line 118, in __call__
    return await application(
           ^^^^^^^^^^^^^^^^^^
  File "D:\testplatformservice\testplatform\venv\Lib\site-packages\channels\consumer.py", line 95, in app
    return await consumer(scope, receive, send)
           ^^^^^^^^^^^^^^^^^^^^^^^^^^^^^^^^^^^^
  File "D:\testplatformservice\testplatform\venv\Lib\site-packages\channels\consumer.py", line 58, in __call__
    await await_many_dispatch(
  File "D:\testplatformservice\testplatform\venv\Lib\site-packages\channels\utils.py", line 57, in await_many_dispatch
    await task
redis.exceptions.ResponseError: unknown command 'BZPOPMIN'
[2026-07-06 11:04:57] ERROR [daphne.server:303] Exception inside application: unknown command 'BZPOPMIN'
Traceback (most recent call last):
  File "D:\testplatformservice\testplatform\venv\Lib\site-packages\channels\routing.py", line 48, in __call__
    return await application(scope, receive, send)
           ^^^^^^^^^^^^^^^^^^^^^^^^^^^^^^^^^^^^^^^
  File "D:\testplatformservice\testplatform\commons\ws\auth.py", line 28, in __call__
    return await super().__call__(scope, receive, send)
           ^^^^^^^^^^^^^^^^^^^^^^^^^^^^^^^^^^^^^^^^^^^^
  File "D:\testplatformservice\testplatform\venv\Lib\site-packages\channels\middleware.py", line 24, in __call__
    return await self.inner(scope, receive, send)
           ^^^^^^^^^^^^^^^^^^^^^^^^^^^^^^^^^^^^^^
  File "D:\testplatformservice\testplatform\venv\Lib\site-packages\channels\routing.py", line 118, in __call__
    return await application(
           ^^^^^^^^^^^^^^^^^^
  File "D:\testplatformservice\testplatform\venv\Lib\site-packages\channels\consumer.py", line 95, in app
    return await consumer(scope, receive, send)
           ^^^^^^^^^^^^^^^^^^^^^^^^^^^^^^^^^^^^
  File "D:\testplatformservice\testplatform\venv\Lib\site-packages\channels\consumer.py", line 58, in __call__
    await await_many_dispatch(
  File "D:\testplatformservice\testplatform\venv\Lib\site-packages\channels\utils.py", line 57, in await_many_dispatch
    await task
redis.exceptions.ResponseError: unknown command 'BZPOPMIN'
[2026-07-06 11:05:01] ERROR [daphne.server:303] Exception inside application: unknown command 'BZPOPMIN'
Traceback (most recent call last):
  File "D:\testplatformservice\testplatform\venv\Lib\site-packages\channels\routing.py", line 48, in __call__
    return await application(scope, receive, send)
           ^^^^^^^^^^^^^^^^^^^^^^^^^^^^^^^^^^^^^^^
  File "D:\testplatformservice\testplatform\commons\ws\auth.py", line 28, in __call__
    return await super().__call__(scope, receive, send)
           ^^^^^^^^^^^^^^^^^^^^^^^^^^^^^^^^^^^^^^^^^^^^
  File "D:\testplatformservice\testplatform\venv\Lib\site-packages\channels\middleware.py", line 24, in __call__
    return await self.inner(scope, receive, send)
           ^^^^^^^^^^^^^^^^^^^^^^^^^^^^^^^^^^^^^^
  File "D:\testplatformservice\testplatform\venv\Lib\site-packages\channels\routing.py", line 118, in __call__
    return await application(
           ^^^^^^^^^^^^^^^^^^
  File "D:\testplatformservice\testplatform\venv\Lib\site-packages\channels\consumer.py", line 95, in app
    return await consumer(scope, receive, send)
           ^^^^^^^^^^^^^^^^^^^^^^^^^^^^^^^^^^^^
  File "D:\testplatformservice\testplatform\venv\Lib\site-packages\channels\consumer.py", line 58, in __call__
    await await_many_dispatch(
  File "D:\testplatformservice\testplatform\venv\Lib\site-packages\channels\utils.py", line 57, in await_many_dispatch
    await task
redis.exceptions.ResponseError: unknown command 'BZPOPMIN'
[2026-07-06 11:05:05] ERROR [daphne.server:303] Exception inside application: unknown command 'BZPOPMIN'
Traceback (most recent call last):
  File "D:\testplatformservice\testplatform\venv\Lib\site-packages\channels\routing.py", line 48, in __call__
    return await application(scope, receive, send)
           ^^^^^^^^^^^^^^^^^^^^^^^^^^^^^^^^^^^^^^^
  File "D:\testplatformservice\testplatform\commons\ws\auth.py", line 28, in __call__
    return await super().__call__(scope, receive, send)
           ^^^^^^^^^^^^^^^^^^^^^^^^^^^^^^^^^^^^^^^^^^^^
  File "D:\testplatformservice\testplatform\venv\Lib\site-packages\channels\middleware.py", line 24, in __call__
    return await self.inner(scope, receive, send)
           ^^^^^^^^^^^^^^^^^^^^^^^^^^^^^^^^^^^^^^
  File "D:\testplatformservice\testplatform\venv\Lib\site-packages\channels\routing.py", line 118, in __call__
    return await application(
           ^^^^^^^^^^^^^^^^^^
  File "D:\testplatformservice\testplatform\venv\Lib\site-packages\channels\consumer.py", line 95, in app
    return await consumer(scope, receive, send)
           ^^^^^^^^^^^^^^^^^^^^^^^^^^^^^^^^^^^^
  File "D:\testplatformservice\testplatform\venv\Lib\site-packages\channels\consumer.py", line 58, in __call__
    await await_many_dispatch(
  File "D:\testplatformservice\testplatform\venv\Lib\site-packages\channels\utils.py", line 57, in await_many_dispatch
    await task
redis.exceptions.ResponseError: unknown command 'BZPOPMIN'
[2026-07-06 11:05:09] ERROR [daphne.server:303] Exception inside application: unknown command 'BZPOPMIN'
Traceback (most recent call last):
  File "D:\testplatformservice\testplatform\venv\Lib\site-packages\channels\routing.py", line 48, in __call__
    return await application(scope, receive, send)
           ^^^^^^^^^^^^^^^^^^^^^^^^^^^^^^^^^^^^^^^
  File "D:\testplatformservice\testplatform\commons\ws\auth.py", line 28, in __call__
    return await super().__call__(scope, receive, send)
           ^^^^^^^^^^^^^^^^^^^^^^^^^^^^^^^^^^^^^^^^^^^^
  File "D:\testplatformservice\testplatform\venv\Lib\site-packages\channels\middleware.py", line 24, in __call__
    return await self.inner(scope, receive, send)
           ^^^^^^^^^^^^^^^^^^^^^^^^^^^^^^^^^^^^^^
  File "D:\testplatformservice\testplatform\venv\Lib\site-packages\channels\routing.py", line 118, in __call__
    return await application(
           ^^^^^^^^^^^^^^^^^^
  File "D:\testplatformservice\testplatform\venv\Lib\site-packages\channels\consumer.py", line 95, in app
    return await consumer(scope, receive, send)
           ^^^^^^^^^^^^^^^^^^^^^^^^^^^^^^^^^^^^
  File "D:\testplatformservice\testplatform\venv\Lib\site-packages\channels\consumer.py", line 58, in __call__
    await await_many_dispatch(
  File "D:\testplatformservice\testplatform\venv\Lib\site-packages\channels\utils.py", line 57, in await_many_dispatch
    await task
redis.exceptions.ResponseError: unknown command 'BZPOPMIN'
[2026-07-06 11:05:13] ERROR [daphne.server:303] Exception inside application: unknown command 'BZPOPMIN'
Traceback (most recent call last):
  File "D:\testplatformservice\testplatform\venv\Lib\site-packages\channels\routing.py", line 48, in __call__
    return await application(scope, receive, send)
           ^^^^^^^^^^^^^^^^^^^^^^^^^^^^^^^^^^^^^^^
  File "D:\testplatformservice\testplatform\commons\ws\auth.py", line 28, in __call__
    return await super().__call__(scope, receive, send)
           ^^^^^^^^^^^^^^^^^^^^^^^^^^^^^^^^^^^^^^^^^^^^
  File "D:\testplatformservice\testplatform\venv\Lib\site-packages\channels\middleware.py", line 24, in __call__
    return await self.inner(scope, receive, send)
           ^^^^^^^^^^^^^^^^^^^^^^^^^^^^^^^^^^^^^^
  File "D:\testplatformservice\testplatform\venv\Lib\site-packages\channels\routing.py", line 118, in __call__
    return await application(
           ^^^^^^^^^^^^^^^^^^
  File "D:\testplatformservice\testplatform\venv\Lib\site-packages\channels\consumer.py", line 95, in app
    return await consumer(scope, receive, send)
           ^^^^^^^^^^^^^^^^^^^^^^^^^^^^^^^^^^^^
  File "D:\testplatformservice\testplatform\venv\Lib\site-packages\channels\consumer.py", line 58, in __call__
    await await_many_dispatch(
  File "D:\testplatformservice\testplatform\venv\Lib\site-packages\channels\utils.py", line 57, in await_many_dispatch
    await task
redis.exceptions.ResponseError: unknown command 'BZPOPMIN'
[2026-07-06 11:05:17] ERROR [daphne.server:303] Exception inside application: unknown command 'BZPOPMIN'
Traceback (most recent call last):
  File "D:\testplatformservice\testplatform\venv\Lib\site-packages\channels\routing.py", line 48, in __call__
    return await application(scope, receive, send)
           ^^^^^^^^^^^^^^^^^^^^^^^^^^^^^^^^^^^^^^^
  File "D:\testplatformservice\testplatform\commons\ws\auth.py", line 28, in __call__
    return await super().__call__(scope, receive, send)
           ^^^^^^^^^^^^^^^^^^^^^^^^^^^^^^^^^^^^^^^^^^^^
  File "D:\testplatformservice\testplatform\venv\Lib\site-packages\channels\middleware.py", line 24, in __call__
    return await self.inner(scope, receive, send)
           ^^^^^^^^^^^^^^^^^^^^^^^^^^^^^^^^^^^^^^
  File "D:\testplatformservice\testplatform\venv\Lib\site-packages\channels\routing.py", line 118, in __call__
    return await application(
           ^^^^^^^^^^^^^^^^^^
  File "D:\testplatformservice\testplatform\venv\Lib\site-packages\channels\consumer.py", line 95, in app
    return await consumer(scope, receive, send)
           ^^^^^^^^^^^^^^^^^^^^^^^^^^^^^^^^^^^^
  File "D:\testplatformservice\testplatform\venv\Lib\site-packages\channels\consumer.py", line 58, in __call__
    await await_many_dispatch(
  File "D:\testplatformservice\testplatform\venv\Lib\site-packages\channels\utils.py", line 57, in await_many_dispatch
    await task
redis.exceptions.ResponseError: unknown command 'BZPOPMIN'
[2026-07-06 11:05:21] ERROR [daphne.server:303] Exception inside application: unknown command 'BZPOPMIN'
Traceback (most recent call last):
  File "D:\testplatformservice\testplatform\venv\Lib\site-packages\channels\routing.py", line 48, in __call__
    return await application(scope, receive, send)
           ^^^^^^^^^^^^^^^^^^^^^^^^^^^^^^^^^^^^^^^
  File "D:\testplatformservice\testplatform\commons\ws\auth.py", line 28, in __call__
    return await super().__call__(scope, receive, send)
           ^^^^^^^^^^^^^^^^^^^^^^^^^^^^^^^^^^^^^^^^^^^^
  File "D:\testplatformservice\testplatform\venv\Lib\site-packages\channels\middleware.py", line 24, in __call__
    return await self.inner(scope, receive, send)
           ^^^^^^^^^^^^^^^^^^^^^^^^^^^^^^^^^^^^^^
  File "D:\testplatformservice\testplatform\venv\Lib\site-packages\channels\routing.py", line 118, in __call__
    return await application(
           ^^^^^^^^^^^^^^^^^^
  File "D:\testplatformservice\testplatform\venv\Lib\site-packages\channels\consumer.py", line 95, in app
    return await consumer(scope, receive, send)
           ^^^^^^^^^^^^^^^^^^^^^^^^^^^^^^^^^^^^
  File "D:\testplatformservice\testplatform\venv\Lib\site-packages\channels\consumer.py", line 58, in __call__
    await await_many_dispatch(
  File "D:\testplatformservice\testplatform\venv\Lib\site-packages\channels\utils.py", line 57, in await_many_dispatch
    await task
redis.exceptions.ResponseError: unknown command 'BZPOPMIN'
[2026-07-06 11:05:25] ERROR [daphne.server:303] Exception inside application: unknown command 'BZPOPMIN'
Traceback (most recent call last):
  File "D:\testplatformservice\testplatform\venv\Lib\site-packages\channels\routing.py", line 48, in __call__
    return await application(scope, receive, send)
           ^^^^^^^^^^^^^^^^^^^^^^^^^^^^^^^^^^^^^^^
  File "D:\testplatformservice\testplatform\commons\ws\auth.py", line 28, in __call__
    return await super().__call__(scope, receive, send)
           ^^^^^^^^^^^^^^^^^^^^^^^^^^^^^^^^^^^^^^^^^^^^
  File "D:\testplatformservice\testplatform\venv\Lib\site-packages\channels\middleware.py", line 24, in __call__
    return await self.inner(scope, receive, send)
           ^^^^^^^^^^^^^^^^^^^^^^^^^^^^^^^^^^^^^^
  File "D:\testplatformservice\testplatform\venv\Lib\site-packages\channels\routing.py", line 118, in __call__
    return await application(
           ^^^^^^^^^^^^^^^^^^
  File "D:\testplatformservice\testplatform\venv\Lib\site-packages\channels\consumer.py", line 95, in app
    return await consumer(scope, receive, send)
           ^^^^^^^^^^^^^^^^^^^^^^^^^^^^^^^^^^^^
  File "D:\testplatformservice\testplatform\venv\Lib\site-packages\channels\consumer.py", line 58, in __call__
    await await_many_dispatch(
  File "D:\testplatformservice\testplatform\venv\Lib\site-packages\channels\utils.py", line 57, in await_many_dispatch
    await task
redis.exceptions.ResponseError: unknown command 'BZPOPMIN'
[2026-07-06 11:05:29] ERROR [daphne.server:303] Exception inside application: unknown command 'BZPOPMIN'
Traceback (most recent call last):
  File "D:\testplatformservice\testplatform\venv\Lib\site-packages\channels\routing.py", line 48, in __call__
    return await application(scope, receive, send)
           ^^^^^^^^^^^^^^^^^^^^^^^^^^^^^^^^^^^^^^^
  File "D:\testplatformservice\testplatform\commons\ws\auth.py", line 28, in __call__
    return await super().__call__(scope, receive, send)
           ^^^^^^^^^^^^^^^^^^^^^^^^^^^^^^^^^^^^^^^^^^^^
  File "D:\testplatformservice\testplatform\venv\Lib\site-packages\channels\middleware.py", line 24, in __call__
    return await self.inner(scope, receive, send)
           ^^^^^^^^^^^^^^^^^^^^^^^^^^^^^^^^^^^^^^
  File "D:\testplatformservice\testplatform\venv\Lib\site-packages\channels\routing.py", line 118, in __call__
    return await application(
           ^^^^^^^^^^^^^^^^^^
  File "D:\testplatformservice\testplatform\venv\Lib\site-packages\channels\consumer.py", line 95, in app
    return await consumer(scope, receive, send)
           ^^^^^^^^^^^^^^^^^^^^^^^^^^^^^^^^^^^^
  File "D:\testplatformservice\testplatform\venv\Lib\site-packages\channels\consumer.py", line 58, in __call__
    await await_many_dispatch(
  File "D:\testplatformservice\testplatform\venv\Lib\site-packages\channels\utils.py", line 57, in await_many_dispatch
    await task
redis.exceptions.ResponseError: unknown command 'BZPOPMIN'
[2026-07-06 11:05:34] ERROR [daphne.server:303] Exception inside application: unknown command 'BZPOPMIN'
Traceback (most recent call last):
  File "D:\testplatformservice\testplatform\venv\Lib\site-packages\channels\routing.py", line 48, in __call__
    return await application(scope, receive, send)
           ^^^^^^^^^^^^^^^^^^^^^^^^^^^^^^^^^^^^^^^
  File "D:\testplatformservice\testplatform\commons\ws\auth.py", line 28, in __call__
    return await super().__call__(scope, receive, send)
           ^^^^^^^^^^^^^^^^^^^^^^^^^^^^^^^^^^^^^^^^^^^^
  File "D:\testplatformservice\testplatform\venv\Lib\site-packages\channels\middleware.py", line 24, in __call__
    return await self.inner(scope, receive, send)
           ^^^^^^^^^^^^^^^^^^^^^^^^^^^^^^^^^^^^^^
  File "D:\testplatformservice\testplatform\venv\Lib\site-packages\channels\routing.py", line 118, in __call__
    return await application(
           ^^^^^^^^^^^^^^^^^^
  File "D:\testplatformservice\testplatform\venv\Lib\site-packages\channels\consumer.py", line 95, in app
    return await consumer(scope, receive, send)
           ^^^^^^^^^^^^^^^^^^^^^^^^^^^^^^^^^^^^
  File "D:\testplatformservice\testplatform\venv\Lib\site-packages\channels\consumer.py", line 58, in __call__
    await await_many_dispatch(
  File "D:\testplatformservice\testplatform\venv\Lib\site-packages\channels\utils.py", line 57, in await_many_dispatch
    await task
redis.exceptions.ResponseError: unknown command 'BZPOPMIN'
[2026-07-06 11:05:38] ERROR [daphne.server:303] Exception inside application: unknown command 'BZPOPMIN'
Traceback (most recent call last):
  File "D:\testplatformservice\testplatform\venv\Lib\site-packages\channels\routing.py", line 48, in __call__
    return await application(scope, receive, send)
           ^^^^^^^^^^^^^^^^^^^^^^^^^^^^^^^^^^^^^^^
  File "D:\testplatformservice\testplatform\commons\ws\auth.py", line 28, in __call__
    return await super().__call__(scope, receive, send)
           ^^^^^^^^^^^^^^^^^^^^^^^^^^^^^^^^^^^^^^^^^^^^
  File "D:\testplatformservice\testplatform\venv\Lib\site-packages\channels\middleware.py", line 24, in __call__
    return await self.inner(scope, receive, send)
           ^^^^^^^^^^^^^^^^^^^^^^^^^^^^^^^^^^^^^^
  File "D:\testplatformservice\testplatform\venv\Lib\site-packages\channels\routing.py", line 118, in __call__
    return await application(
           ^^^^^^^^^^^^^^^^^^
  File "D:\testplatformservice\testplatform\venv\Lib\site-packages\channels\consumer.py", line 95, in app
    return await consumer(scope, receive, send)
           ^^^^^^^^^^^^^^^^^^^^^^^^^^^^^^^^^^^^
  File "D:\testplatformservice\testplatform\venv\Lib\site-packages\channels\consumer.py", line 58, in __call__
    await await_many_dispatch(
  File "D:\testplatformservice\testplatform\venv\Lib\site-packages\channels\utils.py", line 57, in await_many_dispatch
    await task
redis.exceptions.ResponseError: unknown command 'BZPOPMIN'
[2026-07-06 11:05:42] ERROR [daphne.server:303] Exception inside application: unknown command 'BZPOPMIN'
Traceback (most recent call last):
  File "D:\testplatformservice\testplatform\venv\Lib\site-packages\channels\routing.py", line 48, in __call__
    return await application(scope, receive, send)
           ^^^^^^^^^^^^^^^^^^^^^^^^^^^^^^^^^^^^^^^
  File "D:\testplatformservice\testplatform\commons\ws\auth.py", line 28, in __call__
    return await super().__call__(scope, receive, send)
           ^^^^^^^^^^^^^^^^^^^^^^^^^^^^^^^^^^^^^^^^^^^^
  File "D:\testplatformservice\testplatform\venv\Lib\site-packages\channels\middleware.py", line 24, in __call__
    return await self.inner(scope, receive, send)
           ^^^^^^^^^^^^^^^^^^^^^^^^^^^^^^^^^^^^^^
  File "D:\testplatformservice\testplatform\venv\Lib\site-packages\channels\routing.py", line 118, in __call__
    return await application(
           ^^^^^^^^^^^^^^^^^^
  File "D:\testplatformservice\testplatform\venv\Lib\site-packages\channels\consumer.py", line 95, in app
    return await consumer(scope, receive, send)
           ^^^^^^^^^^^^^^^^^^^^^^^^^^^^^^^^^^^^
  File "D:\testplatformservice\testplatform\venv\Lib\site-packages\channels\consumer.py", line 58, in __call__
    await await_many_dispatch(
  File "D:\testplatformservice\testplatform\venv\Lib\site-packages\channels\utils.py", line 57, in await_many_dispatch
    await task
redis.exceptions.ResponseError: unknown command 'BZPOPMIN'
[2026-07-06 11:05:46] ERROR [daphne.server:303] Exception inside application: unknown command 'BZPOPMIN'
Traceback (most recent call last):
  File "D:\testplatformservice\testplatform\venv\Lib\site-packages\channels\routing.py", line 48, in __call__
    return await application(scope, receive, send)
           ^^^^^^^^^^^^^^^^^^^^^^^^^^^^^^^^^^^^^^^
  File "D:\testplatformservice\testplatform\commons\ws\auth.py", line 28, in __call__
    return await super().__call__(scope, receive, send)
           ^^^^^^^^^^^^^^^^^^^^^^^^^^^^^^^^^^^^^^^^^^^^
  File "D:\testplatformservice\testplatform\venv\Lib\site-packages\channels\middleware.py", line 24, in __call__
    return await self.inner(scope, receive, send)
           ^^^^^^^^^^^^^^^^^^^^^^^^^^^^^^^^^^^^^^
  File "D:\testplatformservice\testplatform\venv\Lib\site-packages\channels\routing.py", line 118, in __call__
    return await application(
           ^^^^^^^^^^^^^^^^^^
  File "D:\testplatformservice\testplatform\venv\Lib\site-packages\channels\consumer.py", line 95, in app
    return await consumer(scope, receive, send)
           ^^^^^^^^^^^^^^^^^^^^^^^^^^^^^^^^^^^^
  File "D:\testplatformservice\testplatform\venv\Lib\site-packages\channels\consumer.py", line 58, in __call__
    await await_many_dispatch(
  File "D:\testplatformservice\testplatform\venv\Lib\site-packages\channels\utils.py", line 57, in await_many_dispatch
    await task
redis.exceptions.ResponseError: unknown command 'BZPOPMIN'
[2026-07-06 11:05:50] ERROR [daphne.server:303] Exception inside application: unknown command 'BZPOPMIN'
Traceback (most recent call last):
  File "D:\testplatformservice\testplatform\venv\Lib\site-packages\channels\routing.py", line 48, in __call__
    return await application(scope, receive, send)
           ^^^^^^^^^^^^^^^^^^^^^^^^^^^^^^^^^^^^^^^
  File "D:\testplatformservice\testplatform\commons\ws\auth.py", line 28, in __call__
    return await super().__call__(scope, receive, send)
           ^^^^^^^^^^^^^^^^^^^^^^^^^^^^^^^^^^^^^^^^^^^^
  File "D:\testplatformservice\testplatform\venv\Lib\site-packages\channels\middleware.py", line 24, in __call__
    return await self.inner(scope, receive, send)
           ^^^^^^^^^^^^^^^^^^^^^^^^^^^^^^^^^^^^^^
  File "D:\testplatformservice\testplatform\venv\Lib\site-packages\channels\routing.py", line 118, in __call__
    return await application(
           ^^^^^^^^^^^^^^^^^^
  File "D:\testplatformservice\testplatform\venv\Lib\site-packages\channels\consumer.py", line 95, in app
    return await consumer(scope, receive, send)
           ^^^^^^^^^^^^^^^^^^^^^^^^^^^^^^^^^^^^
  File "D:\testplatformservice\testplatform\venv\Lib\site-packages\channels\consumer.py", line 58, in __call__
    await await_many_dispatch(
  File "D:\testplatformservice\testplatform\venv\Lib\site-packages\channels\utils.py", line 57, in await_many_dispatch
    await task
redis.exceptions.ResponseError: unknown command 'BZPOPMIN'
[2026-07-06 11:05:54] ERROR [daphne.server:303] Exception inside application: unknown command 'BZPOPMIN'
Traceback (most recent call last):
  File "D:\testplatformservice\testplatform\venv\Lib\site-packages\channels\routing.py", line 48, in __call__
    return await application(scope, receive, send)
           ^^^^^^^^^^^^^^^^^^^^^^^^^^^^^^^^^^^^^^^
  File "D:\testplatformservice\testplatform\commons\ws\auth.py", line 28, in __call__
    return await super().__call__(scope, receive, send)
           ^^^^^^^^^^^^^^^^^^^^^^^^^^^^^^^^^^^^^^^^^^^^
  File "D:\testplatformservice\testplatform\venv\Lib\site-packages\channels\middleware.py", line 24, in __call__
    return await self.inner(scope, receive, send)
           ^^^^^^^^^^^^^^^^^^^^^^^^^^^^^^^^^^^^^^
  File "D:\testplatformservice\testplatform\venv\Lib\site-packages\channels\routing.py", line 118, in __call__
    return await application(
           ^^^^^^^^^^^^^^^^^^
  File "D:\testplatformservice\testplatform\venv\Lib\site-packages\channels\consumer.py", line 95, in app
    return await consumer(scope, receive, send)
           ^^^^^^^^^^^^^^^^^^^^^^^^^^^^^^^^^^^^
  File "D:\testplatformservice\testplatform\venv\Lib\site-packages\channels\consumer.py", line 58, in __call__
    await await_many_dispatch(
  File "D:\testplatformservice\testplatform\venv\Lib\site-packages\channels\utils.py", line 57, in await_many_dispatch
    await task
redis.exceptions.ResponseError: unknown command 'BZPOPMIN'
[2026-07-06 11:05:58] ERROR [daphne.server:303] Exception inside application: unknown command 'BZPOPMIN'
Traceback (most recent call last):
  File "D:\testplatformservice\testplatform\venv\Lib\site-packages\channels\routing.py", line 48, in __call__
    return await application(scope, receive, send)
           ^^^^^^^^^^^^^^^^^^^^^^^^^^^^^^^^^^^^^^^
  File "D:\testplatformservice\testplatform\commons\ws\auth.py", line 28, in __call__
    return await super().__call__(scope, receive, send)
           ^^^^^^^^^^^^^^^^^^^^^^^^^^^^^^^^^^^^^^^^^^^^
  File "D:\testplatformservice\testplatform\venv\Lib\site-packages\channels\middleware.py", line 24, in __call__
    return await self.inner(scope, receive, send)
           ^^^^^^^^^^^^^^^^^^^^^^^^^^^^^^^^^^^^^^
  File "D:\testplatformservice\testplatform\venv\Lib\site-packages\channels\routing.py", line 118, in __call__
    return await application(
           ^^^^^^^^^^^^^^^^^^
  File "D:\testplatformservice\testplatform\venv\Lib\site-packages\channels\consumer.py", line 95, in app
    return await consumer(scope, receive, send)
           ^^^^^^^^^^^^^^^^^^^^^^^^^^^^^^^^^^^^
  File "D:\testplatformservice\testplatform\venv\Lib\site-packages\channels\consumer.py", line 58, in __call__
    await await_many_dispatch(
  File "D:\testplatformservice\testplatform\venv\Lib\site-packages\channels\utils.py", line 57, in await_many_dispatch
    await task
redis.exceptions.ResponseError: unknown command 'BZPOPMIN'
[2026-07-06 11:06:02] ERROR [daphne.server:303] Exception inside application: unknown command 'BZPOPMIN'
Traceback (most recent call last):
  File "D:\testplatformservice\testplatform\venv\Lib\site-packages\channels\routing.py", line 48, in __call__
    return await application(scope, receive, send)
           ^^^^^^^^^^^^^^^^^^^^^^^^^^^^^^^^^^^^^^^
  File "D:\testplatformservice\testplatform\commons\ws\auth.py", line 28, in __call__
    return await super().__call__(scope, receive, send)
           ^^^^^^^^^^^^^^^^^^^^^^^^^^^^^^^^^^^^^^^^^^^^
  File "D:\testplatformservice\testplatform\venv\Lib\site-packages\channels\middleware.py", line 24, in __call__
    return await self.inner(scope, receive, send)
           ^^^^^^^^^^^^^^^^^^^^^^^^^^^^^^^^^^^^^^
  File "D:\testplatformservice\testplatform\venv\Lib\site-packages\channels\routing.py", line 118, in __call__
    return await application(
           ^^^^^^^^^^^^^^^^^^
  File "D:\testplatformservice\testplatform\venv\Lib\site-packages\channels\consumer.py", line 95, in app
    return await consumer(scope, receive, send)
           ^^^^^^^^^^^^^^^^^^^^^^^^^^^^^^^^^^^^
  File "D:\testplatformservice\testplatform\venv\Lib\site-packages\channels\consumer.py", line 58, in __call__
    await await_many_dispatch(
  File "D:\testplatformservice\testplatform\venv\Lib\site-packages\channels\utils.py", line 57, in await_many_dispatch
    await task
redis.exceptions.ResponseError: unknown command 'BZPOPMIN'
[2026-07-06 11:06:06] ERROR [daphne.server:303] Exception inside application: unknown command 'BZPOPMIN'
Traceback (most recent call last):
  File "D:\testplatformservice\testplatform\venv\Lib\site-packages\channels\routing.py", line 48, in __call__
    return await application(scope, receive, send)
           ^^^^^^^^^^^^^^^^^^^^^^^^^^^^^^^^^^^^^^^
  File "D:\testplatformservice\testplatform\commons\ws\auth.py", line 28, in __call__
    return await super().__call__(scope, receive, send)
           ^^^^^^^^^^^^^^^^^^^^^^^^^^^^^^^^^^^^^^^^^^^^
  File "D:\testplatformservice\testplatform\venv\Lib\site-packages\channels\middleware.py", line 24, in __call__
    return await self.inner(scope, receive, send)
           ^^^^^^^^^^^^^^^^^^^^^^^^^^^^^^^^^^^^^^
  File "D:\testplatformservice\testplatform\venv\Lib\site-packages\channels\routing.py", line 118, in __call__
    return await application(
           ^^^^^^^^^^^^^^^^^^
  File "D:\testplatformservice\testplatform\venv\Lib\site-packages\channels\consumer.py", line 95, in app
    return await consumer(scope, receive, send)
           ^^^^^^^^^^^^^^^^^^^^^^^^^^^^^^^^^^^^
  File "D:\testplatformservice\testplatform\venv\Lib\site-packages\channels\consumer.py", line 58, in __call__
    await await_many_dispatch(
  File "D:\testplatformservice\testplatform\venv\Lib\site-packages\channels\utils.py", line 57, in await_many_dispatch
    await task
redis.exceptions.ResponseError: unknown command 'BZPOPMIN'
[2026-07-06 11:06:10] ERROR [daphne.server:303] Exception inside application: unknown command 'BZPOPMIN'
Traceback (most recent call last):
  File "D:\testplatformservice\testplatform\venv\Lib\site-packages\channels\routing.py", line 48, in __call__
    return await application(scope, receive, send)
           ^^^^^^^^^^^^^^^^^^^^^^^^^^^^^^^^^^^^^^^
  File "D:\testplatformservice\testplatform\commons\ws\auth.py", line 28, in __call__
    return await super().__call__(scope, receive, send)
           ^^^^^^^^^^^^^^^^^^^^^^^^^^^^^^^^^^^^^^^^^^^^
  File "D:\testplatformservice\testplatform\venv\Lib\site-packages\channels\middleware.py", line 24, in __call__
    return await self.inner(scope, receive, send)
           ^^^^^^^^^^^^^^^^^^^^^^^^^^^^^^^^^^^^^^
  File "D:\testplatformservice\testplatform\venv\Lib\site-packages\channels\routing.py", line 118, in __call__
    return await application(
           ^^^^^^^^^^^^^^^^^^
  File "D:\testplatformservice\testplatform\venv\Lib\site-packages\channels\consumer.py", line 95, in app
    return await consumer(scope, receive, send)
           ^^^^^^^^^^^^^^^^^^^^^^^^^^^^^^^^^^^^
  File "D:\testplatformservice\testplatform\venv\Lib\site-packages\channels\consumer.py", line 58, in __call__
    await await_many_dispatch(
  File "D:\testplatformservice\testplatform\venv\Lib\site-packages\channels\utils.py", line 57, in await_many_dispatch
    await task
redis.exceptions.ResponseError: unknown command 'BZPOPMIN'
[2026-07-06 11:06:14] ERROR [daphne.server:303] Exception inside application: unknown command 'BZPOPMIN'
Traceback (most recent call last):
  File "D:\testplatformservice\testplatform\venv\Lib\site-packages\channels\routing.py", line 48, in __call__
    return await application(scope, receive, send)
           ^^^^^^^^^^^^^^^^^^^^^^^^^^^^^^^^^^^^^^^
  File "D:\testplatformservice\testplatform\commons\ws\auth.py", line 28, in __call__
    return await super().__call__(scope, receive, send)
           ^^^^^^^^^^^^^^^^^^^^^^^^^^^^^^^^^^^^^^^^^^^^
  File "D:\testplatformservice\testplatform\venv\Lib\site-packages\channels\middleware.py", line 24, in __call__
    return await self.inner(scope, receive, send)
           ^^^^^^^^^^^^^^^^^^^^^^^^^^^^^^^^^^^^^^
  File "D:\testplatformservice\testplatform\venv\Lib\site-packages\channels\routing.py", line 118, in __call__
    return await application(
           ^^^^^^^^^^^^^^^^^^
  File "D:\testplatformservice\testplatform\venv\Lib\site-packages\channels\consumer.py", line 95, in app
    return await consumer(scope, receive, send)
           ^^^^^^^^^^^^^^^^^^^^^^^^^^^^^^^^^^^^
  File "D:\testplatformservice\testplatform\venv\Lib\site-packages\channels\consumer.py", line 58, in __call__
    await await_many_dispatch(
  File "D:\testplatformservice\testplatform\venv\Lib\site-packages\channels\utils.py", line 57, in await_many_dispatch
    await task
redis.exceptions.ResponseError: unknown command 'BZPOPMIN'
[2026-07-06 11:06:17] ERROR [daphne.server:303] Exception inside application: unknown command 'BZPOPMIN'
Traceback (most recent call last):
  File "D:\testplatformservice\testplatform\venv\Lib\site-packages\channels\routing.py", line 48, in __call__
    return await application(scope, receive, send)
           ^^^^^^^^^^^^^^^^^^^^^^^^^^^^^^^^^^^^^^^
  File "D:\testplatformservice\testplatform\commons\ws\auth.py", line 28, in __call__
    return await super().__call__(scope, receive, send)
           ^^^^^^^^^^^^^^^^^^^^^^^^^^^^^^^^^^^^^^^^^^^^
  File "D:\testplatformservice\testplatform\venv\Lib\site-packages\channels\middleware.py", line 24, in __call__
    return await self.inner(scope, receive, send)
           ^^^^^^^^^^^^^^^^^^^^^^^^^^^^^^^^^^^^^^
  File "D:\testplatformservice\testplatform\venv\Lib\site-packages\channels\routing.py", line 118, in __call__
    return await application(
           ^^^^^^^^^^^^^^^^^^
  File "D:\testplatformservice\testplatform\venv\Lib\site-packages\channels\consumer.py", line 95, in app
    return await consumer(scope, receive, send)
           ^^^^^^^^^^^^^^^^^^^^^^^^^^^^^^^^^^^^
  File "D:\testplatformservice\testplatform\venv\Lib\site-packages\channels\consumer.py", line 58, in __call__
    await await_many_dispatch(
  File "D:\testplatformservice\testplatform\venv\Lib\site-packages\channels\utils.py", line 57, in await_many_dispatch
    await task
redis.exceptions.ResponseError: unknown command 'BZPOPMIN'
[2026-07-06 11:06:21] ERROR [daphne.server:303] Exception inside application: unknown command 'BZPOPMIN'
Traceback (most recent call last):
  File "D:\testplatformservice\testplatform\venv\Lib\site-packages\channels\routing.py", line 48, in __call__
    return await application(scope, receive, send)
           ^^^^^^^^^^^^^^^^^^^^^^^^^^^^^^^^^^^^^^^
  File "D:\testplatformservice\testplatform\commons\ws\auth.py", line 28, in __call__
    return await super().__call__(scope, receive, send)
           ^^^^^^^^^^^^^^^^^^^^^^^^^^^^^^^^^^^^^^^^^^^^
  File "D:\testplatformservice\testplatform\venv\Lib\site-packages\channels\middleware.py", line 24, in __call__
    return await self.inner(scope, receive, send)
           ^^^^^^^^^^^^^^^^^^^^^^^^^^^^^^^^^^^^^^
  File "D:\testplatformservice\testplatform\venv\Lib\site-packages\channels\routing.py", line 118, in __call__
    return await application(
           ^^^^^^^^^^^^^^^^^^
  File "D:\testplatformservice\testplatform\venv\Lib\site-packages\channels\consumer.py", line 95, in app
    return await consumer(scope, receive, send)
           ^^^^^^^^^^^^^^^^^^^^^^^^^^^^^^^^^^^^
  File "D:\testplatformservice\testplatform\venv\Lib\site-packages\channels\consumer.py", line 58, in __call__
    await await_many_dispatch(
  File "D:\testplatformservice\testplatform\venv\Lib\site-packages\channels\utils.py", line 57, in await_many_dispatch
    await task
redis.exceptions.ResponseError: unknown command 'BZPOPMIN'
[2026-07-06 11:06:25] ERROR [daphne.server:303] Exception inside application: unknown command 'BZPOPMIN'
Traceback (most recent call last):
  File "D:\testplatformservice\testplatform\venv\Lib\site-packages\channels\routing.py", line 48, in __call__
    return await application(scope, receive, send)
           ^^^^^^^^^^^^^^^^^^^^^^^^^^^^^^^^^^^^^^^
  File "D:\testplatformservice\testplatform\commons\ws\auth.py", line 28, in __call__
    return await super().__call__(scope, receive, send)
           ^^^^^^^^^^^^^^^^^^^^^^^^^^^^^^^^^^^^^^^^^^^^
  File "D:\testplatformservice\testplatform\venv\Lib\site-packages\channels\middleware.py", line 24, in __call__
    return await self.inner(scope, receive, send)
           ^^^^^^^^^^^^^^^^^^^^^^^^^^^^^^^^^^^^^^
  File "D:\testplatformservice\testplatform\venv\Lib\site-packages\channels\routing.py", line 118, in __call__
    return await application(
           ^^^^^^^^^^^^^^^^^^
  File "D:\testplatformservice\testplatform\venv\Lib\site-packages\channels\consumer.py", line 95, in app
    return await consumer(scope, receive, send)
           ^^^^^^^^^^^^^^^^^^^^^^^^^^^^^^^^^^^^
  File "D:\testplatformservice\testplatform\venv\Lib\site-packages\channels\consumer.py", line 58, in __call__
    await await_many_dispatch(
  File "D:\testplatformservice\testplatform\venv\Lib\site-packages\channels\utils.py", line 57, in await_many_dispatch
    await task
redis.exceptions.ResponseError: unknown command 'BZPOPMIN'
[2026-07-06 11:06:29] ERROR [daphne.server:303] Exception inside application: unknown command 'BZPOPMIN'
Traceback (most recent call last):
  File "D:\testplatformservice\testplatform\venv\Lib\site-packages\channels\routing.py", line 48, in __call__
    return await application(scope, receive, send)
           ^^^^^^^^^^^^^^^^^^^^^^^^^^^^^^^^^^^^^^^
  File "D:\testplatformservice\testplatform\commons\ws\auth.py", line 28, in __call__
    return await super().__call__(scope, receive, send)
           ^^^^^^^^^^^^^^^^^^^^^^^^^^^^^^^^^^^^^^^^^^^^
  File "D:\testplatformservice\testplatform\venv\Lib\site-packages\channels\middleware.py", line 24, in __call__
    return await self.inner(scope, receive, send)
           ^^^^^^^^^^^^^^^^^^^^^^^^^^^^^^^^^^^^^^
  File "D:\testplatformservice\testplatform\venv\Lib\site-packages\channels\routing.py", line 118, in __call__
    return await application(
           ^^^^^^^^^^^^^^^^^^
  File "D:\testplatformservice\testplatform\venv\Lib\site-packages\channels\consumer.py", line 95, in app
    return await consumer(scope, receive, send)
           ^^^^^^^^^^^^^^^^^^^^^^^^^^^^^^^^^^^^
  File "D:\testplatformservice\testplatform\venv\Lib\site-packages\channels\consumer.py", line 58, in __call__
    await await_many_dispatch(
  File "D:\testplatformservice\testplatform\venv\Lib\site-packages\channels\utils.py", line 57, in await_many_dispatch
    await task
redis.exceptions.ResponseError: unknown command 'BZPOPMIN'
[2026-07-06 11:06:33] ERROR [daphne.server:303] Exception inside application: unknown command 'BZPOPMIN'
Traceback (most recent call last):
  File "D:\testplatformservice\testplatform\venv\Lib\site-packages\channels\routing.py", line 48, in __call__
    return await application(scope, receive, send)
           ^^^^^^^^^^^^^^^^^^^^^^^^^^^^^^^^^^^^^^^
  File "D:\testplatformservice\testplatform\commons\ws\auth.py", line 28, in __call__
    return await super().__call__(scope, receive, send)
           ^^^^^^^^^^^^^^^^^^^^^^^^^^^^^^^^^^^^^^^^^^^^
  File "D:\testplatformservice\testplatform\venv\Lib\site-packages\channels\middleware.py", line 24, in __call__
    return await self.inner(scope, receive, send)
           ^^^^^^^^^^^^^^^^^^^^^^^^^^^^^^^^^^^^^^
  File "D:\testplatformservice\testplatform\venv\Lib\site-packages\channels\routing.py", line 118, in __call__
    return await application(
           ^^^^^^^^^^^^^^^^^^
  File "D:\testplatformservice\testplatform\venv\Lib\site-packages\channels\consumer.py", line 95, in app
    return await consumer(scope, receive, send)
           ^^^^^^^^^^^^^^^^^^^^^^^^^^^^^^^^^^^^
  File "D:\testplatformservice\testplatform\venv\Lib\site-packages\channels\consumer.py", line 58, in __call__
    await await_many_dispatch(
  File "D:\testplatformservice\testplatform\venv\Lib\site-packages\channels\utils.py", line 57, in await_many_dispatch
    await task
redis.exceptions.ResponseError: unknown command 'BZPOPMIN'
[2026-07-06 11:06:37] ERROR [daphne.server:303] Exception inside application: unknown command 'BZPOPMIN'
Traceback (most recent call last):
  File "D:\testplatformservice\testplatform\venv\Lib\site-packages\channels\routing.py", line 48, in __call__
    return await application(scope, receive, send)
           ^^^^^^^^^^^^^^^^^^^^^^^^^^^^^^^^^^^^^^^
  File "D:\testplatformservice\testplatform\commons\ws\auth.py", line 28, in __call__
    return await super().__call__(scope, receive, send)
           ^^^^^^^^^^^^^^^^^^^^^^^^^^^^^^^^^^^^^^^^^^^^
  File "D:\testplatformservice\testplatform\venv\Lib\site-packages\channels\middleware.py", line 24, in __call__
    return await self.inner(scope, receive, send)
           ^^^^^^^^^^^^^^^^^^^^^^^^^^^^^^^^^^^^^^
  File "D:\testplatformservice\testplatform\venv\Lib\site-packages\channels\routing.py", line 118, in __call__
    return await application(
           ^^^^^^^^^^^^^^^^^^
  File "D:\testplatformservice\testplatform\venv\Lib\site-packages\channels\consumer.py", line 95, in app
    return await consumer(scope, receive, send)
           ^^^^^^^^^^^^^^^^^^^^^^^^^^^^^^^^^^^^
  File "D:\testplatformservice\testplatform\venv\Lib\site-packages\channels\consumer.py", line 58, in __call__
    await await_many_dispatch(
  File "D:\testplatformservice\testplatform\venv\Lib\site-packages\channels\utils.py", line 57, in await_many_dispatch
    await task
redis.exceptions.ResponseError: unknown command 'BZPOPMIN'
[2026-07-06 11:06:41] ERROR [daphne.server:303] Exception inside application: unknown command 'BZPOPMIN'
Traceback (most recent call last):
  File "D:\testplatformservice\testplatform\venv\Lib\site-packages\channels\routing.py", line 48, in __call__
    return await application(scope, receive, send)
           ^^^^^^^^^^^^^^^^^^^^^^^^^^^^^^^^^^^^^^^
  File "D:\testplatformservice\testplatform\commons\ws\auth.py", line 28, in __call__
    return await super().__call__(scope, receive, send)
           ^^^^^^^^^^^^^^^^^^^^^^^^^^^^^^^^^^^^^^^^^^^^
  File "D:\testplatformservice\testplatform\venv\Lib\site-packages\channels\middleware.py", line 24, in __call__
    return await self.inner(scope, receive, send)
           ^^^^^^^^^^^^^^^^^^^^^^^^^^^^^^^^^^^^^^
  File "D:\testplatformservice\testplatform\venv\Lib\site-packages\channels\routing.py", line 118, in __call__
    return await application(
           ^^^^^^^^^^^^^^^^^^
  File "D:\testplatformservice\testplatform\venv\Lib\site-packages\channels\consumer.py", line 95, in app
    return await consumer(scope, receive, send)
           ^^^^^^^^^^^^^^^^^^^^^^^^^^^^^^^^^^^^
  File "D:\testplatformservice\testplatform\venv\Lib\site-packages\channels\consumer.py", line 58, in __call__
    await await_many_dispatch(
  File "D:\testplatformservice\testplatform\venv\Lib\site-packages\channels\utils.py", line 57, in await_many_dispatch
    await task
redis.exceptions.ResponseError: unknown command 'BZPOPMIN'
[2026-07-06 11:06:45] ERROR [daphne.server:303] Exception inside application: unknown command 'BZPOPMIN'
Traceback (most recent call last):
  File "D:\testplatformservice\testplatform\venv\Lib\site-packages\channels\routing.py", line 48, in __call__
    return await application(scope, receive, send)
           ^^^^^^^^^^^^^^^^^^^^^^^^^^^^^^^^^^^^^^^
  File "D:\testplatformservice\testplatform\commons\ws\auth.py", line 28, in __call__
    return await super().__call__(scope, receive, send)
           ^^^^^^^^^^^^^^^^^^^^^^^^^^^^^^^^^^^^^^^^^^^^
  File "D:\testplatformservice\testplatform\venv\Lib\site-packages\channels\middleware.py", line 24, in __call__
    return await self.inner(scope, receive, send)
           ^^^^^^^^^^^^^^^^^^^^^^^^^^^^^^^^^^^^^^
  File "D:\testplatformservice\testplatform\venv\Lib\site-packages\channels\routing.py", line 118, in __call__
    return await application(
           ^^^^^^^^^^^^^^^^^^
  File "D:\testplatformservice\testplatform\venv\Lib\site-packages\channels\consumer.py", line 95, in app
    return await consumer(scope, receive, send)
           ^^^^^^^^^^^^^^^^^^^^^^^^^^^^^^^^^^^^
  File "D:\testplatformservice\testplatform\venv\Lib\site-packages\channels\consumer.py", line 58, in __call__
    await await_many_dispatch(
  File "D:\testplatformservice\testplatform\venv\Lib\site-packages\channels\utils.py", line 57, in await_many_dispatch
    await task
redis.exceptions.ResponseError: unknown command 'BZPOPMIN'
[2026-07-06 11:06:49] ERROR [daphne.server:303] Exception inside application: unknown command 'BZPOPMIN'
Traceback (most recent call last):
  File "D:\testplatformservice\testplatform\venv\Lib\site-packages\channels\routing.py", line 48, in __call__
    return await application(scope, receive, send)
           ^^^^^^^^^^^^^^^^^^^^^^^^^^^^^^^^^^^^^^^
  File "D:\testplatformservice\testplatform\commons\ws\auth.py", line 28, in __call__
    return await super().__call__(scope, receive, send)
           ^^^^^^^^^^^^^^^^^^^^^^^^^^^^^^^^^^^^^^^^^^^^
  File "D:\testplatformservice\testplatform\venv\Lib\site-packages\channels\middleware.py", line 24, in __call__
    return await self.inner(scope, receive, send)
           ^^^^^^^^^^^^^^^^^^^^^^^^^^^^^^^^^^^^^^
  File "D:\testplatformservice\testplatform\venv\Lib\site-packages\channels\routing.py", line 118, in __call__
    return await application(
           ^^^^^^^^^^^^^^^^^^
  File "D:\testplatformservice\testplatform\venv\Lib\site-packages\channels\consumer.py", line 95, in app
    return await consumer(scope, receive, send)
           ^^^^^^^^^^^^^^^^^^^^^^^^^^^^^^^^^^^^
  File "D:\testplatformservice\testplatform\venv\Lib\site-packages\channels\consumer.py", line 58, in __call__
    await await_many_dispatch(
  File "D:\testplatformservice\testplatform\venv\Lib\site-packages\channels\utils.py", line 57, in await_many_dispatch
    await task
redis.exceptions.ResponseError: unknown command 'BZPOPMIN'
[2026-07-06 11:06:53] ERROR [daphne.server:303] Exception inside application: unknown command 'BZPOPMIN'
Traceback (most recent call last):
  File "D:\testplatformservice\testplatform\venv\Lib\site-packages\channels\routing.py", line 48, in __call__
    return await application(scope, receive, send)
           ^^^^^^^^^^^^^^^^^^^^^^^^^^^^^^^^^^^^^^^
  File "D:\testplatformservice\testplatform\commons\ws\auth.py", line 28, in __call__
    return await super().__call__(scope, receive, send)
           ^^^^^^^^^^^^^^^^^^^^^^^^^^^^^^^^^^^^^^^^^^^^
  File "D:\testplatformservice\testplatform\venv\Lib\site-packages\channels\middleware.py", line 24, in __call__
    return await self.inner(scope, receive, send)
           ^^^^^^^^^^^^^^^^^^^^^^^^^^^^^^^^^^^^^^
  File "D:\testplatformservice\testplatform\venv\Lib\site-packages\channels\routing.py", line 118, in __call__
    return await application(
           ^^^^^^^^^^^^^^^^^^
  File "D:\testplatformservice\testplatform\venv\Lib\site-packages\channels\consumer.py", line 95, in app
    return await consumer(scope, receive, send)
           ^^^^^^^^^^^^^^^^^^^^^^^^^^^^^^^^^^^^
  File "D:\testplatformservice\testplatform\venv\Lib\site-packages\channels\consumer.py", line 58, in __call__
    await await_many_dispatch(
  File "D:\testplatformservice\testplatform\venv\Lib\site-packages\channels\utils.py", line 57, in await_many_dispatch
    await task
redis.exceptions.ResponseError: unknown command 'BZPOPMIN'
[2026-07-06 11:06:57] ERROR [daphne.server:303] Exception inside application: unknown command 'BZPOPMIN'
Traceback (most recent call last):
  File "D:\testplatformservice\testplatform\venv\Lib\site-packages\channels\routing.py", line 48, in __call__
    return await application(scope, receive, send)
           ^^^^^^^^^^^^^^^^^^^^^^^^^^^^^^^^^^^^^^^
  File "D:\testplatformservice\testplatform\commons\ws\auth.py", line 28, in __call__
    return await super().__call__(scope, receive, send)
           ^^^^^^^^^^^^^^^^^^^^^^^^^^^^^^^^^^^^^^^^^^^^
  File "D:\testplatformservice\testplatform\venv\Lib\site-packages\channels\middleware.py", line 24, in __call__
    return await self.inner(scope, receive, send)
           ^^^^^^^^^^^^^^^^^^^^^^^^^^^^^^^^^^^^^^
  File "D:\testplatformservice\testplatform\venv\Lib\site-packages\channels\routing.py", line 118, in __call__
    return await application(
           ^^^^^^^^^^^^^^^^^^
  File "D:\testplatformservice\testplatform\venv\Lib\site-packages\channels\consumer.py", line 95, in app
    return await consumer(scope, receive, send)
           ^^^^^^^^^^^^^^^^^^^^^^^^^^^^^^^^^^^^
  File "D:\testplatformservice\testplatform\venv\Lib\site-packages\channels\consumer.py", line 58, in __call__
    await await_many_dispatch(
  File "D:\testplatformservice\testplatform\venv\Lib\site-packages\channels\utils.py", line 57, in await_many_dispatch
    await task
redis.exceptions.ResponseError: unknown command 'BZPOPMIN'
[2026-07-06 11:07:01] ERROR [daphne.server:303] Exception inside application: unknown command 'BZPOPMIN'
Traceback (most recent call last):
  File "D:\testplatformservice\testplatform\venv\Lib\site-packages\channels\routing.py", line 48, in __call__
    return await application(scope, receive, send)
           ^^^^^^^^^^^^^^^^^^^^^^^^^^^^^^^^^^^^^^^
  File "D:\testplatformservice\testplatform\commons\ws\auth.py", line 28, in __call__
    return await super().__call__(scope, receive, send)
           ^^^^^^^^^^^^^^^^^^^^^^^^^^^^^^^^^^^^^^^^^^^^
  File "D:\testplatformservice\testplatform\venv\Lib\site-packages\channels\middleware.py", line 24, in __call__
    return await self.inner(scope, receive, send)
           ^^^^^^^^^^^^^^^^^^^^^^^^^^^^^^^^^^^^^^
  File "D:\testplatformservice\testplatform\venv\Lib\site-packages\channels\routing.py", line 118, in __call__
    return await application(
           ^^^^^^^^^^^^^^^^^^
  File "D:\testplatformservice\testplatform\venv\Lib\site-packages\channels\consumer.py", line 95, in app
    return await consumer(scope, receive, send)
           ^^^^^^^^^^^^^^^^^^^^^^^^^^^^^^^^^^^^
  File "D:\testplatformservice\testplatform\venv\Lib\site-packages\channels\consumer.py", line 58, in __call__
    await await_many_dispatch(
  File "D:\testplatformservice\testplatform\venv\Lib\site-packages\channels\utils.py", line 57, in await_many_dispatch
    await task
redis.exceptions.ResponseError: unknown command 'BZPOPMIN'
[2026-07-06 11:07:05] ERROR [daphne.server:303] Exception inside application: unknown command 'BZPOPMIN'
Traceback (most recent call last):
  File "D:\testplatformservice\testplatform\venv\Lib\site-packages\channels\routing.py", line 48, in __call__
    return await application(scope, receive, send)
           ^^^^^^^^^^^^^^^^^^^^^^^^^^^^^^^^^^^^^^^
  File "D:\testplatformservice\testplatform\commons\ws\auth.py", line 28, in __call__
    return await super().__call__(scope, receive, send)
           ^^^^^^^^^^^^^^^^^^^^^^^^^^^^^^^^^^^^^^^^^^^^
  File "D:\testplatformservice\testplatform\venv\Lib\site-packages\channels\middleware.py", line 24, in __call__
    return await self.inner(scope, receive, send)
           ^^^^^^^^^^^^^^^^^^^^^^^^^^^^^^^^^^^^^^
  File "D:\testplatformservice\testplatform\venv\Lib\site-packages\channels\routing.py", line 118, in __call__
    return await application(
           ^^^^^^^^^^^^^^^^^^
  File "D:\testplatformservice\testplatform\venv\Lib\site-packages\channels\consumer.py", line 95, in app
    return await consumer(scope, receive, send)
           ^^^^^^^^^^^^^^^^^^^^^^^^^^^^^^^^^^^^
  File "D:\testplatformservice\testplatform\venv\Lib\site-packages\channels\consumer.py", line 58, in __call__
    await await_many_dispatch(
  File "D:\testplatformservice\testplatform\venv\Lib\site-packages\channels\utils.py", line 57, in await_many_dispatch
    await task
redis.exceptions.ResponseError: unknown command 'BZPOPMIN'
[2026-07-06 11:07:09] ERROR [daphne.server:303] Exception inside application: unknown command 'BZPOPMIN'
Traceback (most recent call last):
  File "D:\testplatformservice\testplatform\venv\Lib\site-packages\channels\routing.py", line 48, in __call__
    return await application(scope, receive, send)
           ^^^^^^^^^^^^^^^^^^^^^^^^^^^^^^^^^^^^^^^
  File "D:\testplatformservice\testplatform\commons\ws\auth.py", line 28, in __call__
    return await super().__call__(scope, receive, send)
           ^^^^^^^^^^^^^^^^^^^^^^^^^^^^^^^^^^^^^^^^^^^^
  File "D:\testplatformservice\testplatform\venv\Lib\site-packages\channels\middleware.py", line 24, in __call__
    return await self.inner(scope, receive, send)
           ^^^^^^^^^^^^^^^^^^^^^^^^^^^^^^^^^^^^^^
  File "D:\testplatformservice\testplatform\venv\Lib\site-packages\channels\routing.py", line 118, in __call__
    return await application(
           ^^^^^^^^^^^^^^^^^^
  File "D:\testplatformservice\testplatform\venv\Lib\site-packages\channels\consumer.py", line 95, in app
    return await consumer(scope, receive, send)
           ^^^^^^^^^^^^^^^^^^^^^^^^^^^^^^^^^^^^
  File "D:\testplatformservice\testplatform\venv\Lib\site-packages\channels\consumer.py", line 58, in __call__
    await await_many_dispatch(
  File "D:\testplatformservice\testplatform\venv\Lib\site-packages\channels\utils.py", line 57, in await_many_dispatch
    await task
redis.exceptions.ResponseError: unknown command 'BZPOPMIN'
[2026-07-06 11:07:13] ERROR [daphne.server:303] Exception inside application: unknown command 'BZPOPMIN'
Traceback (most recent call last):
  File "D:\testplatformservice\testplatform\venv\Lib\site-packages\channels\routing.py", line 48, in __call__
    return await application(scope, receive, send)
           ^^^^^^^^^^^^^^^^^^^^^^^^^^^^^^^^^^^^^^^
  File "D:\testplatformservice\testplatform\commons\ws\auth.py", line 28, in __call__
    return await super().__call__(scope, receive, send)
           ^^^^^^^^^^^^^^^^^^^^^^^^^^^^^^^^^^^^^^^^^^^^
  File "D:\testplatformservice\testplatform\venv\Lib\site-packages\channels\middleware.py", line 24, in __call__
    return await self.inner(scope, receive, send)
           ^^^^^^^^^^^^^^^^^^^^^^^^^^^^^^^^^^^^^^
  File "D:\testplatformservice\testplatform\venv\Lib\site-packages\channels\routing.py", line 118, in __call__
    return await application(
           ^^^^^^^^^^^^^^^^^^
  File "D:\testplatformservice\testplatform\venv\Lib\site-packages\channels\consumer.py", line 95, in app
    return await consumer(scope, receive, send)
           ^^^^^^^^^^^^^^^^^^^^^^^^^^^^^^^^^^^^
  File "D:\testplatformservice\testplatform\venv\Lib\site-packages\channels\consumer.py", line 58, in __call__
    await await_many_dispatch(
  File "D:\testplatformservice\testplatform\venv\Lib\site-packages\channels\utils.py", line 57, in await_many_dispatch
    await task
redis.exceptions.ResponseError: unknown command 'BZPOPMIN'
[2026-07-06 11:07:17] ERROR [daphne.server:303] Exception inside application: unknown command 'BZPOPMIN'
Traceback (most recent call last):
  File "D:\testplatformservice\testplatform\venv\Lib\site-packages\channels\routing.py", line 48, in __call__
    return await application(scope, receive, send)
           ^^^^^^^^^^^^^^^^^^^^^^^^^^^^^^^^^^^^^^^
  File "D:\testplatformservice\testplatform\commons\ws\auth.py", line 28, in __call__
    return await super().__call__(scope, receive, send)
           ^^^^^^^^^^^^^^^^^^^^^^^^^^^^^^^^^^^^^^^^^^^^
  File "D:\testplatformservice\testplatform\venv\Lib\site-packages\channels\middleware.py", line 24, in __call__
    return await self.inner(scope, receive, send)
           ^^^^^^^^^^^^^^^^^^^^^^^^^^^^^^^^^^^^^^
  File "D:\testplatformservice\testplatform\venv\Lib\site-packages\channels\routing.py", line 118, in __call__
    return await application(
           ^^^^^^^^^^^^^^^^^^
  File "D:\testplatformservice\testplatform\venv\Lib\site-packages\channels\consumer.py", line 95, in app
    return await consumer(scope, receive, send)
           ^^^^^^^^^^^^^^^^^^^^^^^^^^^^^^^^^^^^
  File "D:\testplatformservice\testplatform\venv\Lib\site-packages\channels\consumer.py", line 58, in __call__
    await await_many_dispatch(
  File "D:\testplatformservice\testplatform\venv\Lib\site-packages\channels\utils.py", line 57, in await_many_dispatch
    await task
redis.exceptions.ResponseError: unknown command 'BZPOPMIN'
[2026-07-06 11:07:21] ERROR [daphne.server:303] Exception inside application: unknown command 'BZPOPMIN'
Traceback (most recent call last):
  File "D:\testplatformservice\testplatform\venv\Lib\site-packages\channels\routing.py", line 48, in __call__
    return await application(scope, receive, send)
           ^^^^^^^^^^^^^^^^^^^^^^^^^^^^^^^^^^^^^^^
  File "D:\testplatformservice\testplatform\commons\ws\auth.py", line 28, in __call__
    return await super().__call__(scope, receive, send)
           ^^^^^^^^^^^^^^^^^^^^^^^^^^^^^^^^^^^^^^^^^^^^
  File "D:\testplatformservice\testplatform\venv\Lib\site-packages\channels\middleware.py", line 24, in __call__
    return await self.inner(scope, receive, send)
           ^^^^^^^^^^^^^^^^^^^^^^^^^^^^^^^^^^^^^^
  File "D:\testplatformservice\testplatform\venv\Lib\site-packages\channels\routing.py", line 118, in __call__
    return await application(
           ^^^^^^^^^^^^^^^^^^
  File "D:\testplatformservice\testplatform\venv\Lib\site-packages\channels\consumer.py", line 95, in app
    return await consumer(scope, receive, send)
           ^^^^^^^^^^^^^^^^^^^^^^^^^^^^^^^^^^^^
  File "D:\testplatformservice\testplatform\venv\Lib\site-packages\channels\consumer.py", line 58, in __call__
    await await_many_dispatch(
  File "D:\testplatformservice\testplatform\venv\Lib\site-packages\channels\utils.py", line 57, in await_many_dispatch
    await task
redis.exceptions.ResponseError: unknown command 'BZPOPMIN'
[2026-07-06 11:07:25] ERROR [daphne.server:303] Exception inside application: unknown command 'BZPOPMIN'
Traceback (most recent call last):
  File "D:\testplatformservice\testplatform\venv\Lib\site-packages\channels\routing.py", line 48, in __call__
    return await application(scope, receive, send)
           ^^^^^^^^^^^^^^^^^^^^^^^^^^^^^^^^^^^^^^^
  File "D:\testplatformservice\testplatform\commons\ws\auth.py", line 28, in __call__
    return await super().__call__(scope, receive, send)
           ^^^^^^^^^^^^^^^^^^^^^^^^^^^^^^^^^^^^^^^^^^^^
  File "D:\testplatformservice\testplatform\venv\Lib\site-packages\channels\middleware.py", line 24, in __call__
    return await self.inner(scope, receive, send)
           ^^^^^^^^^^^^^^^^^^^^^^^^^^^^^^^^^^^^^^
  File "D:\testplatformservice\testplatform\venv\Lib\site-packages\channels\routing.py", line 118, in __call__
    return await application(
           ^^^^^^^^^^^^^^^^^^
  File "D:\testplatformservice\testplatform\venv\Lib\site-packages\channels\consumer.py", line 95, in app
    return await consumer(scope, receive, send)
           ^^^^^^^^^^^^^^^^^^^^^^^^^^^^^^^^^^^^
  File "D:\testplatformservice\testplatform\venv\Lib\site-packages\channels\consumer.py", line 58, in __call__
    await await_many_dispatch(
  File "D:\testplatformservice\testplatform\venv\Lib\site-packages\channels\utils.py", line 57, in await_many_dispatch
    await task
redis.exceptions.ResponseError: unknown command 'BZPOPMIN'
[2026-07-06 11:07:29] ERROR [daphne.server:303] Exception inside application: unknown command 'BZPOPMIN'
Traceback (most recent call last):
  File "D:\testplatformservice\testplatform\venv\Lib\site-packages\channels\routing.py", line 48, in __call__
    return await application(scope, receive, send)
           ^^^^^^^^^^^^^^^^^^^^^^^^^^^^^^^^^^^^^^^
  File "D:\testplatformservice\testplatform\commons\ws\auth.py", line 28, in __call__
    return await super().__call__(scope, receive, send)
           ^^^^^^^^^^^^^^^^^^^^^^^^^^^^^^^^^^^^^^^^^^^^
  File "D:\testplatformservice\testplatform\venv\Lib\site-packages\channels\middleware.py", line 24, in __call__
    return await self.inner(scope, receive, send)
           ^^^^^^^^^^^^^^^^^^^^^^^^^^^^^^^^^^^^^^
  File "D:\testplatformservice\testplatform\venv\Lib\site-packages\channels\routing.py", line 118, in __call__
    return await application(
           ^^^^^^^^^^^^^^^^^^
  File "D:\testplatformservice\testplatform\venv\Lib\site-packages\channels\consumer.py", line 95, in app
    return await consumer(scope, receive, send)
           ^^^^^^^^^^^^^^^^^^^^^^^^^^^^^^^^^^^^
  File "D:\testplatformservice\testplatform\venv\Lib\site-packages\channels\consumer.py", line 58, in __call__
    await await_many_dispatch(
  File "D:\testplatformservice\testplatform\venv\Lib\site-packages\channels\utils.py", line 57, in await_many_dispatch
    await task
redis.exceptions.ResponseError: unknown command 'BZPOPMIN'
[2026-07-06 11:07:33] ERROR [daphne.server:303] Exception inside application: unknown command 'BZPOPMIN'
Traceback (most recent call last):
  File "D:\testplatformservice\testplatform\venv\Lib\site-packages\channels\routing.py", line 48, in __call__
    return await application(scope, receive, send)
           ^^^^^^^^^^^^^^^^^^^^^^^^^^^^^^^^^^^^^^^
  File "D:\testplatformservice\testplatform\commons\ws\auth.py", line 28, in __call__
    return await super().__call__(scope, receive, send)
           ^^^^^^^^^^^^^^^^^^^^^^^^^^^^^^^^^^^^^^^^^^^^
  File "D:\testplatformservice\testplatform\venv\Lib\site-packages\channels\middleware.py", line 24, in __call__
    return await self.inner(scope, receive, send)
           ^^^^^^^^^^^^^^^^^^^^^^^^^^^^^^^^^^^^^^
  File "D:\testplatformservice\testplatform\venv\Lib\site-packages\channels\routing.py", line 118, in __call__
    return await application(
           ^^^^^^^^^^^^^^^^^^
  File "D:\testplatformservice\testplatform\venv\Lib\site-packages\channels\consumer.py", line 95, in app
    return await consumer(scope, receive, send)
           ^^^^^^^^^^^^^^^^^^^^^^^^^^^^^^^^^^^^
  File "D:\testplatformservice\testplatform\venv\Lib\site-packages\channels\consumer.py", line 58, in __call__
    await await_many_dispatch(
  File "D:\testplatformservice\testplatform\venv\Lib\site-packages\channels\utils.py", line 57, in await_many_dispatch
    await task
redis.exceptions.ResponseError: unknown command 'BZPOPMIN'
[2026-07-06 11:07:37] ERROR [daphne.server:303] Exception inside application: unknown command 'BZPOPMIN'
Traceback (most recent call last):
  File "D:\testplatformservice\testplatform\venv\Lib\site-packages\channels\routing.py", line 48, in __call__
    return await application(scope, receive, send)
           ^^^^^^^^^^^^^^^^^^^^^^^^^^^^^^^^^^^^^^^
  File "D:\testplatformservice\testplatform\commons\ws\auth.py", line 28, in __call__
    return await super().__call__(scope, receive, send)
           ^^^^^^^^^^^^^^^^^^^^^^^^^^^^^^^^^^^^^^^^^^^^
  File "D:\testplatformservice\testplatform\venv\Lib\site-packages\channels\middleware.py", line 24, in __call__
    return await self.inner(scope, receive, send)
           ^^^^^^^^^^^^^^^^^^^^^^^^^^^^^^^^^^^^^^
  File "D:\testplatformservice\testplatform\venv\Lib\site-packages\channels\routing.py", line 118, in __call__
    return await application(
           ^^^^^^^^^^^^^^^^^^
  File "D:\testplatformservice\testplatform\venv\Lib\site-packages\channels\consumer.py", line 95, in app
    return await consumer(scope, receive, send)
           ^^^^^^^^^^^^^^^^^^^^^^^^^^^^^^^^^^^^
  File "D:\testplatformservice\testplatform\venv\Lib\site-packages\channels\consumer.py", line 58, in __call__
    await await_many_dispatch(
  File "D:\testplatformservice\testplatform\venv\Lib\site-packages\channels\utils.py", line 57, in await_many_dispatch
    await task
redis.exceptions.ResponseError: unknown command 'BZPOPMIN'
[2026-07-06 11:07:42] ERROR [daphne.server:303] Exception inside application: unknown command 'BZPOPMIN'
Traceback (most recent call last):
  File "D:\testplatformservice\testplatform\venv\Lib\site-packages\channels\routing.py", line 48, in __call__
    return await application(scope, receive, send)
           ^^^^^^^^^^^^^^^^^^^^^^^^^^^^^^^^^^^^^^^
  File "D:\testplatformservice\testplatform\commons\ws\auth.py", line 28, in __call__
    return await super().__call__(scope, receive, send)
           ^^^^^^^^^^^^^^^^^^^^^^^^^^^^^^^^^^^^^^^^^^^^
  File "D:\testplatformservice\testplatform\venv\Lib\site-packages\channels\middleware.py", line 24, in __call__
    return await self.inner(scope, receive, send)
           ^^^^^^^^^^^^^^^^^^^^^^^^^^^^^^^^^^^^^^
  File "D:\testplatformservice\testplatform\venv\Lib\site-packages\channels\routing.py", line 118, in __call__
    return await application(
           ^^^^^^^^^^^^^^^^^^
  File "D:\testplatformservice\testplatform\venv\Lib\site-packages\channels\consumer.py", line 95, in app
    return await consumer(scope, receive, send)
           ^^^^^^^^^^^^^^^^^^^^^^^^^^^^^^^^^^^^
  File "D:\testplatformservice\testplatform\venv\Lib\site-packages\channels\consumer.py", line 58, in __call__
    await await_many_dispatch(
  File "D:\testplatformservice\testplatform\venv\Lib\site-packages\channels\utils.py", line 57, in await_many_dispatch
    await task
redis.exceptions.ResponseError: unknown command 'BZPOPMIN'
[2026-07-06 11:07:46] ERROR [daphne.server:303] Exception inside application: unknown command 'BZPOPMIN'
Traceback (most recent call last):
  File "D:\testplatformservice\testplatform\venv\Lib\site-packages\channels\routing.py", line 48, in __call__
    return await application(scope, receive, send)
           ^^^^^^^^^^^^^^^^^^^^^^^^^^^^^^^^^^^^^^^
  File "D:\testplatformservice\testplatform\commons\ws\auth.py", line 28, in __call__
    return await super().__call__(scope, receive, send)
           ^^^^^^^^^^^^^^^^^^^^^^^^^^^^^^^^^^^^^^^^^^^^
  File "D:\testplatformservice\testplatform\venv\Lib\site-packages\channels\middleware.py", line 24, in __call__
    return await self.inner(scope, receive, send)
           ^^^^^^^^^^^^^^^^^^^^^^^^^^^^^^^^^^^^^^
  File "D:\testplatformservice\testplatform\venv\Lib\site-packages\channels\routing.py", line 118, in __call__
    return await application(
           ^^^^^^^^^^^^^^^^^^
  File "D:\testplatformservice\testplatform\venv\Lib\site-packages\channels\consumer.py", line 95, in app
    return await consumer(scope, receive, send)
           ^^^^^^^^^^^^^^^^^^^^^^^^^^^^^^^^^^^^
  File "D:\testplatformservice\testplatform\venv\Lib\site-packages\channels\consumer.py", line 58, in __call__
    await await_many_dispatch(
  File "D:\testplatformservice\testplatform\venv\Lib\site-packages\channels\utils.py", line 57, in await_many_dispatch
    await task
redis.exceptions.ResponseError: unknown command 'BZPOPMIN'
[2026-07-06 11:07:50] ERROR [daphne.server:303] Exception inside application: unknown command 'BZPOPMIN'
Traceback (most recent call last):
  File "D:\testplatformservice\testplatform\venv\Lib\site-packages\channels\routing.py", line 48, in __call__
    return await application(scope, receive, send)
           ^^^^^^^^^^^^^^^^^^^^^^^^^^^^^^^^^^^^^^^
  File "D:\testplatformservice\testplatform\commons\ws\auth.py", line 28, in __call__
    return await super().__call__(scope, receive, send)
           ^^^^^^^^^^^^^^^^^^^^^^^^^^^^^^^^^^^^^^^^^^^^
  File "D:\testplatformservice\testplatform\venv\Lib\site-packages\channels\middleware.py", line 24, in __call__
    return await self.inner(scope, receive, send)
           ^^^^^^^^^^^^^^^^^^^^^^^^^^^^^^^^^^^^^^
  File "D:\testplatformservice\testplatform\venv\Lib\site-packages\channels\routing.py", line 118, in __call__
    return await application(
           ^^^^^^^^^^^^^^^^^^
  File "D:\testplatformservice\testplatform\venv\Lib\site-packages\channels\consumer.py", line 95, in app
    return await consumer(scope, receive, send)
           ^^^^^^^^^^^^^^^^^^^^^^^^^^^^^^^^^^^^
  File "D:\testplatformservice\testplatform\venv\Lib\site-packages\channels\consumer.py", line 58, in __call__
    await await_many_dispatch(
  File "D:\testplatformservice\testplatform\venv\Lib\site-packages\channels\utils.py", line 57, in await_many_dispatch
    await task
redis.exceptions.ResponseError: unknown command 'BZPOPMIN'
[2026-07-06 11:07:54] ERROR [daphne.server:303] Exception inside application: unknown command 'BZPOPMIN'
Traceback (most recent call last):
  File "D:\testplatformservice\testplatform\venv\Lib\site-packages\channels\routing.py", line 48, in __call__
    return await application(scope, receive, send)
           ^^^^^^^^^^^^^^^^^^^^^^^^^^^^^^^^^^^^^^^
  File "D:\testplatformservice\testplatform\commons\ws\auth.py", line 28, in __call__
    return await super().__call__(scope, receive, send)
           ^^^^^^^^^^^^^^^^^^^^^^^^^^^^^^^^^^^^^^^^^^^^
  File "D:\testplatformservice\testplatform\venv\Lib\site-packages\channels\middleware.py", line 24, in __call__
    return await self.inner(scope, receive, send)
           ^^^^^^^^^^^^^^^^^^^^^^^^^^^^^^^^^^^^^^
  File "D:\testplatformservice\testplatform\venv\Lib\site-packages\channels\routing.py", line 118, in __call__
    return await application(
           ^^^^^^^^^^^^^^^^^^
  File "D:\testplatformservice\testplatform\venv\Lib\site-packages\channels\consumer.py", line 95, in app
    return await consumer(scope, receive, send)
           ^^^^^^^^^^^^^^^^^^^^^^^^^^^^^^^^^^^^
  File "D:\testplatformservice\testplatform\venv\Lib\site-packages\channels\consumer.py", line 58, in __call__
    await await_many_dispatch(
  File "D:\testplatformservice\testplatform\venv\Lib\site-packages\channels\utils.py", line 57, in await_many_dispatch
    await task
redis.exceptions.ResponseError: unknown command 'BZPOPMIN'
[2026-07-06 11:07:58] ERROR [daphne.server:303] Exception inside application: unknown command 'BZPOPMIN'
Traceback (most recent call last):
  File "D:\testplatformservice\testplatform\venv\Lib\site-packages\channels\routing.py", line 48, in __call__
    return await application(scope, receive, send)
           ^^^^^^^^^^^^^^^^^^^^^^^^^^^^^^^^^^^^^^^
  File "D:\testplatformservice\testplatform\commons\ws\auth.py", line 28, in __call__
    return await super().__call__(scope, receive, send)
           ^^^^^^^^^^^^^^^^^^^^^^^^^^^^^^^^^^^^^^^^^^^^
  File "D:\testplatformservice\testplatform\venv\Lib\site-packages\channels\middleware.py", line 24, in __call__
    return await self.inner(scope, receive, send)
           ^^^^^^^^^^^^^^^^^^^^^^^^^^^^^^^^^^^^^^
  File "D:\testplatformservice\testplatform\venv\Lib\site-packages\channels\routing.py", line 118, in __call__
    return await application(
           ^^^^^^^^^^^^^^^^^^
  File "D:\testplatformservice\testplatform\venv\Lib\site-packages\channels\consumer.py", line 95, in app
    return await consumer(scope, receive, send)
           ^^^^^^^^^^^^^^^^^^^^^^^^^^^^^^^^^^^^
  File "D:\testplatformservice\testplatform\venv\Lib\site-packages\channels\consumer.py", line 58, in __call__
    await await_many_dispatch(
  File "D:\testplatformservice\testplatform\venv\Lib\site-packages\channels\utils.py", line 57, in await_many_dispatch
    await task
redis.exceptions.ResponseError: unknown command 'BZPOPMIN'
[2026-07-06 11:08:02] ERROR [daphne.server:303] Exception inside application: unknown command 'BZPOPMIN'
Traceback (most recent call last):
  File "D:\testplatformservice\testplatform\venv\Lib\site-packages\channels\routing.py", line 48, in __call__
    return await application(scope, receive, send)
           ^^^^^^^^^^^^^^^^^^^^^^^^^^^^^^^^^^^^^^^
  File "D:\testplatformservice\testplatform\commons\ws\auth.py", line 28, in __call__
    return await super().__call__(scope, receive, send)
           ^^^^^^^^^^^^^^^^^^^^^^^^^^^^^^^^^^^^^^^^^^^^
  File "D:\testplatformservice\testplatform\venv\Lib\site-packages\channels\middleware.py", line 24, in __call__
    return await self.inner(scope, receive, send)
           ^^^^^^^^^^^^^^^^^^^^^^^^^^^^^^^^^^^^^^
  File "D:\testplatformservice\testplatform\venv\Lib\site-packages\channels\routing.py", line 118, in __call__
    return await application(
           ^^^^^^^^^^^^^^^^^^
  File "D:\testplatformservice\testplatform\venv\Lib\site-packages\channels\consumer.py", line 95, in app
    return await consumer(scope, receive, send)
           ^^^^^^^^^^^^^^^^^^^^^^^^^^^^^^^^^^^^
  File "D:\testplatformservice\testplatform\venv\Lib\site-packages\channels\consumer.py", line 58, in __call__
    await await_many_dispatch(
  File "D:\testplatformservice\testplatform\venv\Lib\site-packages\channels\utils.py", line 57, in await_many_dispatch
    await task
redis.exceptions.ResponseError: unknown command 'BZPOPMIN'
[2026-07-06 11:08:06] ERROR [daphne.server:303] Exception inside application: unknown command 'BZPOPMIN'
Traceback (most recent call last):
  File "D:\testplatformservice\testplatform\venv\Lib\site-packages\channels\routing.py", line 48, in __call__
    return await application(scope, receive, send)
           ^^^^^^^^^^^^^^^^^^^^^^^^^^^^^^^^^^^^^^^
  File "D:\testplatformservice\testplatform\commons\ws\auth.py", line 28, in __call__
    return await super().__call__(scope, receive, send)
           ^^^^^^^^^^^^^^^^^^^^^^^^^^^^^^^^^^^^^^^^^^^^
  File "D:\testplatformservice\testplatform\venv\Lib\site-packages\channels\middleware.py", line 24, in __call__
    return await self.inner(scope, receive, send)
           ^^^^^^^^^^^^^^^^^^^^^^^^^^^^^^^^^^^^^^
  File "D:\testplatformservice\testplatform\venv\Lib\site-packages\channels\routing.py", line 118, in __call__
    return await application(
           ^^^^^^^^^^^^^^^^^^
  File "D:\testplatformservice\testplatform\venv\Lib\site-packages\channels\consumer.py", line 95, in app
    return await consumer(scope, receive, send)
           ^^^^^^^^^^^^^^^^^^^^^^^^^^^^^^^^^^^^
  File "D:\testplatformservice\testplatform\venv\Lib\site-packages\channels\consumer.py", line 58, in __call__
    await await_many_dispatch(
  File "D:\testplatformservice\testplatform\venv\Lib\site-packages\channels\utils.py", line 57, in await_many_dispatch
    await task
redis.exceptions.ResponseError: unknown command 'BZPOPMIN'
[2026-07-06 11:10:30] INFO [config.asgi:20] WS routes: [<URLPattern 'ws/user/<str:user_id>/'>, <URLPattern 'ws/task/<str:task_id>/'>]
[2026-07-06 11:10:30] INFO [daphne.cli:284] Starting server at tcp:port=8000:interface=0.0.0.0
[2026-07-06 11:10:30] INFO [daphne.server:126] HTTP/2 support not enabled (install the http2 and tls Twisted extras)
[2026-07-06 11:10:30] INFO [daphne.server:135] Configuring endpoint tcp:port=8000:interface=0.0.0.0
[2026-07-06 11:10:30] INFO [daphne.server:166] Listening on TCP address 0.0.0.0:8000
[2026-07-06 11:10:33] ERROR [daphne.server:303] Exception inside application: unknown command 'BZPOPMIN'
Traceback (most recent call last):
  File "D:\testplatformservice\testplatform\venv\Lib\site-packages\channels\routing.py", line 48, in __call__
    return await application(scope, receive, send)
           ^^^^^^^^^^^^^^^^^^^^^^^^^^^^^^^^^^^^^^^
  File "D:\testplatformservice\testplatform\commons\ws\auth.py", line 28, in __call__
    return await super().__call__(scope, receive, send)
           ^^^^^^^^^^^^^^^^^^^^^^^^^^^^^^^^^^^^^^^^^^^^
  File "D:\testplatformservice\testplatform\venv\Lib\site-packages\channels\middleware.py", line 24, in __call__
    return await self.inner(scope, receive, send)
           ^^^^^^^^^^^^^^^^^^^^^^^^^^^^^^^^^^^^^^
  File "D:\testplatformservice\testplatform\venv\Lib\site-packages\channels\routing.py", line 118, in __call__
    return await application(
           ^^^^^^^^^^^^^^^^^^
  File "D:\testplatformservice\testplatform\venv\Lib\site-packages\channels\consumer.py", line 95, in app
    return await consumer(scope, receive, send)
           ^^^^^^^^^^^^^^^^^^^^^^^^^^^^^^^^^^^^
  File "D:\testplatformservice\testplatform\venv\Lib\site-packages\channels\consumer.py", line 58, in __call__
    await await_many_dispatch(
  File "D:\testplatformservice\testplatform\venv\Lib\site-packages\channels\utils.py", line 57, in await_many_dispatch
    await task
redis.exceptions.ResponseError: unknown command 'BZPOPMIN'
[2026-07-06 11:10:37] ERROR [daphne.server:303] Exception inside application: unknown command 'BZPOPMIN'
Traceback (most recent call last):
  File "D:\testplatformservice\testplatform\venv\Lib\site-packages\channels\routing.py", line 48, in __call__
    return await application(scope, receive, send)
           ^^^^^^^^^^^^^^^^^^^^^^^^^^^^^^^^^^^^^^^
  File "D:\testplatformservice\testplatform\commons\ws\auth.py", line 28, in __call__
    return await super().__call__(scope, receive, send)
           ^^^^^^^^^^^^^^^^^^^^^^^^^^^^^^^^^^^^^^^^^^^^
  File "D:\testplatformservice\testplatform\venv\Lib\site-packages\channels\middleware.py", line 24, in __call__
    return await self.inner(scope, receive, send)
           ^^^^^^^^^^^^^^^^^^^^^^^^^^^^^^^^^^^^^^
  File "D:\testplatformservice\testplatform\venv\Lib\site-packages\channels\routing.py", line 118, in __call__
    return await application(
           ^^^^^^^^^^^^^^^^^^
  File "D:\testplatformservice\testplatform\venv\Lib\site-packages\channels\consumer.py", line 95, in app
    return await consumer(scope, receive, send)
           ^^^^^^^^^^^^^^^^^^^^^^^^^^^^^^^^^^^^
  File "D:\testplatformservice\testplatform\venv\Lib\site-packages\channels\consumer.py", line 58, in __call__
    await await_many_dispatch(
  File "D:\testplatformservice\testplatform\venv\Lib\site-packages\channels\utils.py", line 57, in await_many_dispatch
    await task
redis.exceptions.ResponseError: unknown command 'BZPOPMIN'
[2026-07-06 11:10:42] ERROR [daphne.server:303] Exception inside application: unknown command 'BZPOPMIN'
Traceback (most recent call last):
  File "D:\testplatformservice\testplatform\venv\Lib\site-packages\channels\routing.py", line 48, in __call__
    return await application(scope, receive, send)
           ^^^^^^^^^^^^^^^^^^^^^^^^^^^^^^^^^^^^^^^
  File "D:\testplatformservice\testplatform\commons\ws\auth.py", line 28, in __call__
    return await super().__call__(scope, receive, send)
           ^^^^^^^^^^^^^^^^^^^^^^^^^^^^^^^^^^^^^^^^^^^^
  File "D:\testplatformservice\testplatform\venv\Lib\site-packages\channels\middleware.py", line 24, in __call__
    return await self.inner(scope, receive, send)
           ^^^^^^^^^^^^^^^^^^^^^^^^^^^^^^^^^^^^^^
  File "D:\testplatformservice\testplatform\venv\Lib\site-packages\channels\routing.py", line 118, in __call__
    return await application(
           ^^^^^^^^^^^^^^^^^^
  File "D:\testplatformservice\testplatform\venv\Lib\site-packages\channels\consumer.py", line 95, in app
    return await consumer(scope, receive, send)
           ^^^^^^^^^^^^^^^^^^^^^^^^^^^^^^^^^^^^
  File "D:\testplatformservice\testplatform\venv\Lib\site-packages\channels\consumer.py", line 58, in __call__
    await await_many_dispatch(
  File "D:\testplatformservice\testplatform\venv\Lib\site-packages\channels\utils.py", line 57, in await_many_dispatch
    await task
redis.exceptions.ResponseError: unknown command 'BZPOPMIN'
[2026-07-06 11:10:46] ERROR [daphne.server:303] Exception inside application: unknown command 'BZPOPMIN'
Traceback (most recent call last):
  File "D:\testplatformservice\testplatform\venv\Lib\site-packages\channels\routing.py", line 48, in __call__
    return await application(scope, receive, send)
           ^^^^^^^^^^^^^^^^^^^^^^^^^^^^^^^^^^^^^^^
  File "D:\testplatformservice\testplatform\commons\ws\auth.py", line 28, in __call__
    return await super().__call__(scope, receive, send)
           ^^^^^^^^^^^^^^^^^^^^^^^^^^^^^^^^^^^^^^^^^^^^
  File "D:\testplatformservice\testplatform\venv\Lib\site-packages\channels\middleware.py", line 24, in __call__
    return await self.inner(scope, receive, send)
           ^^^^^^^^^^^^^^^^^^^^^^^^^^^^^^^^^^^^^^
  File "D:\testplatformservice\testplatform\venv\Lib\site-packages\channels\routing.py", line 118, in __call__
    return await application(
           ^^^^^^^^^^^^^^^^^^
  File "D:\testplatformservice\testplatform\venv\Lib\site-packages\channels\consumer.py", line 95, in app
    return await consumer(scope, receive, send)
           ^^^^^^^^^^^^^^^^^^^^^^^^^^^^^^^^^^^^
  File "D:\testplatformservice\testplatform\venv\Lib\site-packages\channels\consumer.py", line 58, in __call__
    await await_many_dispatch(
  File "D:\testplatformservice\testplatform\venv\Lib\site-packages\channels\utils.py", line 57, in await_many_dispatch
    await task
redis.exceptions.ResponseError: unknown command 'BZPOPMIN'
[2026-07-06 11:10:50] ERROR [daphne.server:303] Exception inside application: unknown command 'BZPOPMIN'
Traceback (most recent call last):
  File "D:\testplatformservice\testplatform\venv\Lib\site-packages\channels\routing.py", line 48, in __call__
    return await application(scope, receive, send)
           ^^^^^^^^^^^^^^^^^^^^^^^^^^^^^^^^^^^^^^^
  File "D:\testplatformservice\testplatform\commons\ws\auth.py", line 28, in __call__
    return await super().__call__(scope, receive, send)
           ^^^^^^^^^^^^^^^^^^^^^^^^^^^^^^^^^^^^^^^^^^^^
  File "D:\testplatformservice\testplatform\venv\Lib\site-packages\channels\middleware.py", line 24, in __call__
    return await self.inner(scope, receive, send)
           ^^^^^^^^^^^^^^^^^^^^^^^^^^^^^^^^^^^^^^
  File "D:\testplatformservice\testplatform\venv\Lib\site-packages\channels\routing.py", line 118, in __call__
    return await application(
           ^^^^^^^^^^^^^^^^^^
  File "D:\testplatformservice\testplatform\venv\Lib\site-packages\channels\consumer.py", line 95, in app
    return await consumer(scope, receive, send)
           ^^^^^^^^^^^^^^^^^^^^^^^^^^^^^^^^^^^^
  File "D:\testplatformservice\testplatform\venv\Lib\site-packages\channels\consumer.py", line 58, in __call__
    await await_many_dispatch(
  File "D:\testplatformservice\testplatform\venv\Lib\site-packages\channels\utils.py", line 57, in await_many_dispatch
    await task
redis.exceptions.ResponseError: unknown command 'BZPOPMIN'
[2026-07-06 11:10:54] ERROR [daphne.server:303] Exception inside application: unknown command 'BZPOPMIN'
Traceback (most recent call last):
  File "D:\testplatformservice\testplatform\venv\Lib\site-packages\channels\routing.py", line 48, in __call__
    return await application(scope, receive, send)
           ^^^^^^^^^^^^^^^^^^^^^^^^^^^^^^^^^^^^^^^
  File "D:\testplatformservice\testplatform\commons\ws\auth.py", line 28, in __call__
    return await super().__call__(scope, receive, send)
           ^^^^^^^^^^^^^^^^^^^^^^^^^^^^^^^^^^^^^^^^^^^^
  File "D:\testplatformservice\testplatform\venv\Lib\site-packages\channels\middleware.py", line 24, in __call__
    return await self.inner(scope, receive, send)
           ^^^^^^^^^^^^^^^^^^^^^^^^^^^^^^^^^^^^^^
  File "D:\testplatformservice\testplatform\venv\Lib\site-packages\channels\routing.py", line 118, in __call__
    return await application(
           ^^^^^^^^^^^^^^^^^^
  File "D:\testplatformservice\testplatform\venv\Lib\site-packages\channels\consumer.py", line 95, in app
    return await consumer(scope, receive, send)
           ^^^^^^^^^^^^^^^^^^^^^^^^^^^^^^^^^^^^
  File "D:\testplatformservice\testplatform\venv\Lib\site-packages\channels\consumer.py", line 58, in __call__
    await await_many_dispatch(
  File "D:\testplatformservice\testplatform\venv\Lib\site-packages\channels\utils.py", line 57, in await_many_dispatch
    await task
redis.exceptions.ResponseError: unknown command 'BZPOPMIN'
[2026-07-06 11:10:58] ERROR [daphne.server:303] Exception inside application: unknown command 'BZPOPMIN'
Traceback (most recent call last):
  File "D:\testplatformservice\testplatform\venv\Lib\site-packages\channels\routing.py", line 48, in __call__
    return await application(scope, receive, send)
           ^^^^^^^^^^^^^^^^^^^^^^^^^^^^^^^^^^^^^^^
  File "D:\testplatformservice\testplatform\commons\ws\auth.py", line 28, in __call__
    return await super().__call__(scope, receive, send)
           ^^^^^^^^^^^^^^^^^^^^^^^^^^^^^^^^^^^^^^^^^^^^
  File "D:\testplatformservice\testplatform\venv\Lib\site-packages\channels\middleware.py", line 24, in __call__
    return await self.inner(scope, receive, send)
           ^^^^^^^^^^^^^^^^^^^^^^^^^^^^^^^^^^^^^^
  File "D:\testplatformservice\testplatform\venv\Lib\site-packages\channels\routing.py", line 118, in __call__
    return await application(
           ^^^^^^^^^^^^^^^^^^
  File "D:\testplatformservice\testplatform\venv\Lib\site-packages\channels\consumer.py", line 95, in app
    return await consumer(scope, receive, send)
           ^^^^^^^^^^^^^^^^^^^^^^^^^^^^^^^^^^^^
  File "D:\testplatformservice\testplatform\venv\Lib\site-packages\channels\consumer.py", line 58, in __call__
    await await_many_dispatch(
  File "D:\testplatformservice\testplatform\venv\Lib\site-packages\channels\utils.py", line 57, in await_many_dispatch
    await task
redis.exceptions.ResponseError: unknown command 'BZPOPMIN'
[2026-07-06 11:11:02] ERROR [daphne.server:303] Exception inside application: unknown command 'BZPOPMIN'
Traceback (most recent call last):
  File "D:\testplatformservice\testplatform\venv\Lib\site-packages\channels\routing.py", line 48, in __call__
    return await application(scope, receive, send)
           ^^^^^^^^^^^^^^^^^^^^^^^^^^^^^^^^^^^^^^^
  File "D:\testplatformservice\testplatform\commons\ws\auth.py", line 28, in __call__
    return await super().__call__(scope, receive, send)
           ^^^^^^^^^^^^^^^^^^^^^^^^^^^^^^^^^^^^^^^^^^^^
  File "D:\testplatformservice\testplatform\venv\Lib\site-packages\channels\middleware.py", line 24, in __call__
    return await self.inner(scope, receive, send)
           ^^^^^^^^^^^^^^^^^^^^^^^^^^^^^^^^^^^^^^
  File "D:\testplatformservice\testplatform\venv\Lib\site-packages\channels\routing.py", line 118, in __call__
    return await application(
           ^^^^^^^^^^^^^^^^^^
  File "D:\testplatformservice\testplatform\venv\Lib\site-packages\channels\consumer.py", line 95, in app
    return await consumer(scope, receive, send)
           ^^^^^^^^^^^^^^^^^^^^^^^^^^^^^^^^^^^^
  File "D:\testplatformservice\testplatform\venv\Lib\site-packages\channels\consumer.py", line 58, in __call__
    await await_many_dispatch(
  File "D:\testplatformservice\testplatform\venv\Lib\site-packages\channels\utils.py", line 57, in await_many_dispatch
    await task
redis.exceptions.ResponseError: unknown command 'BZPOPMIN'
[2026-07-06 11:11:06] ERROR [daphne.server:303] Exception inside application: unknown command 'BZPOPMIN'
Traceback (most recent call last):
  File "D:\testplatformservice\testplatform\venv\Lib\site-packages\channels\routing.py", line 48, in __call__
    return await application(scope, receive, send)
           ^^^^^^^^^^^^^^^^^^^^^^^^^^^^^^^^^^^^^^^
  File "D:\testplatformservice\testplatform\commons\ws\auth.py", line 28, in __call__
    return await super().__call__(scope, receive, send)
           ^^^^^^^^^^^^^^^^^^^^^^^^^^^^^^^^^^^^^^^^^^^^
  File "D:\testplatformservice\testplatform\venv\Lib\site-packages\channels\middleware.py", line 24, in __call__
    return await self.inner(scope, receive, send)
           ^^^^^^^^^^^^^^^^^^^^^^^^^^^^^^^^^^^^^^
  File "D:\testplatformservice\testplatform\venv\Lib\site-packages\channels\routing.py", line 118, in __call__
    return await application(
           ^^^^^^^^^^^^^^^^^^
  File "D:\testplatformservice\testplatform\venv\Lib\site-packages\channels\consumer.py", line 95, in app
    return await consumer(scope, receive, send)
           ^^^^^^^^^^^^^^^^^^^^^^^^^^^^^^^^^^^^
  File "D:\testplatformservice\testplatform\venv\Lib\site-packages\channels\consumer.py", line 58, in __call__
    await await_many_dispatch(
  File "D:\testplatformservice\testplatform\venv\Lib\site-packages\channels\utils.py", line 57, in await_many_dispatch
    await task
redis.exceptions.ResponseError: unknown command 'BZPOPMIN'
[2026-07-06 11:11:10] ERROR [daphne.server:303] Exception inside application: unknown command 'BZPOPMIN'
Traceback (most recent call last):
  File "D:\testplatformservice\testplatform\venv\Lib\site-packages\channels\routing.py", line 48, in __call__
    return await application(scope, receive, send)
           ^^^^^^^^^^^^^^^^^^^^^^^^^^^^^^^^^^^^^^^
  File "D:\testplatformservice\testplatform\commons\ws\auth.py", line 28, in __call__
    return await super().__call__(scope, receive, send)
           ^^^^^^^^^^^^^^^^^^^^^^^^^^^^^^^^^^^^^^^^^^^^
  File "D:\testplatformservice\testplatform\venv\Lib\site-packages\channels\middleware.py", line 24, in __call__
    return await self.inner(scope, receive, send)
           ^^^^^^^^^^^^^^^^^^^^^^^^^^^^^^^^^^^^^^
  File "D:\testplatformservice\testplatform\venv\Lib\site-packages\channels\routing.py", line 118, in __call__
    return await application(
           ^^^^^^^^^^^^^^^^^^
  File "D:\testplatformservice\testplatform\venv\Lib\site-packages\channels\consumer.py", line 95, in app
    return await consumer(scope, receive, send)
           ^^^^^^^^^^^^^^^^^^^^^^^^^^^^^^^^^^^^
  File "D:\testplatformservice\testplatform\venv\Lib\site-packages\channels\consumer.py", line 58, in __call__
    await await_many_dispatch(
  File "D:\testplatformservice\testplatform\venv\Lib\site-packages\channels\utils.py", line 57, in await_many_dispatch
    await task
redis.exceptions.ResponseError: unknown command 'BZPOPMIN'
[2026-07-06 11:11:14] ERROR [daphne.server:303] Exception inside application: unknown command 'BZPOPMIN'
Traceback (most recent call last):
  File "D:\testplatformservice\testplatform\venv\Lib\site-packages\channels\routing.py", line 48, in __call__
    return await application(scope, receive, send)
           ^^^^^^^^^^^^^^^^^^^^^^^^^^^^^^^^^^^^^^^
  File "D:\testplatformservice\testplatform\commons\ws\auth.py", line 28, in __call__
    return await super().__call__(scope, receive, send)
           ^^^^^^^^^^^^^^^^^^^^^^^^^^^^^^^^^^^^^^^^^^^^
  File "D:\testplatformservice\testplatform\venv\Lib\site-packages\channels\middleware.py", line 24, in __call__
    return await self.inner(scope, receive, send)
           ^^^^^^^^^^^^^^^^^^^^^^^^^^^^^^^^^^^^^^
  File "D:\testplatformservice\testplatform\venv\Lib\site-packages\channels\routing.py", line 118, in __call__
    return await application(
           ^^^^^^^^^^^^^^^^^^
  File "D:\testplatformservice\testplatform\venv\Lib\site-packages\channels\consumer.py", line 95, in app
    return await consumer(scope, receive, send)
           ^^^^^^^^^^^^^^^^^^^^^^^^^^^^^^^^^^^^
  File "D:\testplatformservice\testplatform\venv\Lib\site-packages\channels\consumer.py", line 58, in __call__
    await await_many_dispatch(
  File "D:\testplatformservice\testplatform\venv\Lib\site-packages\channels\utils.py", line 57, in await_many_dispatch
    await task
redis.exceptions.ResponseError: unknown command 'BZPOPMIN'
[2026-07-06 11:11:18] ERROR [daphne.server:303] Exception inside application: unknown command 'BZPOPMIN'
Traceback (most recent call last):
  File "D:\testplatformservice\testplatform\venv\Lib\site-packages\channels\routing.py", line 48, in __call__
    return await application(scope, receive, send)
           ^^^^^^^^^^^^^^^^^^^^^^^^^^^^^^^^^^^^^^^
  File "D:\testplatformservice\testplatform\commons\ws\auth.py", line 28, in __call__
    return await super().__call__(scope, receive, send)
           ^^^^^^^^^^^^^^^^^^^^^^^^^^^^^^^^^^^^^^^^^^^^
  File "D:\testplatformservice\testplatform\venv\Lib\site-packages\channels\middleware.py", line 24, in __call__
    return await self.inner(scope, receive, send)
           ^^^^^^^^^^^^^^^^^^^^^^^^^^^^^^^^^^^^^^
  File "D:\testplatformservice\testplatform\venv\Lib\site-packages\channels\routing.py", line 118, in __call__
    return await application(
           ^^^^^^^^^^^^^^^^^^
  File "D:\testplatformservice\testplatform\venv\Lib\site-packages\channels\consumer.py", line 95, in app
    return await consumer(scope, receive, send)
           ^^^^^^^^^^^^^^^^^^^^^^^^^^^^^^^^^^^^
  File "D:\testplatformservice\testplatform\venv\Lib\site-packages\channels\consumer.py", line 58, in __call__
    await await_many_dispatch(
  File "D:\testplatformservice\testplatform\venv\Lib\site-packages\channels\utils.py", line 57, in await_many_dispatch
    await task
redis.exceptions.ResponseError: unknown command 'BZPOPMIN'
[2026-07-06 11:11:22] ERROR [daphne.server:303] Exception inside application: unknown command 'BZPOPMIN'
Traceback (most recent call last):
  File "D:\testplatformservice\testplatform\venv\Lib\site-packages\channels\routing.py", line 48, in __call__
    return await application(scope, receive, send)
           ^^^^^^^^^^^^^^^^^^^^^^^^^^^^^^^^^^^^^^^
  File "D:\testplatformservice\testplatform\commons\ws\auth.py", line 28, in __call__
    return await super().__call__(scope, receive, send)
           ^^^^^^^^^^^^^^^^^^^^^^^^^^^^^^^^^^^^^^^^^^^^
  File "D:\testplatformservice\testplatform\venv\Lib\site-packages\channels\middleware.py", line 24, in __call__
    return await self.inner(scope, receive, send)
           ^^^^^^^^^^^^^^^^^^^^^^^^^^^^^^^^^^^^^^
  File "D:\testplatformservice\testplatform\venv\Lib\site-packages\channels\routing.py", line 118, in __call__
    return await application(
           ^^^^^^^^^^^^^^^^^^
  File "D:\testplatformservice\testplatform\venv\Lib\site-packages\channels\consumer.py", line 95, in app
    return await consumer(scope, receive, send)
           ^^^^^^^^^^^^^^^^^^^^^^^^^^^^^^^^^^^^
  File "D:\testplatformservice\testplatform\venv\Lib\site-packages\channels\consumer.py", line 58, in __call__
    await await_many_dispatch(
  File "D:\testplatformservice\testplatform\venv\Lib\site-packages\channels\utils.py", line 57, in await_many_dispatch
    await task
redis.exceptions.ResponseError: unknown command 'BZPOPMIN'
[2026-07-06 11:11:26] ERROR [daphne.server:303] Exception inside application: unknown command 'BZPOPMIN'
Traceback (most recent call last):
  File "D:\testplatformservice\testplatform\venv\Lib\site-packages\channels\routing.py", line 48, in __call__
    return await application(scope, receive, send)
           ^^^^^^^^^^^^^^^^^^^^^^^^^^^^^^^^^^^^^^^
  File "D:\testplatformservice\testplatform\commons\ws\auth.py", line 28, in __call__
    return await super().__call__(scope, receive, send)
           ^^^^^^^^^^^^^^^^^^^^^^^^^^^^^^^^^^^^^^^^^^^^
  File "D:\testplatformservice\testplatform\venv\Lib\site-packages\channels\middleware.py", line 24, in __call__
    return await self.inner(scope, receive, send)
           ^^^^^^^^^^^^^^^^^^^^^^^^^^^^^^^^^^^^^^
  File "D:\testplatformservice\testplatform\venv\Lib\site-packages\channels\routing.py", line 118, in __call__
    return await application(
           ^^^^^^^^^^^^^^^^^^
  File "D:\testplatformservice\testplatform\venv\Lib\site-packages\channels\consumer.py", line 95, in app
    return await consumer(scope, receive, send)
           ^^^^^^^^^^^^^^^^^^^^^^^^^^^^^^^^^^^^
  File "D:\testplatformservice\testplatform\venv\Lib\site-packages\channels\consumer.py", line 58, in __call__
    await await_many_dispatch(
  File "D:\testplatformservice\testplatform\venv\Lib\site-packages\channels\utils.py", line 57, in await_many_dispatch
    await task
redis.exceptions.ResponseError: unknown command 'BZPOPMIN'
[2026-07-06 11:11:30] ERROR [daphne.server:303] Exception inside application: unknown command 'BZPOPMIN'
Traceback (most recent call last):
  File "D:\testplatformservice\testplatform\venv\Lib\site-packages\channels\routing.py", line 48, in __call__
    return await application(scope, receive, send)
           ^^^^^^^^^^^^^^^^^^^^^^^^^^^^^^^^^^^^^^^
  File "D:\testplatformservice\testplatform\commons\ws\auth.py", line 28, in __call__
    return await super().__call__(scope, receive, send)
           ^^^^^^^^^^^^^^^^^^^^^^^^^^^^^^^^^^^^^^^^^^^^
  File "D:\testplatformservice\testplatform\venv\Lib\site-packages\channels\middleware.py", line 24, in __call__
    return await self.inner(scope, receive, send)
           ^^^^^^^^^^^^^^^^^^^^^^^^^^^^^^^^^^^^^^
  File "D:\testplatformservice\testplatform\venv\Lib\site-packages\channels\routing.py", line 118, in __call__
    return await application(
           ^^^^^^^^^^^^^^^^^^
  File "D:\testplatformservice\testplatform\venv\Lib\site-packages\channels\consumer.py", line 95, in app
    return await consumer(scope, receive, send)
           ^^^^^^^^^^^^^^^^^^^^^^^^^^^^^^^^^^^^
  File "D:\testplatformservice\testplatform\venv\Lib\site-packages\channels\consumer.py", line 58, in __call__
    await await_many_dispatch(
  File "D:\testplatformservice\testplatform\venv\Lib\site-packages\channels\utils.py", line 57, in await_many_dispatch
    await task
redis.exceptions.ResponseError: unknown command 'BZPOPMIN'
[2026-07-06 11:11:34] ERROR [daphne.server:303] Exception inside application: unknown command 'BZPOPMIN'
Traceback (most recent call last):
  File "D:\testplatformservice\testplatform\venv\Lib\site-packages\channels\routing.py", line 48, in __call__
    return await application(scope, receive, send)
           ^^^^^^^^^^^^^^^^^^^^^^^^^^^^^^^^^^^^^^^
  File "D:\testplatformservice\testplatform\commons\ws\auth.py", line 28, in __call__
    return await super().__call__(scope, receive, send)
           ^^^^^^^^^^^^^^^^^^^^^^^^^^^^^^^^^^^^^^^^^^^^
  File "D:\testplatformservice\testplatform\venv\Lib\site-packages\channels\middleware.py", line 24, in __call__
    return await self.inner(scope, receive, send)
           ^^^^^^^^^^^^^^^^^^^^^^^^^^^^^^^^^^^^^^
  File "D:\testplatformservice\testplatform\venv\Lib\site-packages\channels\routing.py", line 118, in __call__
    return await application(
           ^^^^^^^^^^^^^^^^^^
  File "D:\testplatformservice\testplatform\venv\Lib\site-packages\channels\consumer.py", line 95, in app
    return await consumer(scope, receive, send)
           ^^^^^^^^^^^^^^^^^^^^^^^^^^^^^^^^^^^^
  File "D:\testplatformservice\testplatform\venv\Lib\site-packages\channels\consumer.py", line 58, in __call__
    await await_many_dispatch(
  File "D:\testplatformservice\testplatform\venv\Lib\site-packages\channels\utils.py", line 57, in await_many_dispatch
    await task
redis.exceptions.ResponseError: unknown command 'BZPOPMIN'
[2026-07-06 11:11:38] ERROR [daphne.server:303] Exception inside application: unknown command 'BZPOPMIN'
Traceback (most recent call last):
  File "D:\testplatformservice\testplatform\venv\Lib\site-packages\channels\routing.py", line 48, in __call__
    return await application(scope, receive, send)
           ^^^^^^^^^^^^^^^^^^^^^^^^^^^^^^^^^^^^^^^
  File "D:\testplatformservice\testplatform\commons\ws\auth.py", line 28, in __call__
    return await super().__call__(scope, receive, send)
           ^^^^^^^^^^^^^^^^^^^^^^^^^^^^^^^^^^^^^^^^^^^^
  File "D:\testplatformservice\testplatform\venv\Lib\site-packages\channels\middleware.py", line 24, in __call__
    return await self.inner(scope, receive, send)
           ^^^^^^^^^^^^^^^^^^^^^^^^^^^^^^^^^^^^^^
  File "D:\testplatformservice\testplatform\venv\Lib\site-packages\channels\routing.py", line 118, in __call__
    return await application(
           ^^^^^^^^^^^^^^^^^^
  File "D:\testplatformservice\testplatform\venv\Lib\site-packages\channels\consumer.py", line 95, in app
    return await consumer(scope, receive, send)
           ^^^^^^^^^^^^^^^^^^^^^^^^^^^^^^^^^^^^
  File "D:\testplatformservice\testplatform\venv\Lib\site-packages\channels\consumer.py", line 58, in __call__
    await await_many_dispatch(
  File "D:\testplatformservice\testplatform\venv\Lib\site-packages\channels\utils.py", line 57, in await_many_dispatch
    await task
redis.exceptions.ResponseError: unknown command 'BZPOPMIN'
[2026-07-06 11:11:42] ERROR [daphne.server:303] Exception inside application: unknown command 'BZPOPMIN'
Traceback (most recent call last):
  File "D:\testplatformservice\testplatform\venv\Lib\site-packages\channels\routing.py", line 48, in __call__
    return await application(scope, receive, send)
           ^^^^^^^^^^^^^^^^^^^^^^^^^^^^^^^^^^^^^^^
  File "D:\testplatformservice\testplatform\commons\ws\auth.py", line 28, in __call__
    return await super().__call__(scope, receive, send)
           ^^^^^^^^^^^^^^^^^^^^^^^^^^^^^^^^^^^^^^^^^^^^
  File "D:\testplatformservice\testplatform\venv\Lib\site-packages\channels\middleware.py", line 24, in __call__
    return await self.inner(scope, receive, send)
           ^^^^^^^^^^^^^^^^^^^^^^^^^^^^^^^^^^^^^^
  File "D:\testplatformservice\testplatform\venv\Lib\site-packages\channels\routing.py", line 118, in __call__
    return await application(
           ^^^^^^^^^^^^^^^^^^
  File "D:\testplatformservice\testplatform\venv\Lib\site-packages\channels\consumer.py", line 95, in app
    return await consumer(scope, receive, send)
           ^^^^^^^^^^^^^^^^^^^^^^^^^^^^^^^^^^^^
  File "D:\testplatformservice\testplatform\venv\Lib\site-packages\channels\consumer.py", line 58, in __call__
    await await_many_dispatch(
  File "D:\testplatformservice\testplatform\venv\Lib\site-packages\channels\utils.py", line 57, in await_many_dispatch
    await task
redis.exceptions.ResponseError: unknown command 'BZPOPMIN'
[2026-07-06 11:11:46] ERROR [daphne.server:303] Exception inside application: unknown command 'BZPOPMIN'
Traceback (most recent call last):
  File "D:\testplatformservice\testplatform\venv\Lib\site-packages\channels\routing.py", line 48, in __call__
    return await application(scope, receive, send)
           ^^^^^^^^^^^^^^^^^^^^^^^^^^^^^^^^^^^^^^^
  File "D:\testplatformservice\testplatform\commons\ws\auth.py", line 28, in __call__
    return await super().__call__(scope, receive, send)
           ^^^^^^^^^^^^^^^^^^^^^^^^^^^^^^^^^^^^^^^^^^^^
  File "D:\testplatformservice\testplatform\venv\Lib\site-packages\channels\middleware.py", line 24, in __call__
    return await self.inner(scope, receive, send)
           ^^^^^^^^^^^^^^^^^^^^^^^^^^^^^^^^^^^^^^
  File "D:\testplatformservice\testplatform\venv\Lib\site-packages\channels\routing.py", line 118, in __call__
    return await application(
           ^^^^^^^^^^^^^^^^^^
  File "D:\testplatformservice\testplatform\venv\Lib\site-packages\channels\consumer.py", line 95, in app
    return await consumer(scope, receive, send)
           ^^^^^^^^^^^^^^^^^^^^^^^^^^^^^^^^^^^^
  File "D:\testplatformservice\testplatform\venv\Lib\site-packages\channels\consumer.py", line 58, in __call__
    await await_many_dispatch(
  File "D:\testplatformservice\testplatform\venv\Lib\site-packages\channels\utils.py", line 57, in await_many_dispatch
    await task
redis.exceptions.ResponseError: unknown command 'BZPOPMIN'
[2026-07-06 11:11:50] ERROR [daphne.server:303] Exception inside application: unknown command 'BZPOPMIN'
Traceback (most recent call last):
  File "D:\testplatformservice\testplatform\venv\Lib\site-packages\channels\routing.py", line 48, in __call__
    return await application(scope, receive, send)
           ^^^^^^^^^^^^^^^^^^^^^^^^^^^^^^^^^^^^^^^
  File "D:\testplatformservice\testplatform\commons\ws\auth.py", line 28, in __call__
    return await super().__call__(scope, receive, send)
           ^^^^^^^^^^^^^^^^^^^^^^^^^^^^^^^^^^^^^^^^^^^^
  File "D:\testplatformservice\testplatform\venv\Lib\site-packages\channels\middleware.py", line 24, in __call__
    return await self.inner(scope, receive, send)
           ^^^^^^^^^^^^^^^^^^^^^^^^^^^^^^^^^^^^^^
  File "D:\testplatformservice\testplatform\venv\Lib\site-packages\channels\routing.py", line 118, in __call__
    return await application(
           ^^^^^^^^^^^^^^^^^^
  File "D:\testplatformservice\testplatform\venv\Lib\site-packages\channels\consumer.py", line 95, in app
    return await consumer(scope, receive, send)
           ^^^^^^^^^^^^^^^^^^^^^^^^^^^^^^^^^^^^
  File "D:\testplatformservice\testplatform\venv\Lib\site-packages\channels\consumer.py", line 58, in __call__
    await await_many_dispatch(
  File "D:\testplatformservice\testplatform\venv\Lib\site-packages\channels\utils.py", line 57, in await_many_dispatch
    await task
redis.exceptions.ResponseError: unknown command 'BZPOPMIN'
[2026-07-06 11:11:54] ERROR [daphne.server:303] Exception inside application: unknown command 'BZPOPMIN'
Traceback (most recent call last):
  File "D:\testplatformservice\testplatform\venv\Lib\site-packages\channels\routing.py", line 48, in __call__
    return await application(scope, receive, send)
           ^^^^^^^^^^^^^^^^^^^^^^^^^^^^^^^^^^^^^^^
  File "D:\testplatformservice\testplatform\commons\ws\auth.py", line 28, in __call__
    return await super().__call__(scope, receive, send)
           ^^^^^^^^^^^^^^^^^^^^^^^^^^^^^^^^^^^^^^^^^^^^
  File "D:\testplatformservice\testplatform\venv\Lib\site-packages\channels\middleware.py", line 24, in __call__
    return await self.inner(scope, receive, send)
           ^^^^^^^^^^^^^^^^^^^^^^^^^^^^^^^^^^^^^^
  File "D:\testplatformservice\testplatform\venv\Lib\site-packages\channels\routing.py", line 118, in __call__
    return await application(
           ^^^^^^^^^^^^^^^^^^
  File "D:\testplatformservice\testplatform\venv\Lib\site-packages\channels\consumer.py", line 95, in app
    return await consumer(scope, receive, send)
           ^^^^^^^^^^^^^^^^^^^^^^^^^^^^^^^^^^^^
  File "D:\testplatformservice\testplatform\venv\Lib\site-packages\channels\consumer.py", line 58, in __call__
    await await_many_dispatch(
  File "D:\testplatformservice\testplatform\venv\Lib\site-packages\channels\utils.py", line 57, in await_many_dispatch
    await task
redis.exceptions.ResponseError: unknown command 'BZPOPMIN'
[2026-07-06 11:11:58] ERROR [daphne.server:303] Exception inside application: unknown command 'BZPOPMIN'
Traceback (most recent call last):
  File "D:\testplatformservice\testplatform\venv\Lib\site-packages\channels\routing.py", line 48, in __call__
    return await application(scope, receive, send)
           ^^^^^^^^^^^^^^^^^^^^^^^^^^^^^^^^^^^^^^^
  File "D:\testplatformservice\testplatform\commons\ws\auth.py", line 28, in __call__
    return await super().__call__(scope, receive, send)
           ^^^^^^^^^^^^^^^^^^^^^^^^^^^^^^^^^^^^^^^^^^^^
  File "D:\testplatformservice\testplatform\venv\Lib\site-packages\channels\middleware.py", line 24, in __call__
    return await self.inner(scope, receive, send)
           ^^^^^^^^^^^^^^^^^^^^^^^^^^^^^^^^^^^^^^
  File "D:\testplatformservice\testplatform\venv\Lib\site-packages\channels\routing.py", line 118, in __call__
    return await application(
           ^^^^^^^^^^^^^^^^^^
  File "D:\testplatformservice\testplatform\venv\Lib\site-packages\channels\consumer.py", line 95, in app
    return await consumer(scope, receive, send)
           ^^^^^^^^^^^^^^^^^^^^^^^^^^^^^^^^^^^^
  File "D:\testplatformservice\testplatform\venv\Lib\site-packages\channels\consumer.py", line 58, in __call__
    await await_many_dispatch(
  File "D:\testplatformservice\testplatform\venv\Lib\site-packages\channels\utils.py", line 57, in await_many_dispatch
    await task
redis.exceptions.ResponseError: unknown command 'BZPOPMIN'
[2026-07-06 11:12:02] ERROR [daphne.server:303] Exception inside application: unknown command 'BZPOPMIN'
Traceback (most recent call last):
  File "D:\testplatformservice\testplatform\venv\Lib\site-packages\channels\routing.py", line 48, in __call__
    return await application(scope, receive, send)
           ^^^^^^^^^^^^^^^^^^^^^^^^^^^^^^^^^^^^^^^
  File "D:\testplatformservice\testplatform\commons\ws\auth.py", line 28, in __call__
    return await super().__call__(scope, receive, send)
           ^^^^^^^^^^^^^^^^^^^^^^^^^^^^^^^^^^^^^^^^^^^^
  File "D:\testplatformservice\testplatform\venv\Lib\site-packages\channels\middleware.py", line 24, in __call__
    return await self.inner(scope, receive, send)
           ^^^^^^^^^^^^^^^^^^^^^^^^^^^^^^^^^^^^^^
  File "D:\testplatformservice\testplatform\venv\Lib\site-packages\channels\routing.py", line 118, in __call__
    return await application(
           ^^^^^^^^^^^^^^^^^^
  File "D:\testplatformservice\testplatform\venv\Lib\site-packages\channels\consumer.py", line 95, in app
    return await consumer(scope, receive, send)
           ^^^^^^^^^^^^^^^^^^^^^^^^^^^^^^^^^^^^
  File "D:\testplatformservice\testplatform\venv\Lib\site-packages\channels\consumer.py", line 58, in __call__
    await await_many_dispatch(
  File "D:\testplatformservice\testplatform\venv\Lib\site-packages\channels\utils.py", line 57, in await_many_dispatch
    await task
redis.exceptions.ResponseError: unknown command 'BZPOPMIN'
[2026-07-06 11:12:06] ERROR [daphne.server:303] Exception inside application: unknown command 'BZPOPMIN'
Traceback (most recent call last):
  File "D:\testplatformservice\testplatform\venv\Lib\site-packages\channels\routing.py", line 48, in __call__
    return await application(scope, receive, send)
           ^^^^^^^^^^^^^^^^^^^^^^^^^^^^^^^^^^^^^^^
  File "D:\testplatformservice\testplatform\commons\ws\auth.py", line 28, in __call__
    return await super().__call__(scope, receive, send)
           ^^^^^^^^^^^^^^^^^^^^^^^^^^^^^^^^^^^^^^^^^^^^
  File "D:\testplatformservice\testplatform\venv\Lib\site-packages\channels\middleware.py", line 24, in __call__
    return await self.inner(scope, receive, send)
           ^^^^^^^^^^^^^^^^^^^^^^^^^^^^^^^^^^^^^^
  File "D:\testplatformservice\testplatform\venv\Lib\site-packages\channels\routing.py", line 118, in __call__
    return await application(
           ^^^^^^^^^^^^^^^^^^
  File "D:\testplatformservice\testplatform\venv\Lib\site-packages\channels\consumer.py", line 95, in app
    return await consumer(scope, receive, send)
           ^^^^^^^^^^^^^^^^^^^^^^^^^^^^^^^^^^^^
  File "D:\testplatformservice\testplatform\venv\Lib\site-packages\channels\consumer.py", line 58, in __call__
    await await_many_dispatch(
  File "D:\testplatformservice\testplatform\venv\Lib\site-packages\channels\utils.py", line 57, in await_many_dispatch
    await task
redis.exceptions.ResponseError: unknown command 'BZPOPMIN'
[2026-07-06 11:12:10] ERROR [daphne.server:303] Exception inside application: unknown command 'BZPOPMIN'
Traceback (most recent call last):
  File "D:\testplatformservice\testplatform\venv\Lib\site-packages\channels\routing.py", line 48, in __call__
    return await application(scope, receive, send)
           ^^^^^^^^^^^^^^^^^^^^^^^^^^^^^^^^^^^^^^^
  File "D:\testplatformservice\testplatform\commons\ws\auth.py", line 28, in __call__
    return await super().__call__(scope, receive, send)
           ^^^^^^^^^^^^^^^^^^^^^^^^^^^^^^^^^^^^^^^^^^^^
  File "D:\testplatformservice\testplatform\venv\Lib\site-packages\channels\middleware.py", line 24, in __call__
    return await self.inner(scope, receive, send)
           ^^^^^^^^^^^^^^^^^^^^^^^^^^^^^^^^^^^^^^
  File "D:\testplatformservice\testplatform\venv\Lib\site-packages\channels\routing.py", line 118, in __call__
    return await application(
           ^^^^^^^^^^^^^^^^^^
  File "D:\testplatformservice\testplatform\venv\Lib\site-packages\channels\consumer.py", line 95, in app
    return await consumer(scope, receive, send)
           ^^^^^^^^^^^^^^^^^^^^^^^^^^^^^^^^^^^^
  File "D:\testplatformservice\testplatform\venv\Lib\site-packages\channels\consumer.py", line 58, in __call__
    await await_many_dispatch(
  File "D:\testplatformservice\testplatform\venv\Lib\site-packages\channels\utils.py", line 57, in await_many_dispatch
    await task
redis.exceptions.ResponseError: unknown command 'BZPOPMIN'
[2026-07-06 11:12:14] ERROR [daphne.server:303] Exception inside application: unknown command 'BZPOPMIN'
Traceback (most recent call last):
  File "D:\testplatformservice\testplatform\venv\Lib\site-packages\channels\routing.py", line 48, in __call__
    return await application(scope, receive, send)
           ^^^^^^^^^^^^^^^^^^^^^^^^^^^^^^^^^^^^^^^
  File "D:\testplatformservice\testplatform\commons\ws\auth.py", line 28, in __call__
    return await super().__call__(scope, receive, send)
           ^^^^^^^^^^^^^^^^^^^^^^^^^^^^^^^^^^^^^^^^^^^^
  File "D:\testplatformservice\testplatform\venv\Lib\site-packages\channels\middleware.py", line 24, in __call__
    return await self.inner(scope, receive, send)
           ^^^^^^^^^^^^^^^^^^^^^^^^^^^^^^^^^^^^^^
  File "D:\testplatformservice\testplatform\venv\Lib\site-packages\channels\routing.py", line 118, in __call__
    return await application(
           ^^^^^^^^^^^^^^^^^^
  File "D:\testplatformservice\testplatform\venv\Lib\site-packages\channels\consumer.py", line 95, in app
    return await consumer(scope, receive, send)
           ^^^^^^^^^^^^^^^^^^^^^^^^^^^^^^^^^^^^
  File "D:\testplatformservice\testplatform\venv\Lib\site-packages\channels\consumer.py", line 58, in __call__
    await await_many_dispatch(
  File "D:\testplatformservice\testplatform\venv\Lib\site-packages\channels\utils.py", line 57, in await_many_dispatch
    await task
redis.exceptions.ResponseError: unknown command 'BZPOPMIN'
[2026-07-06 11:12:18] ERROR [daphne.server:303] Exception inside application: unknown command 'BZPOPMIN'
Traceback (most recent call last):
  File "D:\testplatformservice\testplatform\venv\Lib\site-packages\channels\routing.py", line 48, in __call__
    return await application(scope, receive, send)
           ^^^^^^^^^^^^^^^^^^^^^^^^^^^^^^^^^^^^^^^
  File "D:\testplatformservice\testplatform\commons\ws\auth.py", line 28, in __call__
    return await super().__call__(scope, receive, send)
           ^^^^^^^^^^^^^^^^^^^^^^^^^^^^^^^^^^^^^^^^^^^^
  File "D:\testplatformservice\testplatform\venv\Lib\site-packages\channels\middleware.py", line 24, in __call__
    return await self.inner(scope, receive, send)
           ^^^^^^^^^^^^^^^^^^^^^^^^^^^^^^^^^^^^^^
  File "D:\testplatformservice\testplatform\venv\Lib\site-packages\channels\routing.py", line 118, in __call__
    return await application(
           ^^^^^^^^^^^^^^^^^^
  File "D:\testplatformservice\testplatform\venv\Lib\site-packages\channels\consumer.py", line 95, in app
    return await consumer(scope, receive, send)
           ^^^^^^^^^^^^^^^^^^^^^^^^^^^^^^^^^^^^
  File "D:\testplatformservice\testplatform\venv\Lib\site-packages\channels\consumer.py", line 58, in __call__
    await await_many_dispatch(
  File "D:\testplatformservice\testplatform\venv\Lib\site-packages\channels\utils.py", line 57, in await_many_dispatch
    await task
redis.exceptions.ResponseError: unknown command 'BZPOPMIN'
[2026-07-06 11:12:22] ERROR [daphne.server:303] Exception inside application: unknown command 'BZPOPMIN'
Traceback (most recent call last):
  File "D:\testplatformservice\testplatform\venv\Lib\site-packages\channels\routing.py", line 48, in __call__
    return await application(scope, receive, send)
           ^^^^^^^^^^^^^^^^^^^^^^^^^^^^^^^^^^^^^^^
  File "D:\testplatformservice\testplatform\commons\ws\auth.py", line 28, in __call__
    return await super().__call__(scope, receive, send)
           ^^^^^^^^^^^^^^^^^^^^^^^^^^^^^^^^^^^^^^^^^^^^
  File "D:\testplatformservice\testplatform\venv\Lib\site-packages\channels\middleware.py", line 24, in __call__
    return await self.inner(scope, receive, send)
           ^^^^^^^^^^^^^^^^^^^^^^^^^^^^^^^^^^^^^^
  File "D:\testplatformservice\testplatform\venv\Lib\site-packages\channels\routing.py", line 118, in __call__
    return await application(
           ^^^^^^^^^^^^^^^^^^
  File "D:\testplatformservice\testplatform\venv\Lib\site-packages\channels\consumer.py", line 95, in app
    return await consumer(scope, receive, send)
           ^^^^^^^^^^^^^^^^^^^^^^^^^^^^^^^^^^^^
  File "D:\testplatformservice\testplatform\venv\Lib\site-packages\channels\consumer.py", line 58, in __call__
    await await_many_dispatch(
  File "D:\testplatformservice\testplatform\venv\Lib\site-packages\channels\utils.py", line 57, in await_many_dispatch
    await task
redis.exceptions.ResponseError: unknown command 'BZPOPMIN'
[2026-07-06 11:12:26] ERROR [daphne.server:303] Exception inside application: unknown command 'BZPOPMIN'
Traceback (most recent call last):
  File "D:\testplatformservice\testplatform\venv\Lib\site-packages\channels\routing.py", line 48, in __call__
    return await application(scope, receive, send)
           ^^^^^^^^^^^^^^^^^^^^^^^^^^^^^^^^^^^^^^^
  File "D:\testplatformservice\testplatform\commons\ws\auth.py", line 28, in __call__
    return await super().__call__(scope, receive, send)
           ^^^^^^^^^^^^^^^^^^^^^^^^^^^^^^^^^^^^^^^^^^^^
  File "D:\testplatformservice\testplatform\venv\Lib\site-packages\channels\middleware.py", line 24, in __call__
    return await self.inner(scope, receive, send)
           ^^^^^^^^^^^^^^^^^^^^^^^^^^^^^^^^^^^^^^
  File "D:\testplatformservice\testplatform\venv\Lib\site-packages\channels\routing.py", line 118, in __call__
    return await application(
           ^^^^^^^^^^^^^^^^^^
  File "D:\testplatformservice\testplatform\venv\Lib\site-packages\channels\consumer.py", line 95, in app
    return await consumer(scope, receive, send)
           ^^^^^^^^^^^^^^^^^^^^^^^^^^^^^^^^^^^^
  File "D:\testplatformservice\testplatform\venv\Lib\site-packages\channels\consumer.py", line 58, in __call__
    await await_many_dispatch(
  File "D:\testplatformservice\testplatform\venv\Lib\site-packages\channels\utils.py", line 57, in await_many_dispatch
    await task
redis.exceptions.ResponseError: unknown command 'BZPOPMIN'
[2026-07-06 11:12:31] ERROR [daphne.server:303] Exception inside application: unknown command 'BZPOPMIN'
Traceback (most recent call last):
  File "D:\testplatformservice\testplatform\venv\Lib\site-packages\channels\routing.py", line 48, in __call__
    return await application(scope, receive, send)
           ^^^^^^^^^^^^^^^^^^^^^^^^^^^^^^^^^^^^^^^
  File "D:\testplatformservice\testplatform\commons\ws\auth.py", line 28, in __call__
    return await super().__call__(scope, receive, send)
           ^^^^^^^^^^^^^^^^^^^^^^^^^^^^^^^^^^^^^^^^^^^^
  File "D:\testplatformservice\testplatform\venv\Lib\site-packages\channels\middleware.py", line 24, in __call__
    return await self.inner(scope, receive, send)
           ^^^^^^^^^^^^^^^^^^^^^^^^^^^^^^^^^^^^^^
  File "D:\testplatformservice\testplatform\venv\Lib\site-packages\channels\routing.py", line 118, in __call__
    return await application(
           ^^^^^^^^^^^^^^^^^^
  File "D:\testplatformservice\testplatform\venv\Lib\site-packages\channels\consumer.py", line 95, in app
    return await consumer(scope, receive, send)
           ^^^^^^^^^^^^^^^^^^^^^^^^^^^^^^^^^^^^
  File "D:\testplatformservice\testplatform\venv\Lib\site-packages\channels\consumer.py", line 58, in __call__
    await await_many_dispatch(
  File "D:\testplatformservice\testplatform\venv\Lib\site-packages\channels\utils.py", line 57, in await_many_dispatch
    await task
redis.exceptions.ResponseError: unknown command 'BZPOPMIN'
[2026-07-06 11:12:35] ERROR [daphne.server:303] Exception inside application: unknown command 'BZPOPMIN'
Traceback (most recent call last):
  File "D:\testplatformservice\testplatform\venv\Lib\site-packages\channels\routing.py", line 48, in __call__
    return await application(scope, receive, send)
           ^^^^^^^^^^^^^^^^^^^^^^^^^^^^^^^^^^^^^^^
  File "D:\testplatformservice\testplatform\commons\ws\auth.py", line 28, in __call__
    return await super().__call__(scope, receive, send)
           ^^^^^^^^^^^^^^^^^^^^^^^^^^^^^^^^^^^^^^^^^^^^
  File "D:\testplatformservice\testplatform\venv\Lib\site-packages\channels\middleware.py", line 24, in __call__
    return await self.inner(scope, receive, send)
           ^^^^^^^^^^^^^^^^^^^^^^^^^^^^^^^^^^^^^^
  File "D:\testplatformservice\testplatform\venv\Lib\site-packages\channels\routing.py", line 118, in __call__
    return await application(
           ^^^^^^^^^^^^^^^^^^
  File "D:\testplatformservice\testplatform\venv\Lib\site-packages\channels\consumer.py", line 95, in app
    return await consumer(scope, receive, send)
           ^^^^^^^^^^^^^^^^^^^^^^^^^^^^^^^^^^^^
  File "D:\testplatformservice\testplatform\venv\Lib\site-packages\channels\consumer.py", line 58, in __call__
    await await_many_dispatch(
  File "D:\testplatformservice\testplatform\venv\Lib\site-packages\channels\utils.py", line 57, in await_many_dispatch
    await task
redis.exceptions.ResponseError: unknown command 'BZPOPMIN'
[2026-07-06 11:12:39] ERROR [daphne.server:303] Exception inside application: unknown command 'BZPOPMIN'
Traceback (most recent call last):
  File "D:\testplatformservice\testplatform\venv\Lib\site-packages\channels\routing.py", line 48, in __call__
    return await application(scope, receive, send)
           ^^^^^^^^^^^^^^^^^^^^^^^^^^^^^^^^^^^^^^^
  File "D:\testplatformservice\testplatform\commons\ws\auth.py", line 28, in __call__
    return await super().__call__(scope, receive, send)
           ^^^^^^^^^^^^^^^^^^^^^^^^^^^^^^^^^^^^^^^^^^^^
  File "D:\testplatformservice\testplatform\venv\Lib\site-packages\channels\middleware.py", line 24, in __call__
    return await self.inner(scope, receive, send)
           ^^^^^^^^^^^^^^^^^^^^^^^^^^^^^^^^^^^^^^
  File "D:\testplatformservice\testplatform\venv\Lib\site-packages\channels\routing.py", line 118, in __call__
    return await application(
           ^^^^^^^^^^^^^^^^^^
  File "D:\testplatformservice\testplatform\venv\Lib\site-packages\channels\consumer.py", line 95, in app
    return await consumer(scope, receive, send)
           ^^^^^^^^^^^^^^^^^^^^^^^^^^^^^^^^^^^^
  File "D:\testplatformservice\testplatform\venv\Lib\site-packages\channels\consumer.py", line 58, in __call__
    await await_many_dispatch(
  File "D:\testplatformservice\testplatform\venv\Lib\site-packages\channels\utils.py", line 57, in await_many_dispatch
    await task
redis.exceptions.ResponseError: unknown command 'BZPOPMIN'
[2026-07-06 11:12:43] ERROR [daphne.server:303] Exception inside application: unknown command 'BZPOPMIN'
Traceback (most recent call last):
  File "D:\testplatformservice\testplatform\venv\Lib\site-packages\channels\routing.py", line 48, in __call__
    return await application(scope, receive, send)
           ^^^^^^^^^^^^^^^^^^^^^^^^^^^^^^^^^^^^^^^
  File "D:\testplatformservice\testplatform\commons\ws\auth.py", line 28, in __call__
    return await super().__call__(scope, receive, send)
           ^^^^^^^^^^^^^^^^^^^^^^^^^^^^^^^^^^^^^^^^^^^^
  File "D:\testplatformservice\testplatform\venv\Lib\site-packages\channels\middleware.py", line 24, in __call__
    return await self.inner(scope, receive, send)
           ^^^^^^^^^^^^^^^^^^^^^^^^^^^^^^^^^^^^^^
  File "D:\testplatformservice\testplatform\venv\Lib\site-packages\channels\routing.py", line 118, in __call__
    return await application(
           ^^^^^^^^^^^^^^^^^^
  File "D:\testplatformservice\testplatform\venv\Lib\site-packages\channels\consumer.py", line 95, in app
    return await consumer(scope, receive, send)
           ^^^^^^^^^^^^^^^^^^^^^^^^^^^^^^^^^^^^
  File "D:\testplatformservice\testplatform\venv\Lib\site-packages\channels\consumer.py", line 58, in __call__
    await await_many_dispatch(
  File "D:\testplatformservice\testplatform\venv\Lib\site-packages\channels\utils.py", line 57, in await_many_dispatch
    await task
redis.exceptions.ResponseError: unknown command 'BZPOPMIN'
[2026-07-06 11:12:47] ERROR [daphne.server:303] Exception inside application: unknown command 'BZPOPMIN'
Traceback (most recent call last):
  File "D:\testplatformservice\testplatform\venv\Lib\site-packages\channels\routing.py", line 48, in __call__
    return await application(scope, receive, send)
           ^^^^^^^^^^^^^^^^^^^^^^^^^^^^^^^^^^^^^^^
  File "D:\testplatformservice\testplatform\commons\ws\auth.py", line 28, in __call__
    return await super().__call__(scope, receive, send)
           ^^^^^^^^^^^^^^^^^^^^^^^^^^^^^^^^^^^^^^^^^^^^
  File "D:\testplatformservice\testplatform\venv\Lib\site-packages\channels\middleware.py", line 24, in __call__
    return await self.inner(scope, receive, send)
           ^^^^^^^^^^^^^^^^^^^^^^^^^^^^^^^^^^^^^^
  File "D:\testplatformservice\testplatform\venv\Lib\site-packages\channels\routing.py", line 118, in __call__
    return await application(
           ^^^^^^^^^^^^^^^^^^
  File "D:\testplatformservice\testplatform\venv\Lib\site-packages\channels\consumer.py", line 95, in app
    return await consumer(scope, receive, send)
           ^^^^^^^^^^^^^^^^^^^^^^^^^^^^^^^^^^^^
  File "D:\testplatformservice\testplatform\venv\Lib\site-packages\channels\consumer.py", line 58, in __call__
    await await_many_dispatch(
  File "D:\testplatformservice\testplatform\venv\Lib\site-packages\channels\utils.py", line 57, in await_many_dispatch
    await task
redis.exceptions.ResponseError: unknown command 'BZPOPMIN'
[2026-07-06 11:12:51] ERROR [daphne.server:303] Exception inside application: unknown command 'BZPOPMIN'
Traceback (most recent call last):
  File "D:\testplatformservice\testplatform\venv\Lib\site-packages\channels\routing.py", line 48, in __call__
    return await application(scope, receive, send)
           ^^^^^^^^^^^^^^^^^^^^^^^^^^^^^^^^^^^^^^^
  File "D:\testplatformservice\testplatform\commons\ws\auth.py", line 28, in __call__
    return await super().__call__(scope, receive, send)
           ^^^^^^^^^^^^^^^^^^^^^^^^^^^^^^^^^^^^^^^^^^^^
  File "D:\testplatformservice\testplatform\venv\Lib\site-packages\channels\middleware.py", line 24, in __call__
    return await self.inner(scope, receive, send)
           ^^^^^^^^^^^^^^^^^^^^^^^^^^^^^^^^^^^^^^
  File "D:\testplatformservice\testplatform\venv\Lib\site-packages\channels\routing.py", line 118, in __call__
    return await application(
           ^^^^^^^^^^^^^^^^^^
  File "D:\testplatformservice\testplatform\venv\Lib\site-packages\channels\consumer.py", line 95, in app
    return await consumer(scope, receive, send)
           ^^^^^^^^^^^^^^^^^^^^^^^^^^^^^^^^^^^^
  File "D:\testplatformservice\testplatform\venv\Lib\site-packages\channels\consumer.py", line 58, in __call__
    await await_many_dispatch(
  File "D:\testplatformservice\testplatform\venv\Lib\site-packages\channels\utils.py", line 57, in await_many_dispatch
    await task
redis.exceptions.ResponseError: unknown command 'BZPOPMIN'
[2026-07-06 11:12:55] ERROR [daphne.server:303] Exception inside application: unknown command 'BZPOPMIN'
Traceback (most recent call last):
  File "D:\testplatformservice\testplatform\venv\Lib\site-packages\channels\routing.py", line 48, in __call__
    return await application(scope, receive, send)
           ^^^^^^^^^^^^^^^^^^^^^^^^^^^^^^^^^^^^^^^
  File "D:\testplatformservice\testplatform\commons\ws\auth.py", line 28, in __call__
    return await super().__call__(scope, receive, send)
           ^^^^^^^^^^^^^^^^^^^^^^^^^^^^^^^^^^^^^^^^^^^^
  File "D:\testplatformservice\testplatform\venv\Lib\site-packages\channels\middleware.py", line 24, in __call__
    return await self.inner(scope, receive, send)
           ^^^^^^^^^^^^^^^^^^^^^^^^^^^^^^^^^^^^^^
  File "D:\testplatformservice\testplatform\venv\Lib\site-packages\channels\routing.py", line 118, in __call__
    return await application(
           ^^^^^^^^^^^^^^^^^^
  File "D:\testplatformservice\testplatform\venv\Lib\site-packages\channels\consumer.py", line 95, in app
    return await consumer(scope, receive, send)
           ^^^^^^^^^^^^^^^^^^^^^^^^^^^^^^^^^^^^
  File "D:\testplatformservice\testplatform\venv\Lib\site-packages\channels\consumer.py", line 58, in __call__
    await await_many_dispatch(
  File "D:\testplatformservice\testplatform\venv\Lib\site-packages\channels\utils.py", line 57, in await_many_dispatch
    await task
redis.exceptions.ResponseError: unknown command 'BZPOPMIN'
[2026-07-06 11:12:59] ERROR [daphne.server:303] Exception inside application: unknown command 'BZPOPMIN'
Traceback (most recent call last):
  File "D:\testplatformservice\testplatform\venv\Lib\site-packages\channels\routing.py", line 48, in __call__
    return await application(scope, receive, send)
           ^^^^^^^^^^^^^^^^^^^^^^^^^^^^^^^^^^^^^^^
  File "D:\testplatformservice\testplatform\commons\ws\auth.py", line 28, in __call__
    return await super().__call__(scope, receive, send)
           ^^^^^^^^^^^^^^^^^^^^^^^^^^^^^^^^^^^^^^^^^^^^
  File "D:\testplatformservice\testplatform\venv\Lib\site-packages\channels\middleware.py", line 24, in __call__
    return await self.inner(scope, receive, send)
           ^^^^^^^^^^^^^^^^^^^^^^^^^^^^^^^^^^^^^^
  File "D:\testplatformservice\testplatform\venv\Lib\site-packages\channels\routing.py", line 118, in __call__
    return await application(
           ^^^^^^^^^^^^^^^^^^
  File "D:\testplatformservice\testplatform\venv\Lib\site-packages\channels\consumer.py", line 95, in app
    return await consumer(scope, receive, send)
           ^^^^^^^^^^^^^^^^^^^^^^^^^^^^^^^^^^^^
  File "D:\testplatformservice\testplatform\venv\Lib\site-packages\channels\consumer.py", line 58, in __call__
    await await_many_dispatch(
  File "D:\testplatformservice\testplatform\venv\Lib\site-packages\channels\utils.py", line 57, in await_many_dispatch
    await task
redis.exceptions.ResponseError: unknown command 'BZPOPMIN'
[2026-07-06 11:13:03] ERROR [daphne.server:303] Exception inside application: unknown command 'BZPOPMIN'
Traceback (most recent call last):
  File "D:\testplatformservice\testplatform\venv\Lib\site-packages\channels\routing.py", line 48, in __call__
    return await application(scope, receive, send)
           ^^^^^^^^^^^^^^^^^^^^^^^^^^^^^^^^^^^^^^^
  File "D:\testplatformservice\testplatform\commons\ws\auth.py", line 28, in __call__
    return await super().__call__(scope, receive, send)
           ^^^^^^^^^^^^^^^^^^^^^^^^^^^^^^^^^^^^^^^^^^^^
  File "D:\testplatformservice\testplatform\venv\Lib\site-packages\channels\middleware.py", line 24, in __call__
    return await self.inner(scope, receive, send)
           ^^^^^^^^^^^^^^^^^^^^^^^^^^^^^^^^^^^^^^
  File "D:\testplatformservice\testplatform\venv\Lib\site-packages\channels\routing.py", line 118, in __call__
    return await application(
           ^^^^^^^^^^^^^^^^^^
  File "D:\testplatformservice\testplatform\venv\Lib\site-packages\channels\consumer.py", line 95, in app
    return await consumer(scope, receive, send)
           ^^^^^^^^^^^^^^^^^^^^^^^^^^^^^^^^^^^^
  File "D:\testplatformservice\testplatform\venv\Lib\site-packages\channels\consumer.py", line 58, in __call__
    await await_many_dispatch(
  File "D:\testplatformservice\testplatform\venv\Lib\site-packages\channels\utils.py", line 57, in await_many_dispatch
    await task
redis.exceptions.ResponseError: unknown command 'BZPOPMIN'
[2026-07-06 11:13:07] ERROR [daphne.server:303] Exception inside application: unknown command 'BZPOPMIN'
Traceback (most recent call last):
  File "D:\testplatformservice\testplatform\venv\Lib\site-packages\channels\routing.py", line 48, in __call__
    return await application(scope, receive, send)
           ^^^^^^^^^^^^^^^^^^^^^^^^^^^^^^^^^^^^^^^
  File "D:\testplatformservice\testplatform\commons\ws\auth.py", line 28, in __call__
    return await super().__call__(scope, receive, send)
           ^^^^^^^^^^^^^^^^^^^^^^^^^^^^^^^^^^^^^^^^^^^^
  File "D:\testplatformservice\testplatform\venv\Lib\site-packages\channels\middleware.py", line 24, in __call__
    return await self.inner(scope, receive, send)
           ^^^^^^^^^^^^^^^^^^^^^^^^^^^^^^^^^^^^^^
  File "D:\testplatformservice\testplatform\venv\Lib\site-packages\channels\routing.py", line 118, in __call__
    return await application(
           ^^^^^^^^^^^^^^^^^^
  File "D:\testplatformservice\testplatform\venv\Lib\site-packages\channels\consumer.py", line 95, in app
    return await consumer(scope, receive, send)
           ^^^^^^^^^^^^^^^^^^^^^^^^^^^^^^^^^^^^
  File "D:\testplatformservice\testplatform\venv\Lib\site-packages\channels\consumer.py", line 58, in __call__
    await await_many_dispatch(
  File "D:\testplatformservice\testplatform\venv\Lib\site-packages\channels\utils.py", line 57, in await_many_dispatch
    await task
redis.exceptions.ResponseError: unknown command 'BZPOPMIN'
[2026-07-06 11:13:11] ERROR [daphne.server:303] Exception inside application: unknown command 'BZPOPMIN'
Traceback (most recent call last):
  File "D:\testplatformservice\testplatform\venv\Lib\site-packages\channels\routing.py", line 48, in __call__
    return await application(scope, receive, send)
           ^^^^^^^^^^^^^^^^^^^^^^^^^^^^^^^^^^^^^^^
  File "D:\testplatformservice\testplatform\commons\ws\auth.py", line 28, in __call__
    return await super().__call__(scope, receive, send)
           ^^^^^^^^^^^^^^^^^^^^^^^^^^^^^^^^^^^^^^^^^^^^
  File "D:\testplatformservice\testplatform\venv\Lib\site-packages\channels\middleware.py", line 24, in __call__
    return await self.inner(scope, receive, send)
           ^^^^^^^^^^^^^^^^^^^^^^^^^^^^^^^^^^^^^^
  File "D:\testplatformservice\testplatform\venv\Lib\site-packages\channels\routing.py", line 118, in __call__
    return await application(
           ^^^^^^^^^^^^^^^^^^
  File "D:\testplatformservice\testplatform\venv\Lib\site-packages\channels\consumer.py", line 95, in app
    return await consumer(scope, receive, send)
           ^^^^^^^^^^^^^^^^^^^^^^^^^^^^^^^^^^^^
  File "D:\testplatformservice\testplatform\venv\Lib\site-packages\channels\consumer.py", line 58, in __call__
    await await_many_dispatch(
  File "D:\testplatformservice\testplatform\venv\Lib\site-packages\channels\utils.py", line 57, in await_many_dispatch
    await task
redis.exceptions.ResponseError: unknown command 'BZPOPMIN'
[2026-07-06 11:13:15] ERROR [daphne.server:303] Exception inside application: unknown command 'BZPOPMIN'
Traceback (most recent call last):
  File "D:\testplatformservice\testplatform\venv\Lib\site-packages\channels\routing.py", line 48, in __call__
    return await application(scope, receive, send)
           ^^^^^^^^^^^^^^^^^^^^^^^^^^^^^^^^^^^^^^^
  File "D:\testplatformservice\testplatform\commons\ws\auth.py", line 28, in __call__
    return await super().__call__(scope, receive, send)
           ^^^^^^^^^^^^^^^^^^^^^^^^^^^^^^^^^^^^^^^^^^^^
  File "D:\testplatformservice\testplatform\venv\Lib\site-packages\channels\middleware.py", line 24, in __call__
    return await self.inner(scope, receive, send)
           ^^^^^^^^^^^^^^^^^^^^^^^^^^^^^^^^^^^^^^
  File "D:\testplatformservice\testplatform\venv\Lib\site-packages\channels\routing.py", line 118, in __call__
    return await application(
           ^^^^^^^^^^^^^^^^^^
  File "D:\testplatformservice\testplatform\venv\Lib\site-packages\channels\consumer.py", line 95, in app
    return await consumer(scope, receive, send)
           ^^^^^^^^^^^^^^^^^^^^^^^^^^^^^^^^^^^^
  File "D:\testplatformservice\testplatform\venv\Lib\site-packages\channels\consumer.py", line 58, in __call__
    await await_many_dispatch(
  File "D:\testplatformservice\testplatform\venv\Lib\site-packages\channels\utils.py", line 57, in await_many_dispatch
    await task
redis.exceptions.ResponseError: unknown command 'BZPOPMIN'
[2026-07-06 11:13:19] ERROR [daphne.server:303] Exception inside application: unknown command 'BZPOPMIN'
Traceback (most recent call last):
  File "D:\testplatformservice\testplatform\venv\Lib\site-packages\channels\routing.py", line 48, in __call__
    return await application(scope, receive, send)
           ^^^^^^^^^^^^^^^^^^^^^^^^^^^^^^^^^^^^^^^
  File "D:\testplatformservice\testplatform\commons\ws\auth.py", line 28, in __call__
    return await super().__call__(scope, receive, send)
           ^^^^^^^^^^^^^^^^^^^^^^^^^^^^^^^^^^^^^^^^^^^^
  File "D:\testplatformservice\testplatform\venv\Lib\site-packages\channels\middleware.py", line 24, in __call__
    return await self.inner(scope, receive, send)
           ^^^^^^^^^^^^^^^^^^^^^^^^^^^^^^^^^^^^^^
  File "D:\testplatformservice\testplatform\venv\Lib\site-packages\channels\routing.py", line 118, in __call__
    return await application(
           ^^^^^^^^^^^^^^^^^^
  File "D:\testplatformservice\testplatform\venv\Lib\site-packages\channels\consumer.py", line 95, in app
    return await consumer(scope, receive, send)
           ^^^^^^^^^^^^^^^^^^^^^^^^^^^^^^^^^^^^
  File "D:\testplatformservice\testplatform\venv\Lib\site-packages\channels\consumer.py", line 58, in __call__
    await await_many_dispatch(
  File "D:\testplatformservice\testplatform\venv\Lib\site-packages\channels\utils.py", line 57, in await_many_dispatch
    await task
redis.exceptions.ResponseError: unknown command 'BZPOPMIN'
[2026-07-06 11:13:23] ERROR [daphne.server:303] Exception inside application: unknown command 'BZPOPMIN'
Traceback (most recent call last):
  File "D:\testplatformservice\testplatform\venv\Lib\site-packages\channels\routing.py", line 48, in __call__
    return await application(scope, receive, send)
           ^^^^^^^^^^^^^^^^^^^^^^^^^^^^^^^^^^^^^^^
  File "D:\testplatformservice\testplatform\commons\ws\auth.py", line 28, in __call__
    return await super().__call__(scope, receive, send)
           ^^^^^^^^^^^^^^^^^^^^^^^^^^^^^^^^^^^^^^^^^^^^
  File "D:\testplatformservice\testplatform\venv\Lib\site-packages\channels\middleware.py", line 24, in __call__
    return await self.inner(scope, receive, send)
           ^^^^^^^^^^^^^^^^^^^^^^^^^^^^^^^^^^^^^^
  File "D:\testplatformservice\testplatform\venv\Lib\site-packages\channels\routing.py", line 118, in __call__
    return await application(
           ^^^^^^^^^^^^^^^^^^
  File "D:\testplatformservice\testplatform\venv\Lib\site-packages\channels\consumer.py", line 95, in app
    return await consumer(scope, receive, send)
           ^^^^^^^^^^^^^^^^^^^^^^^^^^^^^^^^^^^^
  File "D:\testplatformservice\testplatform\venv\Lib\site-packages\channels\consumer.py", line 58, in __call__
    await await_many_dispatch(
  File "D:\testplatformservice\testplatform\venv\Lib\site-packages\channels\utils.py", line 57, in await_many_dispatch
    await task
redis.exceptions.ResponseError: unknown command 'BZPOPMIN'
[2026-07-06 11:13:27] ERROR [daphne.server:303] Exception inside application: unknown command 'BZPOPMIN'
Traceback (most recent call last):
  File "D:\testplatformservice\testplatform\venv\Lib\site-packages\channels\routing.py", line 48, in __call__
    return await application(scope, receive, send)
           ^^^^^^^^^^^^^^^^^^^^^^^^^^^^^^^^^^^^^^^
  File "D:\testplatformservice\testplatform\commons\ws\auth.py", line 28, in __call__
    return await super().__call__(scope, receive, send)
           ^^^^^^^^^^^^^^^^^^^^^^^^^^^^^^^^^^^^^^^^^^^^
  File "D:\testplatformservice\testplatform\venv\Lib\site-packages\channels\middleware.py", line 24, in __call__
    return await self.inner(scope, receive, send)
           ^^^^^^^^^^^^^^^^^^^^^^^^^^^^^^^^^^^^^^
  File "D:\testplatformservice\testplatform\venv\Lib\site-packages\channels\routing.py", line 118, in __call__
    return await application(
           ^^^^^^^^^^^^^^^^^^
  File "D:\testplatformservice\testplatform\venv\Lib\site-packages\channels\consumer.py", line 95, in app
    return await consumer(scope, receive, send)
           ^^^^^^^^^^^^^^^^^^^^^^^^^^^^^^^^^^^^
  File "D:\testplatformservice\testplatform\venv\Lib\site-packages\channels\consumer.py", line 58, in __call__
    await await_many_dispatch(
  File "D:\testplatformservice\testplatform\venv\Lib\site-packages\channels\utils.py", line 57, in await_many_dispatch
    await task
redis.exceptions.ResponseError: unknown command 'BZPOPMIN'
[2026-07-06 11:13:31] ERROR [daphne.server:303] Exception inside application: unknown command 'BZPOPMIN'
Traceback (most recent call last):
  File "D:\testplatformservice\testplatform\venv\Lib\site-packages\channels\routing.py", line 48, in __call__
    return await application(scope, receive, send)
           ^^^^^^^^^^^^^^^^^^^^^^^^^^^^^^^^^^^^^^^
  File "D:\testplatformservice\testplatform\commons\ws\auth.py", line 28, in __call__
    return await super().__call__(scope, receive, send)
           ^^^^^^^^^^^^^^^^^^^^^^^^^^^^^^^^^^^^^^^^^^^^
  File "D:\testplatformservice\testplatform\venv\Lib\site-packages\channels\middleware.py", line 24, in __call__
    return await self.inner(scope, receive, send)
           ^^^^^^^^^^^^^^^^^^^^^^^^^^^^^^^^^^^^^^
  File "D:\testplatformservice\testplatform\venv\Lib\site-packages\channels\routing.py", line 118, in __call__
    return await application(
           ^^^^^^^^^^^^^^^^^^
  File "D:\testplatformservice\testplatform\venv\Lib\site-packages\channels\consumer.py", line 95, in app
    return await consumer(scope, receive, send)
           ^^^^^^^^^^^^^^^^^^^^^^^^^^^^^^^^^^^^
  File "D:\testplatformservice\testplatform\venv\Lib\site-packages\channels\consumer.py", line 58, in __call__
    await await_many_dispatch(
  File "D:\testplatformservice\testplatform\venv\Lib\site-packages\channels\utils.py", line 57, in await_many_dispatch
    await task
redis.exceptions.ResponseError: unknown command 'BZPOPMIN'
[2026-07-06 11:13:35] ERROR [daphne.server:303] Exception inside application: unknown command 'BZPOPMIN'
Traceback (most recent call last):
  File "D:\testplatformservice\testplatform\venv\Lib\site-packages\channels\routing.py", line 48, in __call__
    return await application(scope, receive, send)
           ^^^^^^^^^^^^^^^^^^^^^^^^^^^^^^^^^^^^^^^
  File "D:\testplatformservice\testplatform\commons\ws\auth.py", line 28, in __call__
    return await super().__call__(scope, receive, send)
           ^^^^^^^^^^^^^^^^^^^^^^^^^^^^^^^^^^^^^^^^^^^^
  File "D:\testplatformservice\testplatform\venv\Lib\site-packages\channels\middleware.py", line 24, in __call__
    return await self.inner(scope, receive, send)
           ^^^^^^^^^^^^^^^^^^^^^^^^^^^^^^^^^^^^^^
  File "D:\testplatformservice\testplatform\venv\Lib\site-packages\channels\routing.py", line 118, in __call__
    return await application(
           ^^^^^^^^^^^^^^^^^^
  File "D:\testplatformservice\testplatform\venv\Lib\site-packages\channels\consumer.py", line 95, in app
    return await consumer(scope, receive, send)
           ^^^^^^^^^^^^^^^^^^^^^^^^^^^^^^^^^^^^
  File "D:\testplatformservice\testplatform\venv\Lib\site-packages\channels\consumer.py", line 58, in __call__
    await await_many_dispatch(
  File "D:\testplatformservice\testplatform\venv\Lib\site-packages\channels\utils.py", line 57, in await_many_dispatch
    await task
redis.exceptions.ResponseError: unknown command 'BZPOPMIN'
[2026-07-06 11:13:39] ERROR [daphne.server:303] Exception inside application: unknown command 'BZPOPMIN'
Traceback (most recent call last):
  File "D:\testplatformservice\testplatform\venv\Lib\site-packages\channels\routing.py", line 48, in __call__
    return await application(scope, receive, send)
           ^^^^^^^^^^^^^^^^^^^^^^^^^^^^^^^^^^^^^^^
  File "D:\testplatformservice\testplatform\commons\ws\auth.py", line 28, in __call__
    return await super().__call__(scope, receive, send)
           ^^^^^^^^^^^^^^^^^^^^^^^^^^^^^^^^^^^^^^^^^^^^
  File "D:\testplatformservice\testplatform\venv\Lib\site-packages\channels\middleware.py", line 24, in __call__
    return await self.inner(scope, receive, send)
           ^^^^^^^^^^^^^^^^^^^^^^^^^^^^^^^^^^^^^^
  File "D:\testplatformservice\testplatform\venv\Lib\site-packages\channels\routing.py", line 118, in __call__
    return await application(
           ^^^^^^^^^^^^^^^^^^
  File "D:\testplatformservice\testplatform\venv\Lib\site-packages\channels\consumer.py", line 95, in app
    return await consumer(scope, receive, send)
           ^^^^^^^^^^^^^^^^^^^^^^^^^^^^^^^^^^^^
  File "D:\testplatformservice\testplatform\venv\Lib\site-packages\channels\consumer.py", line 58, in __call__
    await await_many_dispatch(
  File "D:\testplatformservice\testplatform\venv\Lib\site-packages\channels\utils.py", line 57, in await_many_dispatch
    await task
redis.exceptions.ResponseError: unknown command 'BZPOPMIN'
[2026-07-06 11:13:43] ERROR [daphne.server:303] Exception inside application: unknown command 'BZPOPMIN'
Traceback (most recent call last):
  File "D:\testplatformservice\testplatform\venv\Lib\site-packages\channels\routing.py", line 48, in __call__
    return await application(scope, receive, send)
           ^^^^^^^^^^^^^^^^^^^^^^^^^^^^^^^^^^^^^^^
  File "D:\testplatformservice\testplatform\commons\ws\auth.py", line 28, in __call__
    return await super().__call__(scope, receive, send)
           ^^^^^^^^^^^^^^^^^^^^^^^^^^^^^^^^^^^^^^^^^^^^
  File "D:\testplatformservice\testplatform\venv\Lib\site-packages\channels\middleware.py", line 24, in __call__
    return await self.inner(scope, receive, send)
           ^^^^^^^^^^^^^^^^^^^^^^^^^^^^^^^^^^^^^^
  File "D:\testplatformservice\testplatform\venv\Lib\site-packages\channels\routing.py", line 118, in __call__
    return await application(
           ^^^^^^^^^^^^^^^^^^
  File "D:\testplatformservice\testplatform\venv\Lib\site-packages\channels\consumer.py", line 95, in app
    return await consumer(scope, receive, send)
           ^^^^^^^^^^^^^^^^^^^^^^^^^^^^^^^^^^^^
  File "D:\testplatformservice\testplatform\venv\Lib\site-packages\channels\consumer.py", line 58, in __call__
    await await_many_dispatch(
  File "D:\testplatformservice\testplatform\venv\Lib\site-packages\channels\utils.py", line 57, in await_many_dispatch
    await task
redis.exceptions.ResponseError: unknown command 'BZPOPMIN'
[2026-07-06 11:13:47] ERROR [daphne.server:303] Exception inside application: unknown command 'BZPOPMIN'
Traceback (most recent call last):
  File "D:\testplatformservice\testplatform\venv\Lib\site-packages\channels\routing.py", line 48, in __call__
    return await application(scope, receive, send)
           ^^^^^^^^^^^^^^^^^^^^^^^^^^^^^^^^^^^^^^^
  File "D:\testplatformservice\testplatform\commons\ws\auth.py", line 28, in __call__
    return await super().__call__(scope, receive, send)
           ^^^^^^^^^^^^^^^^^^^^^^^^^^^^^^^^^^^^^^^^^^^^
  File "D:\testplatformservice\testplatform\venv\Lib\site-packages\channels\middleware.py", line 24, in __call__
    return await self.inner(scope, receive, send)
           ^^^^^^^^^^^^^^^^^^^^^^^^^^^^^^^^^^^^^^
  File "D:\testplatformservice\testplatform\venv\Lib\site-packages\channels\routing.py", line 118, in __call__
    return await application(
           ^^^^^^^^^^^^^^^^^^
  File "D:\testplatformservice\testplatform\venv\Lib\site-packages\channels\consumer.py", line 95, in app
    return await consumer(scope, receive, send)
           ^^^^^^^^^^^^^^^^^^^^^^^^^^^^^^^^^^^^
  File "D:\testplatformservice\testplatform\venv\Lib\site-packages\channels\consumer.py", line 58, in __call__
    await await_many_dispatch(
  File "D:\testplatformservice\testplatform\venv\Lib\site-packages\channels\utils.py", line 57, in await_many_dispatch
    await task
redis.exceptions.ResponseError: unknown command 'BZPOPMIN'
[2026-07-06 11:13:51] ERROR [daphne.server:303] Exception inside application: unknown command 'BZPOPMIN'
Traceback (most recent call last):
  File "D:\testplatformservice\testplatform\venv\Lib\site-packages\channels\routing.py", line 48, in __call__
    return await application(scope, receive, send)
           ^^^^^^^^^^^^^^^^^^^^^^^^^^^^^^^^^^^^^^^
  File "D:\testplatformservice\testplatform\commons\ws\auth.py", line 28, in __call__
    return await super().__call__(scope, receive, send)
           ^^^^^^^^^^^^^^^^^^^^^^^^^^^^^^^^^^^^^^^^^^^^
  File "D:\testplatformservice\testplatform\venv\Lib\site-packages\channels\middleware.py", line 24, in __call__
    return await self.inner(scope, receive, send)
           ^^^^^^^^^^^^^^^^^^^^^^^^^^^^^^^^^^^^^^
  File "D:\testplatformservice\testplatform\venv\Lib\site-packages\channels\routing.py", line 118, in __call__
    return await application(
           ^^^^^^^^^^^^^^^^^^
  File "D:\testplatformservice\testplatform\venv\Lib\site-packages\channels\consumer.py", line 95, in app
    return await consumer(scope, receive, send)
           ^^^^^^^^^^^^^^^^^^^^^^^^^^^^^^^^^^^^
  File "D:\testplatformservice\testplatform\venv\Lib\site-packages\channels\consumer.py", line 58, in __call__
    await await_many_dispatch(
  File "D:\testplatformservice\testplatform\venv\Lib\site-packages\channels\utils.py", line 57, in await_many_dispatch
    await task
redis.exceptions.ResponseError: unknown command 'BZPOPMIN'
[2026-07-06 11:13:55] ERROR [daphne.server:303] Exception inside application: unknown command 'BZPOPMIN'
Traceback (most recent call last):
  File "D:\testplatformservice\testplatform\venv\Lib\site-packages\channels\routing.py", line 48, in __call__
    return await application(scope, receive, send)
           ^^^^^^^^^^^^^^^^^^^^^^^^^^^^^^^^^^^^^^^
  File "D:\testplatformservice\testplatform\commons\ws\auth.py", line 28, in __call__
    return await super().__call__(scope, receive, send)
           ^^^^^^^^^^^^^^^^^^^^^^^^^^^^^^^^^^^^^^^^^^^^
  File "D:\testplatformservice\testplatform\venv\Lib\site-packages\channels\middleware.py", line 24, in __call__
    return await self.inner(scope, receive, send)
           ^^^^^^^^^^^^^^^^^^^^^^^^^^^^^^^^^^^^^^
  File "D:\testplatformservice\testplatform\venv\Lib\site-packages\channels\routing.py", line 118, in __call__
    return await application(
           ^^^^^^^^^^^^^^^^^^
  File "D:\testplatformservice\testplatform\venv\Lib\site-packages\channels\consumer.py", line 95, in app
    return await consumer(scope, receive, send)
           ^^^^^^^^^^^^^^^^^^^^^^^^^^^^^^^^^^^^
  File "D:\testplatformservice\testplatform\venv\Lib\site-packages\channels\consumer.py", line 58, in __call__
    await await_many_dispatch(
  File "D:\testplatformservice\testplatform\venv\Lib\site-packages\channels\utils.py", line 57, in await_many_dispatch
    await task
redis.exceptions.ResponseError: unknown command 'BZPOPMIN'
[2026-07-06 11:13:59] ERROR [daphne.server:303] Exception inside application: unknown command 'BZPOPMIN'
Traceback (most recent call last):
  File "D:\testplatformservice\testplatform\venv\Lib\site-packages\channels\routing.py", line 48, in __call__
    return await application(scope, receive, send)
           ^^^^^^^^^^^^^^^^^^^^^^^^^^^^^^^^^^^^^^^
  File "D:\testplatformservice\testplatform\commons\ws\auth.py", line 28, in __call__
    return await super().__call__(scope, receive, send)
           ^^^^^^^^^^^^^^^^^^^^^^^^^^^^^^^^^^^^^^^^^^^^
  File "D:\testplatformservice\testplatform\venv\Lib\site-packages\channels\middleware.py", line 24, in __call__
    return await self.inner(scope, receive, send)
           ^^^^^^^^^^^^^^^^^^^^^^^^^^^^^^^^^^^^^^
  File "D:\testplatformservice\testplatform\venv\Lib\site-packages\channels\routing.py", line 118, in __call__
    return await application(
           ^^^^^^^^^^^^^^^^^^
  File "D:\testplatformservice\testplatform\venv\Lib\site-packages\channels\consumer.py", line 95, in app
    return await consumer(scope, receive, send)
           ^^^^^^^^^^^^^^^^^^^^^^^^^^^^^^^^^^^^
  File "D:\testplatformservice\testplatform\venv\Lib\site-packages\channels\consumer.py", line 58, in __call__
    await await_many_dispatch(
  File "D:\testplatformservice\testplatform\venv\Lib\site-packages\channels\utils.py", line 57, in await_many_dispatch
    await task
redis.exceptions.ResponseError: unknown command 'BZPOPMIN'
[2026-07-06 11:14:03] ERROR [daphne.server:303] Exception inside application: unknown command 'BZPOPMIN'
Traceback (most recent call last):
  File "D:\testplatformservice\testplatform\venv\Lib\site-packages\channels\routing.py", line 48, in __call__
    return await application(scope, receive, send)
           ^^^^^^^^^^^^^^^^^^^^^^^^^^^^^^^^^^^^^^^
  File "D:\testplatformservice\testplatform\commons\ws\auth.py", line 28, in __call__
    return await super().__call__(scope, receive, send)
           ^^^^^^^^^^^^^^^^^^^^^^^^^^^^^^^^^^^^^^^^^^^^
  File "D:\testplatformservice\testplatform\venv\Lib\site-packages\channels\middleware.py", line 24, in __call__
    return await self.inner(scope, receive, send)
           ^^^^^^^^^^^^^^^^^^^^^^^^^^^^^^^^^^^^^^
  File "D:\testplatformservice\testplatform\venv\Lib\site-packages\channels\routing.py", line 118, in __call__
    return await application(
           ^^^^^^^^^^^^^^^^^^
  File "D:\testplatformservice\testplatform\venv\Lib\site-packages\channels\consumer.py", line 95, in app
    return await consumer(scope, receive, send)
           ^^^^^^^^^^^^^^^^^^^^^^^^^^^^^^^^^^^^
  File "D:\testplatformservice\testplatform\venv\Lib\site-packages\channels\consumer.py", line 58, in __call__
    await await_many_dispatch(
  File "D:\testplatformservice\testplatform\venv\Lib\site-packages\channels\utils.py", line 57, in await_many_dispatch
    await task
redis.exceptions.ResponseError: unknown command 'BZPOPMIN'
[2026-07-06 11:14:07] ERROR [daphne.server:303] Exception inside application: unknown command 'BZPOPMIN'
Traceback (most recent call last):
  File "D:\testplatformservice\testplatform\venv\Lib\site-packages\channels\routing.py", line 48, in __call__
    return await application(scope, receive, send)
           ^^^^^^^^^^^^^^^^^^^^^^^^^^^^^^^^^^^^^^^
  File "D:\testplatformservice\testplatform\commons\ws\auth.py", line 28, in __call__
    return await super().__call__(scope, receive, send)
           ^^^^^^^^^^^^^^^^^^^^^^^^^^^^^^^^^^^^^^^^^^^^
  File "D:\testplatformservice\testplatform\venv\Lib\site-packages\channels\middleware.py", line 24, in __call__
    return await self.inner(scope, receive, send)
           ^^^^^^^^^^^^^^^^^^^^^^^^^^^^^^^^^^^^^^
  File "D:\testplatformservice\testplatform\venv\Lib\site-packages\channels\routing.py", line 118, in __call__
    return await application(
           ^^^^^^^^^^^^^^^^^^
  File "D:\testplatformservice\testplatform\venv\Lib\site-packages\channels\consumer.py", line 95, in app
    return await consumer(scope, receive, send)
           ^^^^^^^^^^^^^^^^^^^^^^^^^^^^^^^^^^^^
  File "D:\testplatformservice\testplatform\venv\Lib\site-packages\channels\consumer.py", line 58, in __call__
    await await_many_dispatch(
  File "D:\testplatformservice\testplatform\venv\Lib\site-packages\channels\utils.py", line 57, in await_many_dispatch
    await task
redis.exceptions.ResponseError: unknown command 'BZPOPMIN'
[2026-07-06 11:14:12] ERROR [daphne.server:303] Exception inside application: unknown command 'BZPOPMIN'
Traceback (most recent call last):
  File "D:\testplatformservice\testplatform\venv\Lib\site-packages\channels\routing.py", line 48, in __call__
    return await application(scope, receive, send)
           ^^^^^^^^^^^^^^^^^^^^^^^^^^^^^^^^^^^^^^^
  File "D:\testplatformservice\testplatform\commons\ws\auth.py", line 28, in __call__
    return await super().__call__(scope, receive, send)
           ^^^^^^^^^^^^^^^^^^^^^^^^^^^^^^^^^^^^^^^^^^^^
  File "D:\testplatformservice\testplatform\venv\Lib\site-packages\channels\middleware.py", line 24, in __call__
    return await self.inner(scope, receive, send)
           ^^^^^^^^^^^^^^^^^^^^^^^^^^^^^^^^^^^^^^
  File "D:\testplatformservice\testplatform\venv\Lib\site-packages\channels\routing.py", line 118, in __call__
    return await application(
           ^^^^^^^^^^^^^^^^^^
  File "D:\testplatformservice\testplatform\venv\Lib\site-packages\channels\consumer.py", line 95, in app
    return await consumer(scope, receive, send)
           ^^^^^^^^^^^^^^^^^^^^^^^^^^^^^^^^^^^^
  File "D:\testplatformservice\testplatform\venv\Lib\site-packages\channels\consumer.py", line 58, in __call__
    await await_many_dispatch(
  File "D:\testplatformservice\testplatform\venv\Lib\site-packages\channels\utils.py", line 57, in await_many_dispatch
    await task
redis.exceptions.ResponseError: unknown command 'BZPOPMIN'
[2026-07-06 11:14:16] ERROR [daphne.server:303] Exception inside application: unknown command 'BZPOPMIN'
Traceback (most recent call last):
  File "D:\testplatformservice\testplatform\venv\Lib\site-packages\channels\routing.py", line 48, in __call__
    return await application(scope, receive, send)
           ^^^^^^^^^^^^^^^^^^^^^^^^^^^^^^^^^^^^^^^
  File "D:\testplatformservice\testplatform\commons\ws\auth.py", line 28, in __call__
    return await super().__call__(scope, receive, send)
           ^^^^^^^^^^^^^^^^^^^^^^^^^^^^^^^^^^^^^^^^^^^^
  File "D:\testplatformservice\testplatform\venv\Lib\site-packages\channels\middleware.py", line 24, in __call__
    return await self.inner(scope, receive, send)
           ^^^^^^^^^^^^^^^^^^^^^^^^^^^^^^^^^^^^^^
  File "D:\testplatformservice\testplatform\venv\Lib\site-packages\channels\routing.py", line 118, in __call__
    return await application(
           ^^^^^^^^^^^^^^^^^^
  File "D:\testplatformservice\testplatform\venv\Lib\site-packages\channels\consumer.py", line 95, in app
    return await consumer(scope, receive, send)
           ^^^^^^^^^^^^^^^^^^^^^^^^^^^^^^^^^^^^
  File "D:\testplatformservice\testplatform\venv\Lib\site-packages\channels\consumer.py", line 58, in __call__
    await await_many_dispatch(
  File "D:\testplatformservice\testplatform\venv\Lib\site-packages\channels\utils.py", line 57, in await_many_dispatch
    await task
redis.exceptions.ResponseError: unknown command 'BZPOPMIN'
[2026-07-06 11:14:20] ERROR [daphne.server:303] Exception inside application: unknown command 'BZPOPMIN'
Traceback (most recent call last):
  File "D:\testplatformservice\testplatform\venv\Lib\site-packages\channels\routing.py", line 48, in __call__
    return await application(scope, receive, send)
           ^^^^^^^^^^^^^^^^^^^^^^^^^^^^^^^^^^^^^^^
  File "D:\testplatformservice\testplatform\commons\ws\auth.py", line 28, in __call__
    return await super().__call__(scope, receive, send)
           ^^^^^^^^^^^^^^^^^^^^^^^^^^^^^^^^^^^^^^^^^^^^
  File "D:\testplatformservice\testplatform\venv\Lib\site-packages\channels\middleware.py", line 24, in __call__
    return await self.inner(scope, receive, send)
           ^^^^^^^^^^^^^^^^^^^^^^^^^^^^^^^^^^^^^^
  File "D:\testplatformservice\testplatform\venv\Lib\site-packages\channels\routing.py", line 118, in __call__
    return await application(
           ^^^^^^^^^^^^^^^^^^
  File "D:\testplatformservice\testplatform\venv\Lib\site-packages\channels\consumer.py", line 95, in app
    return await consumer(scope, receive, send)
           ^^^^^^^^^^^^^^^^^^^^^^^^^^^^^^^^^^^^
  File "D:\testplatformservice\testplatform\venv\Lib\site-packages\channels\consumer.py", line 58, in __call__
    await await_many_dispatch(
  File "D:\testplatformservice\testplatform\venv\Lib\site-packages\channels\utils.py", line 57, in await_many_dispatch
    await task
redis.exceptions.ResponseError: unknown command 'BZPOPMIN'
[2026-07-06 11:14:24] ERROR [daphne.server:303] Exception inside application: unknown command 'BZPOPMIN'
Traceback (most recent call last):
  File "D:\testplatformservice\testplatform\venv\Lib\site-packages\channels\routing.py", line 48, in __call__
    return await application(scope, receive, send)
           ^^^^^^^^^^^^^^^^^^^^^^^^^^^^^^^^^^^^^^^
  File "D:\testplatformservice\testplatform\commons\ws\auth.py", line 28, in __call__
    return await super().__call__(scope, receive, send)
           ^^^^^^^^^^^^^^^^^^^^^^^^^^^^^^^^^^^^^^^^^^^^
  File "D:\testplatformservice\testplatform\venv\Lib\site-packages\channels\middleware.py", line 24, in __call__
    return await self.inner(scope, receive, send)
           ^^^^^^^^^^^^^^^^^^^^^^^^^^^^^^^^^^^^^^
  File "D:\testplatformservice\testplatform\venv\Lib\site-packages\channels\routing.py", line 118, in __call__
    return await application(
           ^^^^^^^^^^^^^^^^^^
  File "D:\testplatformservice\testplatform\venv\Lib\site-packages\channels\consumer.py", line 95, in app
    return await consumer(scope, receive, send)
           ^^^^^^^^^^^^^^^^^^^^^^^^^^^^^^^^^^^^
  File "D:\testplatformservice\testplatform\venv\Lib\site-packages\channels\consumer.py", line 58, in __call__
    await await_many_dispatch(
  File "D:\testplatformservice\testplatform\venv\Lib\site-packages\channels\utils.py", line 57, in await_many_dispatch
    await task
redis.exceptions.ResponseError: unknown command 'BZPOPMIN'
[2026-07-06 11:14:28] ERROR [daphne.server:303] Exception inside application: unknown command 'BZPOPMIN'
Traceback (most recent call last):
  File "D:\testplatformservice\testplatform\venv\Lib\site-packages\channels\routing.py", line 48, in __call__
    return await application(scope, receive, send)
           ^^^^^^^^^^^^^^^^^^^^^^^^^^^^^^^^^^^^^^^
  File "D:\testplatformservice\testplatform\commons\ws\auth.py", line 28, in __call__
    return await super().__call__(scope, receive, send)
           ^^^^^^^^^^^^^^^^^^^^^^^^^^^^^^^^^^^^^^^^^^^^
  File "D:\testplatformservice\testplatform\venv\Lib\site-packages\channels\middleware.py", line 24, in __call__
    return await self.inner(scope, receive, send)
           ^^^^^^^^^^^^^^^^^^^^^^^^^^^^^^^^^^^^^^
  File "D:\testplatformservice\testplatform\venv\Lib\site-packages\channels\routing.py", line 118, in __call__
    return await application(
           ^^^^^^^^^^^^^^^^^^
  File "D:\testplatformservice\testplatform\venv\Lib\site-packages\channels\consumer.py", line 95, in app
    return await consumer(scope, receive, send)
           ^^^^^^^^^^^^^^^^^^^^^^^^^^^^^^^^^^^^
  File "D:\testplatformservice\testplatform\venv\Lib\site-packages\channels\consumer.py", line 58, in __call__
    await await_many_dispatch(
  File "D:\testplatformservice\testplatform\venv\Lib\site-packages\channels\utils.py", line 57, in await_many_dispatch
    await task
redis.exceptions.ResponseError: unknown command 'BZPOPMIN'
[2026-07-06 11:14:32] ERROR [daphne.server:303] Exception inside application: unknown command 'BZPOPMIN'
Traceback (most recent call last):
  File "D:\testplatformservice\testplatform\venv\Lib\site-packages\channels\routing.py", line 48, in __call__
    return await application(scope, receive, send)
           ^^^^^^^^^^^^^^^^^^^^^^^^^^^^^^^^^^^^^^^
  File "D:\testplatformservice\testplatform\commons\ws\auth.py", line 28, in __call__
    return await super().__call__(scope, receive, send)
           ^^^^^^^^^^^^^^^^^^^^^^^^^^^^^^^^^^^^^^^^^^^^
  File "D:\testplatformservice\testplatform\venv\Lib\site-packages\channels\middleware.py", line 24, in __call__
    return await self.inner(scope, receive, send)
           ^^^^^^^^^^^^^^^^^^^^^^^^^^^^^^^^^^^^^^
  File "D:\testplatformservice\testplatform\venv\Lib\site-packages\channels\routing.py", line 118, in __call__
    return await application(
           ^^^^^^^^^^^^^^^^^^
  File "D:\testplatformservice\testplatform\venv\Lib\site-packages\channels\consumer.py", line 95, in app
    return await consumer(scope, receive, send)
           ^^^^^^^^^^^^^^^^^^^^^^^^^^^^^^^^^^^^
  File "D:\testplatformservice\testplatform\venv\Lib\site-packages\channels\consumer.py", line 58, in __call__
    await await_many_dispatch(
  File "D:\testplatformservice\testplatform\venv\Lib\site-packages\channels\utils.py", line 57, in await_many_dispatch
    await task
redis.exceptions.ResponseError: unknown command 'BZPOPMIN'
[2026-07-06 11:14:36] ERROR [daphne.server:303] Exception inside application: unknown command 'BZPOPMIN'
Traceback (most recent call last):
  File "D:\testplatformservice\testplatform\venv\Lib\site-packages\channels\routing.py", line 48, in __call__
    return await application(scope, receive, send)
           ^^^^^^^^^^^^^^^^^^^^^^^^^^^^^^^^^^^^^^^
  File "D:\testplatformservice\testplatform\commons\ws\auth.py", line 28, in __call__
    return await super().__call__(scope, receive, send)
           ^^^^^^^^^^^^^^^^^^^^^^^^^^^^^^^^^^^^^^^^^^^^
  File "D:\testplatformservice\testplatform\venv\Lib\site-packages\channels\middleware.py", line 24, in __call__
    return await self.inner(scope, receive, send)
           ^^^^^^^^^^^^^^^^^^^^^^^^^^^^^^^^^^^^^^
  File "D:\testplatformservice\testplatform\venv\Lib\site-packages\channels\routing.py", line 118, in __call__
    return await application(
           ^^^^^^^^^^^^^^^^^^
  File "D:\testplatformservice\testplatform\venv\Lib\site-packages\channels\consumer.py", line 95, in app
    return await consumer(scope, receive, send)
           ^^^^^^^^^^^^^^^^^^^^^^^^^^^^^^^^^^^^
  File "D:\testplatformservice\testplatform\venv\Lib\site-packages\channels\consumer.py", line 58, in __call__
    await await_many_dispatch(
  File "D:\testplatformservice\testplatform\venv\Lib\site-packages\channels\utils.py", line 57, in await_many_dispatch
    await task
redis.exceptions.ResponseError: unknown command 'BZPOPMIN'
[2026-07-06 11:14:40] ERROR [daphne.server:303] Exception inside application: unknown command 'BZPOPMIN'
Traceback (most recent call last):
  File "D:\testplatformservice\testplatform\venv\Lib\site-packages\channels\routing.py", line 48, in __call__
    return await application(scope, receive, send)
           ^^^^^^^^^^^^^^^^^^^^^^^^^^^^^^^^^^^^^^^
  File "D:\testplatformservice\testplatform\commons\ws\auth.py", line 28, in __call__
    return await super().__call__(scope, receive, send)
           ^^^^^^^^^^^^^^^^^^^^^^^^^^^^^^^^^^^^^^^^^^^^
  File "D:\testplatformservice\testplatform\venv\Lib\site-packages\channels\middleware.py", line 24, in __call__
    return await self.inner(scope, receive, send)
           ^^^^^^^^^^^^^^^^^^^^^^^^^^^^^^^^^^^^^^
  File "D:\testplatformservice\testplatform\venv\Lib\site-packages\channels\routing.py", line 118, in __call__
    return await application(
           ^^^^^^^^^^^^^^^^^^
  File "D:\testplatformservice\testplatform\venv\Lib\site-packages\channels\consumer.py", line 95, in app
    return await consumer(scope, receive, send)
           ^^^^^^^^^^^^^^^^^^^^^^^^^^^^^^^^^^^^
  File "D:\testplatformservice\testplatform\venv\Lib\site-packages\channels\consumer.py", line 58, in __call__
    await await_many_dispatch(
  File "D:\testplatformservice\testplatform\venv\Lib\site-packages\channels\utils.py", line 57, in await_many_dispatch
    await task
redis.exceptions.ResponseError: unknown command 'BZPOPMIN'
[2026-07-06 11:14:44] ERROR [daphne.server:303] Exception inside application: unknown command 'BZPOPMIN'
Traceback (most recent call last):
  File "D:\testplatformservice\testplatform\venv\Lib\site-packages\channels\routing.py", line 48, in __call__
    return await application(scope, receive, send)
           ^^^^^^^^^^^^^^^^^^^^^^^^^^^^^^^^^^^^^^^
  File "D:\testplatformservice\testplatform\commons\ws\auth.py", line 28, in __call__
    return await super().__call__(scope, receive, send)
           ^^^^^^^^^^^^^^^^^^^^^^^^^^^^^^^^^^^^^^^^^^^^
  File "D:\testplatformservice\testplatform\venv\Lib\site-packages\channels\middleware.py", line 24, in __call__
    return await self.inner(scope, receive, send)
           ^^^^^^^^^^^^^^^^^^^^^^^^^^^^^^^^^^^^^^
  File "D:\testplatformservice\testplatform\venv\Lib\site-packages\channels\routing.py", line 118, in __call__
    return await application(
           ^^^^^^^^^^^^^^^^^^
  File "D:\testplatformservice\testplatform\venv\Lib\site-packages\channels\consumer.py", line 95, in app
    return await consumer(scope, receive, send)
           ^^^^^^^^^^^^^^^^^^^^^^^^^^^^^^^^^^^^
  File "D:\testplatformservice\testplatform\venv\Lib\site-packages\channels\consumer.py", line 58, in __call__
    await await_many_dispatch(
  File "D:\testplatformservice\testplatform\venv\Lib\site-packages\channels\utils.py", line 57, in await_many_dispatch
    await task
redis.exceptions.ResponseError: unknown command 'BZPOPMIN'
[2026-07-06 11:14:48] ERROR [daphne.server:303] Exception inside application: unknown command 'BZPOPMIN'
Traceback (most recent call last):
  File "D:\testplatformservice\testplatform\venv\Lib\site-packages\channels\routing.py", line 48, in __call__
    return await application(scope, receive, send)
           ^^^^^^^^^^^^^^^^^^^^^^^^^^^^^^^^^^^^^^^
  File "D:\testplatformservice\testplatform\commons\ws\auth.py", line 28, in __call__
    return await super().__call__(scope, receive, send)
           ^^^^^^^^^^^^^^^^^^^^^^^^^^^^^^^^^^^^^^^^^^^^
  File "D:\testplatformservice\testplatform\venv\Lib\site-packages\channels\middleware.py", line 24, in __call__
    return await self.inner(scope, receive, send)
           ^^^^^^^^^^^^^^^^^^^^^^^^^^^^^^^^^^^^^^
  File "D:\testplatformservice\testplatform\venv\Lib\site-packages\channels\routing.py", line 118, in __call__
    return await application(
           ^^^^^^^^^^^^^^^^^^
  File "D:\testplatformservice\testplatform\venv\Lib\site-packages\channels\consumer.py", line 95, in app
    return await consumer(scope, receive, send)
           ^^^^^^^^^^^^^^^^^^^^^^^^^^^^^^^^^^^^
  File "D:\testplatformservice\testplatform\venv\Lib\site-packages\channels\consumer.py", line 58, in __call__
    await await_many_dispatch(
  File "D:\testplatformservice\testplatform\venv\Lib\site-packages\channels\utils.py", line 57, in await_many_dispatch
    await task
redis.exceptions.ResponseError: unknown command 'BZPOPMIN'
[2026-07-06 11:14:52] ERROR [daphne.server:303] Exception inside application: unknown command 'BZPOPMIN'
Traceback (most recent call last):
  File "D:\testplatformservice\testplatform\venv\Lib\site-packages\channels\routing.py", line 48, in __call__
    return await application(scope, receive, send)
           ^^^^^^^^^^^^^^^^^^^^^^^^^^^^^^^^^^^^^^^
  File "D:\testplatformservice\testplatform\commons\ws\auth.py", line 28, in __call__
    return await super().__call__(scope, receive, send)
           ^^^^^^^^^^^^^^^^^^^^^^^^^^^^^^^^^^^^^^^^^^^^
  File "D:\testplatformservice\testplatform\venv\Lib\site-packages\channels\middleware.py", line 24, in __call__
    return await self.inner(scope, receive, send)
           ^^^^^^^^^^^^^^^^^^^^^^^^^^^^^^^^^^^^^^
  File "D:\testplatformservice\testplatform\venv\Lib\site-packages\channels\routing.py", line 118, in __call__
    return await application(
           ^^^^^^^^^^^^^^^^^^
  File "D:\testplatformservice\testplatform\venv\Lib\site-packages\channels\consumer.py", line 95, in app
    return await consumer(scope, receive, send)
           ^^^^^^^^^^^^^^^^^^^^^^^^^^^^^^^^^^^^
  File "D:\testplatformservice\testplatform\venv\Lib\site-packages\channels\consumer.py", line 58, in __call__
    await await_many_dispatch(
  File "D:\testplatformservice\testplatform\venv\Lib\site-packages\channels\utils.py", line 57, in await_many_dispatch
    await task
redis.exceptions.ResponseError: unknown command 'BZPOPMIN'
[2026-07-06 11:14:56] ERROR [daphne.server:303] Exception inside application: unknown command 'BZPOPMIN'
Traceback (most recent call last):
  File "D:\testplatformservice\testplatform\venv\Lib\site-packages\channels\routing.py", line 48, in __call__
    return await application(scope, receive, send)
           ^^^^^^^^^^^^^^^^^^^^^^^^^^^^^^^^^^^^^^^
  File "D:\testplatformservice\testplatform\commons\ws\auth.py", line 28, in __call__
    return await super().__call__(scope, receive, send)
           ^^^^^^^^^^^^^^^^^^^^^^^^^^^^^^^^^^^^^^^^^^^^
  File "D:\testplatformservice\testplatform\venv\Lib\site-packages\channels\middleware.py", line 24, in __call__
    return await self.inner(scope, receive, send)
           ^^^^^^^^^^^^^^^^^^^^^^^^^^^^^^^^^^^^^^
  File "D:\testplatformservice\testplatform\venv\Lib\site-packages\channels\routing.py", line 118, in __call__
    return await application(
           ^^^^^^^^^^^^^^^^^^
  File "D:\testplatformservice\testplatform\venv\Lib\site-packages\channels\consumer.py", line 95, in app
    return await consumer(scope, receive, send)
           ^^^^^^^^^^^^^^^^^^^^^^^^^^^^^^^^^^^^
  File "D:\testplatformservice\testplatform\venv\Lib\site-packages\channels\consumer.py", line 58, in __call__
    await await_many_dispatch(
  File "D:\testplatformservice\testplatform\venv\Lib\site-packages\channels\utils.py", line 57, in await_many_dispatch
    await task
redis.exceptions.ResponseError: unknown command 'BZPOPMIN'
[2026-07-06 11:15:00] ERROR [daphne.server:303] Exception inside application: unknown command 'BZPOPMIN'
Traceback (most recent call last):
  File "D:\testplatformservice\testplatform\venv\Lib\site-packages\channels\routing.py", line 48, in __call__
    return await application(scope, receive, send)
           ^^^^^^^^^^^^^^^^^^^^^^^^^^^^^^^^^^^^^^^
  File "D:\testplatformservice\testplatform\commons\ws\auth.py", line 28, in __call__
    return await super().__call__(scope, receive, send)
           ^^^^^^^^^^^^^^^^^^^^^^^^^^^^^^^^^^^^^^^^^^^^
  File "D:\testplatformservice\testplatform\venv\Lib\site-packages\channels\middleware.py", line 24, in __call__
    return await self.inner(scope, receive, send)
           ^^^^^^^^^^^^^^^^^^^^^^^^^^^^^^^^^^^^^^
  File "D:\testplatformservice\testplatform\venv\Lib\site-packages\channels\routing.py", line 118, in __call__
    return await application(
           ^^^^^^^^^^^^^^^^^^
  File "D:\testplatformservice\testplatform\venv\Lib\site-packages\channels\consumer.py", line 95, in app
    return await consumer(scope, receive, send)
           ^^^^^^^^^^^^^^^^^^^^^^^^^^^^^^^^^^^^
  File "D:\testplatformservice\testplatform\venv\Lib\site-packages\channels\consumer.py", line 58, in __call__
    await await_many_dispatch(
  File "D:\testplatformservice\testplatform\venv\Lib\site-packages\channels\utils.py", line 57, in await_many_dispatch
    await task
redis.exceptions.ResponseError: unknown command 'BZPOPMIN'
[2026-07-06 11:15:04] ERROR [daphne.server:303] Exception inside application: unknown command 'BZPOPMIN'
Traceback (most recent call last):
  File "D:\testplatformservice\testplatform\venv\Lib\site-packages\channels\routing.py", line 48, in __call__
    return await application(scope, receive, send)
           ^^^^^^^^^^^^^^^^^^^^^^^^^^^^^^^^^^^^^^^
  File "D:\testplatformservice\testplatform\commons\ws\auth.py", line 28, in __call__
    return await super().__call__(scope, receive, send)
           ^^^^^^^^^^^^^^^^^^^^^^^^^^^^^^^^^^^^^^^^^^^^
  File "D:\testplatformservice\testplatform\venv\Lib\site-packages\channels\middleware.py", line 24, in __call__
    return await self.inner(scope, receive, send)
           ^^^^^^^^^^^^^^^^^^^^^^^^^^^^^^^^^^^^^^
  File "D:\testplatformservice\testplatform\venv\Lib\site-packages\channels\routing.py", line 118, in __call__
    return await application(
           ^^^^^^^^^^^^^^^^^^
  File "D:\testplatformservice\testplatform\venv\Lib\site-packages\channels\consumer.py", line 95, in app
    return await consumer(scope, receive, send)
           ^^^^^^^^^^^^^^^^^^^^^^^^^^^^^^^^^^^^
  File "D:\testplatformservice\testplatform\venv\Lib\site-packages\channels\consumer.py", line 58, in __call__
    await await_many_dispatch(
  File "D:\testplatformservice\testplatform\venv\Lib\site-packages\channels\utils.py", line 57, in await_many_dispatch
    await task
redis.exceptions.ResponseError: unknown command 'BZPOPMIN'
[2026-07-06 11:15:07] ERROR [daphne.server:303] Exception inside application: unknown command 'BZPOPMIN'
Traceback (most recent call last):
  File "D:\testplatformservice\testplatform\venv\Lib\site-packages\channels\routing.py", line 48, in __call__
    return await application(scope, receive, send)
           ^^^^^^^^^^^^^^^^^^^^^^^^^^^^^^^^^^^^^^^
  File "D:\testplatformservice\testplatform\commons\ws\auth.py", line 28, in __call__
    return await super().__call__(scope, receive, send)
           ^^^^^^^^^^^^^^^^^^^^^^^^^^^^^^^^^^^^^^^^^^^^
  File "D:\testplatformservice\testplatform\venv\Lib\site-packages\channels\middleware.py", line 24, in __call__
    return await self.inner(scope, receive, send)
           ^^^^^^^^^^^^^^^^^^^^^^^^^^^^^^^^^^^^^^
  File "D:\testplatformservice\testplatform\venv\Lib\site-packages\channels\routing.py", line 118, in __call__
    return await application(
           ^^^^^^^^^^^^^^^^^^
  File "D:\testplatformservice\testplatform\venv\Lib\site-packages\channels\consumer.py", line 95, in app
    return await consumer(scope, receive, send)
           ^^^^^^^^^^^^^^^^^^^^^^^^^^^^^^^^^^^^
  File "D:\testplatformservice\testplatform\venv\Lib\site-packages\channels\consumer.py", line 58, in __call__
    await await_many_dispatch(
  File "D:\testplatformservice\testplatform\venv\Lib\site-packages\channels\utils.py", line 57, in await_many_dispatch
    await task
redis.exceptions.ResponseError: unknown command 'BZPOPMIN'
[2026-07-06 11:15:11] ERROR [daphne.server:303] Exception inside application: unknown command 'BZPOPMIN'
Traceback (most recent call last):
  File "D:\testplatformservice\testplatform\venv\Lib\site-packages\channels\routing.py", line 48, in __call__
    return await application(scope, receive, send)
           ^^^^^^^^^^^^^^^^^^^^^^^^^^^^^^^^^^^^^^^
  File "D:\testplatformservice\testplatform\commons\ws\auth.py", line 28, in __call__
    return await super().__call__(scope, receive, send)
           ^^^^^^^^^^^^^^^^^^^^^^^^^^^^^^^^^^^^^^^^^^^^
  File "D:\testplatformservice\testplatform\venv\Lib\site-packages\channels\middleware.py", line 24, in __call__
    return await self.inner(scope, receive, send)
           ^^^^^^^^^^^^^^^^^^^^^^^^^^^^^^^^^^^^^^
  File "D:\testplatformservice\testplatform\venv\Lib\site-packages\channels\routing.py", line 118, in __call__
    return await application(
           ^^^^^^^^^^^^^^^^^^
  File "D:\testplatformservice\testplatform\venv\Lib\site-packages\channels\consumer.py", line 95, in app
    return await consumer(scope, receive, send)
           ^^^^^^^^^^^^^^^^^^^^^^^^^^^^^^^^^^^^
  File "D:\testplatformservice\testplatform\venv\Lib\site-packages\channels\consumer.py", line 58, in __call__
    await await_many_dispatch(
  File "D:\testplatformservice\testplatform\venv\Lib\site-packages\channels\utils.py", line 57, in await_many_dispatch
    await task
redis.exceptions.ResponseError: unknown command 'BZPOPMIN'
[2026-07-06 11:15:15] ERROR [daphne.server:303] Exception inside application: unknown command 'BZPOPMIN'
Traceback (most recent call last):
  File "D:\testplatformservice\testplatform\venv\Lib\site-packages\channels\routing.py", line 48, in __call__
    return await application(scope, receive, send)
           ^^^^^^^^^^^^^^^^^^^^^^^^^^^^^^^^^^^^^^^
  File "D:\testplatformservice\testplatform\commons\ws\auth.py", line 28, in __call__
    return await super().__call__(scope, receive, send)
           ^^^^^^^^^^^^^^^^^^^^^^^^^^^^^^^^^^^^^^^^^^^^
  File "D:\testplatformservice\testplatform\venv\Lib\site-packages\channels\middleware.py", line 24, in __call__
    return await self.inner(scope, receive, send)
           ^^^^^^^^^^^^^^^^^^^^^^^^^^^^^^^^^^^^^^
  File "D:\testplatformservice\testplatform\venv\Lib\site-packages\channels\routing.py", line 118, in __call__
    return await application(
           ^^^^^^^^^^^^^^^^^^
  File "D:\testplatformservice\testplatform\venv\Lib\site-packages\channels\consumer.py", line 95, in app
    return await consumer(scope, receive, send)
           ^^^^^^^^^^^^^^^^^^^^^^^^^^^^^^^^^^^^
  File "D:\testplatformservice\testplatform\venv\Lib\site-packages\channels\consumer.py", line 58, in __call__
    await await_many_dispatch(
  File "D:\testplatformservice\testplatform\venv\Lib\site-packages\channels\utils.py", line 57, in await_many_dispatch
    await task
redis.exceptions.ResponseError: unknown command 'BZPOPMIN'
[2026-07-06 11:15:19] ERROR [daphne.server:303] Exception inside application: unknown command 'BZPOPMIN'
Traceback (most recent call last):
  File "D:\testplatformservice\testplatform\venv\Lib\site-packages\channels\routing.py", line 48, in __call__
    return await application(scope, receive, send)
           ^^^^^^^^^^^^^^^^^^^^^^^^^^^^^^^^^^^^^^^
  File "D:\testplatformservice\testplatform\commons\ws\auth.py", line 28, in __call__
    return await super().__call__(scope, receive, send)
           ^^^^^^^^^^^^^^^^^^^^^^^^^^^^^^^^^^^^^^^^^^^^
  File "D:\testplatformservice\testplatform\venv\Lib\site-packages\channels\middleware.py", line 24, in __call__
    return await self.inner(scope, receive, send)
           ^^^^^^^^^^^^^^^^^^^^^^^^^^^^^^^^^^^^^^
  File "D:\testplatformservice\testplatform\venv\Lib\site-packages\channels\routing.py", line 118, in __call__
    return await application(
           ^^^^^^^^^^^^^^^^^^
  File "D:\testplatformservice\testplatform\venv\Lib\site-packages\channels\consumer.py", line 95, in app
    return await consumer(scope, receive, send)
           ^^^^^^^^^^^^^^^^^^^^^^^^^^^^^^^^^^^^
  File "D:\testplatformservice\testplatform\venv\Lib\site-packages\channels\consumer.py", line 58, in __call__
    await await_many_dispatch(
  File "D:\testplatformservice\testplatform\venv\Lib\site-packages\channels\utils.py", line 57, in await_many_dispatch
    await task
redis.exceptions.ResponseError: unknown command 'BZPOPMIN'
[2026-07-06 11:15:23] ERROR [daphne.server:303] Exception inside application: unknown command 'BZPOPMIN'
Traceback (most recent call last):
  File "D:\testplatformservice\testplatform\venv\Lib\site-packages\channels\routing.py", line 48, in __call__
    return await application(scope, receive, send)
           ^^^^^^^^^^^^^^^^^^^^^^^^^^^^^^^^^^^^^^^
  File "D:\testplatformservice\testplatform\commons\ws\auth.py", line 28, in __call__
    return await super().__call__(scope, receive, send)
           ^^^^^^^^^^^^^^^^^^^^^^^^^^^^^^^^^^^^^^^^^^^^
  File "D:\testplatformservice\testplatform\venv\Lib\site-packages\channels\middleware.py", line 24, in __call__
    return await self.inner(scope, receive, send)
           ^^^^^^^^^^^^^^^^^^^^^^^^^^^^^^^^^^^^^^
  File "D:\testplatformservice\testplatform\venv\Lib\site-packages\channels\routing.py", line 118, in __call__
    return await application(
           ^^^^^^^^^^^^^^^^^^
  File "D:\testplatformservice\testplatform\venv\Lib\site-packages\channels\consumer.py", line 95, in app
    return await consumer(scope, receive, send)
           ^^^^^^^^^^^^^^^^^^^^^^^^^^^^^^^^^^^^
  File "D:\testplatformservice\testplatform\venv\Lib\site-packages\channels\consumer.py", line 58, in __call__
    await await_many_dispatch(
  File "D:\testplatformservice\testplatform\venv\Lib\site-packages\channels\utils.py", line 57, in await_many_dispatch
    await task
redis.exceptions.ResponseError: unknown command 'BZPOPMIN'
[2026-07-06 11:15:27] ERROR [daphne.server:303] Exception inside application: unknown command 'BZPOPMIN'
Traceback (most recent call last):
  File "D:\testplatformservice\testplatform\venv\Lib\site-packages\channels\routing.py", line 48, in __call__
    return await application(scope, receive, send)
           ^^^^^^^^^^^^^^^^^^^^^^^^^^^^^^^^^^^^^^^
  File "D:\testplatformservice\testplatform\commons\ws\auth.py", line 28, in __call__
    return await super().__call__(scope, receive, send)
           ^^^^^^^^^^^^^^^^^^^^^^^^^^^^^^^^^^^^^^^^^^^^
  File "D:\testplatformservice\testplatform\venv\Lib\site-packages\channels\middleware.py", line 24, in __call__
    return await self.inner(scope, receive, send)
           ^^^^^^^^^^^^^^^^^^^^^^^^^^^^^^^^^^^^^^
  File "D:\testplatformservice\testplatform\venv\Lib\site-packages\channels\routing.py", line 118, in __call__
    return await application(
           ^^^^^^^^^^^^^^^^^^
  File "D:\testplatformservice\testplatform\venv\Lib\site-packages\channels\consumer.py", line 95, in app
    return await consumer(scope, receive, send)
           ^^^^^^^^^^^^^^^^^^^^^^^^^^^^^^^^^^^^
  File "D:\testplatformservice\testplatform\venv\Lib\site-packages\channels\consumer.py", line 58, in __call__
    await await_many_dispatch(
  File "D:\testplatformservice\testplatform\venv\Lib\site-packages\channels\utils.py", line 57, in await_many_dispatch
    await task
redis.exceptions.ResponseError: unknown command 'BZPOPMIN'
[2026-07-06 11:15:31] ERROR [daphne.server:303] Exception inside application: unknown command 'BZPOPMIN'
Traceback (most recent call last):
  File "D:\testplatformservice\testplatform\venv\Lib\site-packages\channels\routing.py", line 48, in __call__
    return await application(scope, receive, send)
           ^^^^^^^^^^^^^^^^^^^^^^^^^^^^^^^^^^^^^^^
  File "D:\testplatformservice\testplatform\commons\ws\auth.py", line 28, in __call__
    return await super().__call__(scope, receive, send)
           ^^^^^^^^^^^^^^^^^^^^^^^^^^^^^^^^^^^^^^^^^^^^
  File "D:\testplatformservice\testplatform\venv\Lib\site-packages\channels\middleware.py", line 24, in __call__
    return await self.inner(scope, receive, send)
           ^^^^^^^^^^^^^^^^^^^^^^^^^^^^^^^^^^^^^^
  File "D:\testplatformservice\testplatform\venv\Lib\site-packages\channels\routing.py", line 118, in __call__
    return await application(
           ^^^^^^^^^^^^^^^^^^
  File "D:\testplatformservice\testplatform\venv\Lib\site-packages\channels\consumer.py", line 95, in app
    return await consumer(scope, receive, send)
           ^^^^^^^^^^^^^^^^^^^^^^^^^^^^^^^^^^^^
  File "D:\testplatformservice\testplatform\venv\Lib\site-packages\channels\consumer.py", line 58, in __call__
    await await_many_dispatch(
  File "D:\testplatformservice\testplatform\venv\Lib\site-packages\channels\utils.py", line 57, in await_many_dispatch
    await task
redis.exceptions.ResponseError: unknown command 'BZPOPMIN'
[2026-07-06 11:15:35] ERROR [daphne.server:303] Exception inside application: unknown command 'BZPOPMIN'
Traceback (most recent call last):
  File "D:\testplatformservice\testplatform\venv\Lib\site-packages\channels\routing.py", line 48, in __call__
    return await application(scope, receive, send)
           ^^^^^^^^^^^^^^^^^^^^^^^^^^^^^^^^^^^^^^^
  File "D:\testplatformservice\testplatform\commons\ws\auth.py", line 28, in __call__
    return await super().__call__(scope, receive, send)
           ^^^^^^^^^^^^^^^^^^^^^^^^^^^^^^^^^^^^^^^^^^^^
  File "D:\testplatformservice\testplatform\venv\Lib\site-packages\channels\middleware.py", line 24, in __call__
    return await self.inner(scope, receive, send)
           ^^^^^^^^^^^^^^^^^^^^^^^^^^^^^^^^^^^^^^
  File "D:\testplatformservice\testplatform\venv\Lib\site-packages\channels\routing.py", line 118, in __call__
    return await application(
           ^^^^^^^^^^^^^^^^^^
  File "D:\testplatformservice\testplatform\venv\Lib\site-packages\channels\consumer.py", line 95, in app
    return await consumer(scope, receive, send)
           ^^^^^^^^^^^^^^^^^^^^^^^^^^^^^^^^^^^^
  File "D:\testplatformservice\testplatform\venv\Lib\site-packages\channels\consumer.py", line 58, in __call__
    await await_many_dispatch(
  File "D:\testplatformservice\testplatform\venv\Lib\site-packages\channels\utils.py", line 57, in await_many_dispatch
    await task
redis.exceptions.ResponseError: unknown command 'BZPOPMIN'
[2026-07-06 11:15:39] ERROR [daphne.server:303] Exception inside application: unknown command 'BZPOPMIN'
Traceback (most recent call last):
  File "D:\testplatformservice\testplatform\venv\Lib\site-packages\channels\routing.py", line 48, in __call__
    return await application(scope, receive, send)
           ^^^^^^^^^^^^^^^^^^^^^^^^^^^^^^^^^^^^^^^
  File "D:\testplatformservice\testplatform\commons\ws\auth.py", line 28, in __call__
    return await super().__call__(scope, receive, send)
           ^^^^^^^^^^^^^^^^^^^^^^^^^^^^^^^^^^^^^^^^^^^^
  File "D:\testplatformservice\testplatform\venv\Lib\site-packages\channels\middleware.py", line 24, in __call__
    return await self.inner(scope, receive, send)
           ^^^^^^^^^^^^^^^^^^^^^^^^^^^^^^^^^^^^^^
  File "D:\testplatformservice\testplatform\venv\Lib\site-packages\channels\routing.py", line 118, in __call__
    return await application(
           ^^^^^^^^^^^^^^^^^^
  File "D:\testplatformservice\testplatform\venv\Lib\site-packages\channels\consumer.py", line 95, in app
    return await consumer(scope, receive, send)
           ^^^^^^^^^^^^^^^^^^^^^^^^^^^^^^^^^^^^
  File "D:\testplatformservice\testplatform\venv\Lib\site-packages\channels\consumer.py", line 58, in __call__
    await await_many_dispatch(
  File "D:\testplatformservice\testplatform\venv\Lib\site-packages\channels\utils.py", line 57, in await_many_dispatch
    await task
redis.exceptions.ResponseError: unknown command 'BZPOPMIN'
[2026-07-06 11:15:43] ERROR [daphne.server:303] Exception inside application: unknown command 'BZPOPMIN'
Traceback (most recent call last):
  File "D:\testplatformservice\testplatform\venv\Lib\site-packages\channels\routing.py", line 48, in __call__
    return await application(scope, receive, send)
           ^^^^^^^^^^^^^^^^^^^^^^^^^^^^^^^^^^^^^^^
  File "D:\testplatformservice\testplatform\commons\ws\auth.py", line 28, in __call__
    return await super().__call__(scope, receive, send)
           ^^^^^^^^^^^^^^^^^^^^^^^^^^^^^^^^^^^^^^^^^^^^
  File "D:\testplatformservice\testplatform\venv\Lib\site-packages\channels\middleware.py", line 24, in __call__
    return await self.inner(scope, receive, send)
           ^^^^^^^^^^^^^^^^^^^^^^^^^^^^^^^^^^^^^^
  File "D:\testplatformservice\testplatform\venv\Lib\site-packages\channels\routing.py", line 118, in __call__
    return await application(
           ^^^^^^^^^^^^^^^^^^
  File "D:\testplatformservice\testplatform\venv\Lib\site-packages\channels\consumer.py", line 95, in app
    return await consumer(scope, receive, send)
           ^^^^^^^^^^^^^^^^^^^^^^^^^^^^^^^^^^^^
  File "D:\testplatformservice\testplatform\venv\Lib\site-packages\channels\consumer.py", line 58, in __call__
    await await_many_dispatch(
  File "D:\testplatformservice\testplatform\venv\Lib\site-packages\channels\utils.py", line 57, in await_many_dispatch
    await task
redis.exceptions.ResponseError: unknown command 'BZPOPMIN'
[2026-07-06 11:15:47] ERROR [daphne.server:303] Exception inside application: unknown command 'BZPOPMIN'
Traceback (most recent call last):
  File "D:\testplatformservice\testplatform\venv\Lib\site-packages\channels\routing.py", line 48, in __call__
    return await application(scope, receive, send)
           ^^^^^^^^^^^^^^^^^^^^^^^^^^^^^^^^^^^^^^^
  File "D:\testplatformservice\testplatform\commons\ws\auth.py", line 28, in __call__
    return await super().__call__(scope, receive, send)
           ^^^^^^^^^^^^^^^^^^^^^^^^^^^^^^^^^^^^^^^^^^^^
  File "D:\testplatformservice\testplatform\venv\Lib\site-packages\channels\middleware.py", line 24, in __call__
    return await self.inner(scope, receive, send)
           ^^^^^^^^^^^^^^^^^^^^^^^^^^^^^^^^^^^^^^
  File "D:\testplatformservice\testplatform\venv\Lib\site-packages\channels\routing.py", line 118, in __call__
    return await application(
           ^^^^^^^^^^^^^^^^^^
  File "D:\testplatformservice\testplatform\venv\Lib\site-packages\channels\consumer.py", line 95, in app
    return await consumer(scope, receive, send)
           ^^^^^^^^^^^^^^^^^^^^^^^^^^^^^^^^^^^^
  File "D:\testplatformservice\testplatform\venv\Lib\site-packages\channels\consumer.py", line 58, in __call__
    await await_many_dispatch(
  File "D:\testplatformservice\testplatform\venv\Lib\site-packages\channels\utils.py", line 57, in await_many_dispatch
    await task
redis.exceptions.ResponseError: unknown command 'BZPOPMIN'
[2026-07-06 11:15:51] ERROR [daphne.server:303] Exception inside application: unknown command 'BZPOPMIN'
Traceback (most recent call last):
  File "D:\testplatformservice\testplatform\venv\Lib\site-packages\channels\routing.py", line 48, in __call__
    return await application(scope, receive, send)
           ^^^^^^^^^^^^^^^^^^^^^^^^^^^^^^^^^^^^^^^
  File "D:\testplatformservice\testplatform\commons\ws\auth.py", line 28, in __call__
    return await super().__call__(scope, receive, send)
           ^^^^^^^^^^^^^^^^^^^^^^^^^^^^^^^^^^^^^^^^^^^^
  File "D:\testplatformservice\testplatform\venv\Lib\site-packages\channels\middleware.py", line 24, in __call__
    return await self.inner(scope, receive, send)
           ^^^^^^^^^^^^^^^^^^^^^^^^^^^^^^^^^^^^^^
  File "D:\testplatformservice\testplatform\venv\Lib\site-packages\channels\routing.py", line 118, in __call__
    return await application(
           ^^^^^^^^^^^^^^^^^^
  File "D:\testplatformservice\testplatform\venv\Lib\site-packages\channels\consumer.py", line 95, in app
    return await consumer(scope, receive, send)
           ^^^^^^^^^^^^^^^^^^^^^^^^^^^^^^^^^^^^
  File "D:\testplatformservice\testplatform\venv\Lib\site-packages\channels\consumer.py", line 58, in __call__
    await await_many_dispatch(
  File "D:\testplatformservice\testplatform\venv\Lib\site-packages\channels\utils.py", line 57, in await_many_dispatch
    await task
redis.exceptions.ResponseError: unknown command 'BZPOPMIN'
[2026-07-06 11:15:55] ERROR [daphne.server:303] Exception inside application: unknown command 'BZPOPMIN'
Traceback (most recent call last):
  File "D:\testplatformservice\testplatform\venv\Lib\site-packages\channels\routing.py", line 48, in __call__
    return await application(scope, receive, send)
           ^^^^^^^^^^^^^^^^^^^^^^^^^^^^^^^^^^^^^^^
  File "D:\testplatformservice\testplatform\commons\ws\auth.py", line 28, in __call__
    return await super().__call__(scope, receive, send)
           ^^^^^^^^^^^^^^^^^^^^^^^^^^^^^^^^^^^^^^^^^^^^
  File "D:\testplatformservice\testplatform\venv\Lib\site-packages\channels\middleware.py", line 24, in __call__
    return await self.inner(scope, receive, send)
           ^^^^^^^^^^^^^^^^^^^^^^^^^^^^^^^^^^^^^^
  File "D:\testplatformservice\testplatform\venv\Lib\site-packages\channels\routing.py", line 118, in __call__
    return await application(
           ^^^^^^^^^^^^^^^^^^
  File "D:\testplatformservice\testplatform\venv\Lib\site-packages\channels\consumer.py", line 95, in app
    return await consumer(scope, receive, send)
           ^^^^^^^^^^^^^^^^^^^^^^^^^^^^^^^^^^^^
  File "D:\testplatformservice\testplatform\venv\Lib\site-packages\channels\consumer.py", line 58, in __call__
    await await_many_dispatch(
  File "D:\testplatformservice\testplatform\venv\Lib\site-packages\channels\utils.py", line 57, in await_many_dispatch
    await task
redis.exceptions.ResponseError: unknown command 'BZPOPMIN'
[2026-07-06 11:15:59] ERROR [daphne.server:303] Exception inside application: unknown command 'BZPOPMIN'
Traceback (most recent call last):
  File "D:\testplatformservice\testplatform\venv\Lib\site-packages\channels\routing.py", line 48, in __call__
    return await application(scope, receive, send)
           ^^^^^^^^^^^^^^^^^^^^^^^^^^^^^^^^^^^^^^^
  File "D:\testplatformservice\testplatform\commons\ws\auth.py", line 28, in __call__
    return await super().__call__(scope, receive, send)
           ^^^^^^^^^^^^^^^^^^^^^^^^^^^^^^^^^^^^^^^^^^^^
  File "D:\testplatformservice\testplatform\venv\Lib\site-packages\channels\middleware.py", line 24, in __call__
    return await self.inner(scope, receive, send)
           ^^^^^^^^^^^^^^^^^^^^^^^^^^^^^^^^^^^^^^
  File "D:\testplatformservice\testplatform\venv\Lib\site-packages\channels\routing.py", line 118, in __call__
    return await application(
           ^^^^^^^^^^^^^^^^^^
  File "D:\testplatformservice\testplatform\venv\Lib\site-packages\channels\consumer.py", line 95, in app
    return await consumer(scope, receive, send)
           ^^^^^^^^^^^^^^^^^^^^^^^^^^^^^^^^^^^^
  File "D:\testplatformservice\testplatform\venv\Lib\site-packages\channels\consumer.py", line 58, in __call__
    await await_many_dispatch(
  File "D:\testplatformservice\testplatform\venv\Lib\site-packages\channels\utils.py", line 57, in await_many_dispatch
    await task
redis.exceptions.ResponseError: unknown command 'BZPOPMIN'
[2026-07-06 11:16:03] ERROR [daphne.server:303] Exception inside application: unknown command 'BZPOPMIN'
Traceback (most recent call last):
  File "D:\testplatformservice\testplatform\venv\Lib\site-packages\channels\routing.py", line 48, in __call__
    return await application(scope, receive, send)
           ^^^^^^^^^^^^^^^^^^^^^^^^^^^^^^^^^^^^^^^
  File "D:\testplatformservice\testplatform\commons\ws\auth.py", line 28, in __call__
    return await super().__call__(scope, receive, send)
           ^^^^^^^^^^^^^^^^^^^^^^^^^^^^^^^^^^^^^^^^^^^^
  File "D:\testplatformservice\testplatform\venv\Lib\site-packages\channels\middleware.py", line 24, in __call__
    return await self.inner(scope, receive, send)
           ^^^^^^^^^^^^^^^^^^^^^^^^^^^^^^^^^^^^^^
  File "D:\testplatformservice\testplatform\venv\Lib\site-packages\channels\routing.py", line 118, in __call__
    return await application(
           ^^^^^^^^^^^^^^^^^^
  File "D:\testplatformservice\testplatform\venv\Lib\site-packages\channels\consumer.py", line 95, in app
    return await consumer(scope, receive, send)
           ^^^^^^^^^^^^^^^^^^^^^^^^^^^^^^^^^^^^
  File "D:\testplatformservice\testplatform\venv\Lib\site-packages\channels\consumer.py", line 58, in __call__
    await await_many_dispatch(
  File "D:\testplatformservice\testplatform\venv\Lib\site-packages\channels\utils.py", line 57, in await_many_dispatch
    await task
redis.exceptions.ResponseError: unknown command 'BZPOPMIN'
[2026-07-06 11:16:08] ERROR [daphne.server:303] Exception inside application: unknown command 'BZPOPMIN'
Traceback (most recent call last):
  File "D:\testplatformservice\testplatform\venv\Lib\site-packages\channels\routing.py", line 48, in __call__
    return await application(scope, receive, send)
           ^^^^^^^^^^^^^^^^^^^^^^^^^^^^^^^^^^^^^^^
  File "D:\testplatformservice\testplatform\commons\ws\auth.py", line 28, in __call__
    return await super().__call__(scope, receive, send)
           ^^^^^^^^^^^^^^^^^^^^^^^^^^^^^^^^^^^^^^^^^^^^
  File "D:\testplatformservice\testplatform\venv\Lib\site-packages\channels\middleware.py", line 24, in __call__
    return await self.inner(scope, receive, send)
           ^^^^^^^^^^^^^^^^^^^^^^^^^^^^^^^^^^^^^^
  File "D:\testplatformservice\testplatform\venv\Lib\site-packages\channels\routing.py", line 118, in __call__
    return await application(
           ^^^^^^^^^^^^^^^^^^
  File "D:\testplatformservice\testplatform\venv\Lib\site-packages\channels\consumer.py", line 95, in app
    return await consumer(scope, receive, send)
           ^^^^^^^^^^^^^^^^^^^^^^^^^^^^^^^^^^^^
  File "D:\testplatformservice\testplatform\venv\Lib\site-packages\channels\consumer.py", line 58, in __call__
    await await_many_dispatch(
  File "D:\testplatformservice\testplatform\venv\Lib\site-packages\channels\utils.py", line 57, in await_many_dispatch
    await task
redis.exceptions.ResponseError: unknown command 'BZPOPMIN'
[2026-07-06 11:16:12] ERROR [daphne.server:303] Exception inside application: unknown command 'BZPOPMIN'
Traceback (most recent call last):
  File "D:\testplatformservice\testplatform\venv\Lib\site-packages\channels\routing.py", line 48, in __call__
    return await application(scope, receive, send)
           ^^^^^^^^^^^^^^^^^^^^^^^^^^^^^^^^^^^^^^^
  File "D:\testplatformservice\testplatform\commons\ws\auth.py", line 28, in __call__
    return await super().__call__(scope, receive, send)
           ^^^^^^^^^^^^^^^^^^^^^^^^^^^^^^^^^^^^^^^^^^^^
  File "D:\testplatformservice\testplatform\venv\Lib\site-packages\channels\middleware.py", line 24, in __call__
    return await self.inner(scope, receive, send)
           ^^^^^^^^^^^^^^^^^^^^^^^^^^^^^^^^^^^^^^
  File "D:\testplatformservice\testplatform\venv\Lib\site-packages\channels\routing.py", line 118, in __call__
    return await application(
           ^^^^^^^^^^^^^^^^^^
  File "D:\testplatformservice\testplatform\venv\Lib\site-packages\channels\consumer.py", line 95, in app
    return await consumer(scope, receive, send)
           ^^^^^^^^^^^^^^^^^^^^^^^^^^^^^^^^^^^^
  File "D:\testplatformservice\testplatform\venv\Lib\site-packages\channels\consumer.py", line 58, in __call__
    await await_many_dispatch(
  File "D:\testplatformservice\testplatform\venv\Lib\site-packages\channels\utils.py", line 57, in await_many_dispatch
    await task
redis.exceptions.ResponseError: unknown command 'BZPOPMIN'
[2026-07-06 11:16:16] ERROR [daphne.server:303] Exception inside application: unknown command 'BZPOPMIN'
Traceback (most recent call last):
  File "D:\testplatformservice\testplatform\venv\Lib\site-packages\channels\routing.py", line 48, in __call__
    return await application(scope, receive, send)
           ^^^^^^^^^^^^^^^^^^^^^^^^^^^^^^^^^^^^^^^
  File "D:\testplatformservice\testplatform\commons\ws\auth.py", line 28, in __call__
    return await super().__call__(scope, receive, send)
           ^^^^^^^^^^^^^^^^^^^^^^^^^^^^^^^^^^^^^^^^^^^^
  File "D:\testplatformservice\testplatform\venv\Lib\site-packages\channels\middleware.py", line 24, in __call__
    return await self.inner(scope, receive, send)
           ^^^^^^^^^^^^^^^^^^^^^^^^^^^^^^^^^^^^^^
  File "D:\testplatformservice\testplatform\venv\Lib\site-packages\channels\routing.py", line 118, in __call__
    return await application(
           ^^^^^^^^^^^^^^^^^^
  File "D:\testplatformservice\testplatform\venv\Lib\site-packages\channels\consumer.py", line 95, in app
    return await consumer(scope, receive, send)
           ^^^^^^^^^^^^^^^^^^^^^^^^^^^^^^^^^^^^
  File "D:\testplatformservice\testplatform\venv\Lib\site-packages\channels\consumer.py", line 58, in __call__
    await await_many_dispatch(
  File "D:\testplatformservice\testplatform\venv\Lib\site-packages\channels\utils.py", line 57, in await_many_dispatch
    await task
redis.exceptions.ResponseError: unknown command 'BZPOPMIN'
[2026-07-06 11:16:20] ERROR [daphne.server:303] Exception inside application: unknown command 'BZPOPMIN'
Traceback (most recent call last):
  File "D:\testplatformservice\testplatform\venv\Lib\site-packages\channels\routing.py", line 48, in __call__
    return await application(scope, receive, send)
           ^^^^^^^^^^^^^^^^^^^^^^^^^^^^^^^^^^^^^^^
  File "D:\testplatformservice\testplatform\commons\ws\auth.py", line 28, in __call__
    return await super().__call__(scope, receive, send)
           ^^^^^^^^^^^^^^^^^^^^^^^^^^^^^^^^^^^^^^^^^^^^
  File "D:\testplatformservice\testplatform\venv\Lib\site-packages\channels\middleware.py", line 24, in __call__
    return await self.inner(scope, receive, send)
           ^^^^^^^^^^^^^^^^^^^^^^^^^^^^^^^^^^^^^^
  File "D:\testplatformservice\testplatform\venv\Lib\site-packages\channels\routing.py", line 118, in __call__
    return await application(
           ^^^^^^^^^^^^^^^^^^
  File "D:\testplatformservice\testplatform\venv\Lib\site-packages\channels\consumer.py", line 95, in app
    return await consumer(scope, receive, send)
           ^^^^^^^^^^^^^^^^^^^^^^^^^^^^^^^^^^^^
  File "D:\testplatformservice\testplatform\venv\Lib\site-packages\channels\consumer.py", line 58, in __call__
    await await_many_dispatch(
  File "D:\testplatformservice\testplatform\venv\Lib\site-packages\channels\utils.py", line 57, in await_many_dispatch
    await task
redis.exceptions.ResponseError: unknown command 'BZPOPMIN'
[2026-07-06 11:16:24] ERROR [daphne.server:303] Exception inside application: unknown command 'BZPOPMIN'
Traceback (most recent call last):
  File "D:\testplatformservice\testplatform\venv\Lib\site-packages\channels\routing.py", line 48, in __call__
    return await application(scope, receive, send)
           ^^^^^^^^^^^^^^^^^^^^^^^^^^^^^^^^^^^^^^^
  File "D:\testplatformservice\testplatform\commons\ws\auth.py", line 28, in __call__
    return await super().__call__(scope, receive, send)
           ^^^^^^^^^^^^^^^^^^^^^^^^^^^^^^^^^^^^^^^^^^^^
  File "D:\testplatformservice\testplatform\venv\Lib\site-packages\channels\middleware.py", line 24, in __call__
    return await self.inner(scope, receive, send)
           ^^^^^^^^^^^^^^^^^^^^^^^^^^^^^^^^^^^^^^
  File "D:\testplatformservice\testplatform\venv\Lib\site-packages\channels\routing.py", line 118, in __call__
    return await application(
           ^^^^^^^^^^^^^^^^^^
  File "D:\testplatformservice\testplatform\venv\Lib\site-packages\channels\consumer.py", line 95, in app
    return await consumer(scope, receive, send)
           ^^^^^^^^^^^^^^^^^^^^^^^^^^^^^^^^^^^^
  File "D:\testplatformservice\testplatform\venv\Lib\site-packages\channels\consumer.py", line 58, in __call__
    await await_many_dispatch(
  File "D:\testplatformservice\testplatform\venv\Lib\site-packages\channels\utils.py", line 57, in await_many_dispatch
    await task
redis.exceptions.ResponseError: unknown command 'BZPOPMIN'
[2026-07-06 11:16:28] ERROR [daphne.server:303] Exception inside application: unknown command 'BZPOPMIN'
Traceback (most recent call last):
  File "D:\testplatformservice\testplatform\venv\Lib\site-packages\channels\routing.py", line 48, in __call__
    return await application(scope, receive, send)
           ^^^^^^^^^^^^^^^^^^^^^^^^^^^^^^^^^^^^^^^
  File "D:\testplatformservice\testplatform\commons\ws\auth.py", line 28, in __call__
    return await super().__call__(scope, receive, send)
           ^^^^^^^^^^^^^^^^^^^^^^^^^^^^^^^^^^^^^^^^^^^^
  File "D:\testplatformservice\testplatform\venv\Lib\site-packages\channels\middleware.py", line 24, in __call__
    return await self.inner(scope, receive, send)
           ^^^^^^^^^^^^^^^^^^^^^^^^^^^^^^^^^^^^^^
  File "D:\testplatformservice\testplatform\venv\Lib\site-packages\channels\routing.py", line 118, in __call__
    return await application(
           ^^^^^^^^^^^^^^^^^^
  File "D:\testplatformservice\testplatform\venv\Lib\site-packages\channels\consumer.py", line 95, in app
    return await consumer(scope, receive, send)
           ^^^^^^^^^^^^^^^^^^^^^^^^^^^^^^^^^^^^
  File "D:\testplatformservice\testplatform\venv\Lib\site-packages\channels\consumer.py", line 58, in __call__
    await await_many_dispatch(
  File "D:\testplatformservice\testplatform\venv\Lib\site-packages\channels\utils.py", line 57, in await_many_dispatch
    await task
redis.exceptions.ResponseError: unknown command 'BZPOPMIN'
[2026-07-06 11:16:32] ERROR [daphne.server:303] Exception inside application: unknown command 'BZPOPMIN'
Traceback (most recent call last):
  File "D:\testplatformservice\testplatform\venv\Lib\site-packages\channels\routing.py", line 48, in __call__
    return await application(scope, receive, send)
           ^^^^^^^^^^^^^^^^^^^^^^^^^^^^^^^^^^^^^^^
  File "D:\testplatformservice\testplatform\commons\ws\auth.py", line 28, in __call__
    return await super().__call__(scope, receive, send)
           ^^^^^^^^^^^^^^^^^^^^^^^^^^^^^^^^^^^^^^^^^^^^
  File "D:\testplatformservice\testplatform\venv\Lib\site-packages\channels\middleware.py", line 24, in __call__
    return await self.inner(scope, receive, send)
           ^^^^^^^^^^^^^^^^^^^^^^^^^^^^^^^^^^^^^^
  File "D:\testplatformservice\testplatform\venv\Lib\site-packages\channels\routing.py", line 118, in __call__
    return await application(
           ^^^^^^^^^^^^^^^^^^
  File "D:\testplatformservice\testplatform\venv\Lib\site-packages\channels\consumer.py", line 95, in app
    return await consumer(scope, receive, send)
           ^^^^^^^^^^^^^^^^^^^^^^^^^^^^^^^^^^^^
  File "D:\testplatformservice\testplatform\venv\Lib\site-packages\channels\consumer.py", line 58, in __call__
    await await_many_dispatch(
  File "D:\testplatformservice\testplatform\venv\Lib\site-packages\channels\utils.py", line 57, in await_many_dispatch
    await task
redis.exceptions.ResponseError: unknown command 'BZPOPMIN'
[2026-07-06 11:16:36] ERROR [daphne.server:303] Exception inside application: unknown command 'BZPOPMIN'
Traceback (most recent call last):
  File "D:\testplatformservice\testplatform\venv\Lib\site-packages\channels\routing.py", line 48, in __call__
    return await application(scope, receive, send)
           ^^^^^^^^^^^^^^^^^^^^^^^^^^^^^^^^^^^^^^^
  File "D:\testplatformservice\testplatform\commons\ws\auth.py", line 28, in __call__
    return await super().__call__(scope, receive, send)
           ^^^^^^^^^^^^^^^^^^^^^^^^^^^^^^^^^^^^^^^^^^^^
  File "D:\testplatformservice\testplatform\venv\Lib\site-packages\channels\middleware.py", line 24, in __call__
    return await self.inner(scope, receive, send)
           ^^^^^^^^^^^^^^^^^^^^^^^^^^^^^^^^^^^^^^
  File "D:\testplatformservice\testplatform\venv\Lib\site-packages\channels\routing.py", line 118, in __call__
    return await application(
           ^^^^^^^^^^^^^^^^^^
  File "D:\testplatformservice\testplatform\venv\Lib\site-packages\channels\consumer.py", line 95, in app
    return await consumer(scope, receive, send)
           ^^^^^^^^^^^^^^^^^^^^^^^^^^^^^^^^^^^^
  File "D:\testplatformservice\testplatform\venv\Lib\site-packages\channels\consumer.py", line 58, in __call__
    await await_many_dispatch(
  File "D:\testplatformservice\testplatform\venv\Lib\site-packages\channels\utils.py", line 57, in await_many_dispatch
    await task
redis.exceptions.ResponseError: unknown command 'BZPOPMIN'
[2026-07-06 11:16:40] ERROR [daphne.server:303] Exception inside application: unknown command 'BZPOPMIN'
Traceback (most recent call last):
  File "D:\testplatformservice\testplatform\venv\Lib\site-packages\channels\routing.py", line 48, in __call__
    return await application(scope, receive, send)
           ^^^^^^^^^^^^^^^^^^^^^^^^^^^^^^^^^^^^^^^
  File "D:\testplatformservice\testplatform\commons\ws\auth.py", line 28, in __call__
    return await super().__call__(scope, receive, send)
           ^^^^^^^^^^^^^^^^^^^^^^^^^^^^^^^^^^^^^^^^^^^^
  File "D:\testplatformservice\testplatform\venv\Lib\site-packages\channels\middleware.py", line 24, in __call__
    return await self.inner(scope, receive, send)
           ^^^^^^^^^^^^^^^^^^^^^^^^^^^^^^^^^^^^^^
  File "D:\testplatformservice\testplatform\venv\Lib\site-packages\channels\routing.py", line 118, in __call__
    return await application(
           ^^^^^^^^^^^^^^^^^^
  File "D:\testplatformservice\testplatform\venv\Lib\site-packages\channels\consumer.py", line 95, in app
    return await consumer(scope, receive, send)
           ^^^^^^^^^^^^^^^^^^^^^^^^^^^^^^^^^^^^
  File "D:\testplatformservice\testplatform\venv\Lib\site-packages\channels\consumer.py", line 58, in __call__
    await await_many_dispatch(
  File "D:\testplatformservice\testplatform\venv\Lib\site-packages\channels\utils.py", line 57, in await_many_dispatch
    await task
redis.exceptions.ResponseError: unknown command 'BZPOPMIN'
[2026-07-06 11:16:44] ERROR [daphne.server:303] Exception inside application: unknown command 'BZPOPMIN'
Traceback (most recent call last):
  File "D:\testplatformservice\testplatform\venv\Lib\site-packages\channels\routing.py", line 48, in __call__
    return await application(scope, receive, send)
           ^^^^^^^^^^^^^^^^^^^^^^^^^^^^^^^^^^^^^^^
  File "D:\testplatformservice\testplatform\commons\ws\auth.py", line 28, in __call__
    return await super().__call__(scope, receive, send)
           ^^^^^^^^^^^^^^^^^^^^^^^^^^^^^^^^^^^^^^^^^^^^
  File "D:\testplatformservice\testplatform\venv\Lib\site-packages\channels\middleware.py", line 24, in __call__
    return await self.inner(scope, receive, send)
           ^^^^^^^^^^^^^^^^^^^^^^^^^^^^^^^^^^^^^^
  File "D:\testplatformservice\testplatform\venv\Lib\site-packages\channels\routing.py", line 118, in __call__
    return await application(
           ^^^^^^^^^^^^^^^^^^
  File "D:\testplatformservice\testplatform\venv\Lib\site-packages\channels\consumer.py", line 95, in app
    return await consumer(scope, receive, send)
           ^^^^^^^^^^^^^^^^^^^^^^^^^^^^^^^^^^^^
  File "D:\testplatformservice\testplatform\venv\Lib\site-packages\channels\consumer.py", line 58, in __call__
    await await_many_dispatch(
  File "D:\testplatformservice\testplatform\venv\Lib\site-packages\channels\utils.py", line 57, in await_many_dispatch
    await task
redis.exceptions.ResponseError: unknown command 'BZPOPMIN'
[2026-07-06 11:16:48] ERROR [daphne.server:303] Exception inside application: unknown command 'BZPOPMIN'
Traceback (most recent call last):
  File "D:\testplatformservice\testplatform\venv\Lib\site-packages\channels\routing.py", line 48, in __call__
    return await application(scope, receive, send)
           ^^^^^^^^^^^^^^^^^^^^^^^^^^^^^^^^^^^^^^^
  File "D:\testplatformservice\testplatform\commons\ws\auth.py", line 28, in __call__
    return await super().__call__(scope, receive, send)
           ^^^^^^^^^^^^^^^^^^^^^^^^^^^^^^^^^^^^^^^^^^^^
  File "D:\testplatformservice\testplatform\venv\Lib\site-packages\channels\middleware.py", line 24, in __call__
    return await self.inner(scope, receive, send)
           ^^^^^^^^^^^^^^^^^^^^^^^^^^^^^^^^^^^^^^
  File "D:\testplatformservice\testplatform\venv\Lib\site-packages\channels\routing.py", line 118, in __call__
    return await application(
           ^^^^^^^^^^^^^^^^^^
  File "D:\testplatformservice\testplatform\venv\Lib\site-packages\channels\consumer.py", line 95, in app
    return await consumer(scope, receive, send)
           ^^^^^^^^^^^^^^^^^^^^^^^^^^^^^^^^^^^^
  File "D:\testplatformservice\testplatform\venv\Lib\site-packages\channels\consumer.py", line 58, in __call__
    await await_many_dispatch(
  File "D:\testplatformservice\testplatform\venv\Lib\site-packages\channels\utils.py", line 57, in await_many_dispatch
    await task
redis.exceptions.ResponseError: unknown command 'BZPOPMIN'
[2026-07-06 11:16:52] ERROR [daphne.server:303] Exception inside application: unknown command 'BZPOPMIN'
Traceback (most recent call last):
  File "D:\testplatformservice\testplatform\venv\Lib\site-packages\channels\routing.py", line 48, in __call__
    return await application(scope, receive, send)
           ^^^^^^^^^^^^^^^^^^^^^^^^^^^^^^^^^^^^^^^
  File "D:\testplatformservice\testplatform\commons\ws\auth.py", line 28, in __call__
    return await super().__call__(scope, receive, send)
           ^^^^^^^^^^^^^^^^^^^^^^^^^^^^^^^^^^^^^^^^^^^^
  File "D:\testplatformservice\testplatform\venv\Lib\site-packages\channels\middleware.py", line 24, in __call__
    return await self.inner(scope, receive, send)
           ^^^^^^^^^^^^^^^^^^^^^^^^^^^^^^^^^^^^^^
  File "D:\testplatformservice\testplatform\venv\Lib\site-packages\channels\routing.py", line 118, in __call__
    return await application(
           ^^^^^^^^^^^^^^^^^^
  File "D:\testplatformservice\testplatform\venv\Lib\site-packages\channels\consumer.py", line 95, in app
    return await consumer(scope, receive, send)
           ^^^^^^^^^^^^^^^^^^^^^^^^^^^^^^^^^^^^
  File "D:\testplatformservice\testplatform\venv\Lib\site-packages\channels\consumer.py", line 58, in __call__
    await await_many_dispatch(
  File "D:\testplatformservice\testplatform\venv\Lib\site-packages\channels\utils.py", line 57, in await_many_dispatch
    await task
redis.exceptions.ResponseError: unknown command 'BZPOPMIN'
[2026-07-06 11:16:56] ERROR [daphne.server:303] Exception inside application: unknown command 'BZPOPMIN'
Traceback (most recent call last):
  File "D:\testplatformservice\testplatform\venv\Lib\site-packages\channels\routing.py", line 48, in __call__
    return await application(scope, receive, send)
           ^^^^^^^^^^^^^^^^^^^^^^^^^^^^^^^^^^^^^^^
  File "D:\testplatformservice\testplatform\commons\ws\auth.py", line 28, in __call__
    return await super().__call__(scope, receive, send)
           ^^^^^^^^^^^^^^^^^^^^^^^^^^^^^^^^^^^^^^^^^^^^
  File "D:\testplatformservice\testplatform\venv\Lib\site-packages\channels\middleware.py", line 24, in __call__
    return await self.inner(scope, receive, send)
           ^^^^^^^^^^^^^^^^^^^^^^^^^^^^^^^^^^^^^^
  File "D:\testplatformservice\testplatform\venv\Lib\site-packages\channels\routing.py", line 118, in __call__
    return await application(
           ^^^^^^^^^^^^^^^^^^
  File "D:\testplatformservice\testplatform\venv\Lib\site-packages\channels\consumer.py", line 95, in app
    return await consumer(scope, receive, send)
           ^^^^^^^^^^^^^^^^^^^^^^^^^^^^^^^^^^^^
  File "D:\testplatformservice\testplatform\venv\Lib\site-packages\channels\consumer.py", line 58, in __call__
    await await_many_dispatch(
  File "D:\testplatformservice\testplatform\venv\Lib\site-packages\channels\utils.py", line 57, in await_many_dispatch
    await task
redis.exceptions.ResponseError: unknown command 'BZPOPMIN'
[2026-07-06 11:17:00] ERROR [daphne.server:303] Exception inside application: unknown command 'BZPOPMIN'
Traceback (most recent call last):
  File "D:\testplatformservice\testplatform\venv\Lib\site-packages\channels\routing.py", line 48, in __call__
    return await application(scope, receive, send)
           ^^^^^^^^^^^^^^^^^^^^^^^^^^^^^^^^^^^^^^^
  File "D:\testplatformservice\testplatform\commons\ws\auth.py", line 28, in __call__
    return await super().__call__(scope, receive, send)
           ^^^^^^^^^^^^^^^^^^^^^^^^^^^^^^^^^^^^^^^^^^^^
  File "D:\testplatformservice\testplatform\venv\Lib\site-packages\channels\middleware.py", line 24, in __call__
    return await self.inner(scope, receive, send)
           ^^^^^^^^^^^^^^^^^^^^^^^^^^^^^^^^^^^^^^
  File "D:\testplatformservice\testplatform\venv\Lib\site-packages\channels\routing.py", line 118, in __call__
    return await application(
           ^^^^^^^^^^^^^^^^^^
  File "D:\testplatformservice\testplatform\venv\Lib\site-packages\channels\consumer.py", line 95, in app
    return await consumer(scope, receive, send)
           ^^^^^^^^^^^^^^^^^^^^^^^^^^^^^^^^^^^^
  File "D:\testplatformservice\testplatform\venv\Lib\site-packages\channels\consumer.py", line 58, in __call__
    await await_many_dispatch(
  File "D:\testplatformservice\testplatform\venv\Lib\site-packages\channels\utils.py", line 57, in await_many_dispatch
    await task
redis.exceptions.ResponseError: unknown command 'BZPOPMIN'
[2026-07-06 11:17:04] ERROR [daphne.server:303] Exception inside application: unknown command 'BZPOPMIN'
Traceback (most recent call last):
  File "D:\testplatformservice\testplatform\venv\Lib\site-packages\channels\routing.py", line 48, in __call__
    return await application(scope, receive, send)
           ^^^^^^^^^^^^^^^^^^^^^^^^^^^^^^^^^^^^^^^
  File "D:\testplatformservice\testplatform\commons\ws\auth.py", line 28, in __call__
    return await super().__call__(scope, receive, send)
           ^^^^^^^^^^^^^^^^^^^^^^^^^^^^^^^^^^^^^^^^^^^^
  File "D:\testplatformservice\testplatform\venv\Lib\site-packages\channels\middleware.py", line 24, in __call__
    return await self.inner(scope, receive, send)
           ^^^^^^^^^^^^^^^^^^^^^^^^^^^^^^^^^^^^^^
  File "D:\testplatformservice\testplatform\venv\Lib\site-packages\channels\routing.py", line 118, in __call__
    return await application(
           ^^^^^^^^^^^^^^^^^^
  File "D:\testplatformservice\testplatform\venv\Lib\site-packages\channels\consumer.py", line 95, in app
    return await consumer(scope, receive, send)
           ^^^^^^^^^^^^^^^^^^^^^^^^^^^^^^^^^^^^
  File "D:\testplatformservice\testplatform\venv\Lib\site-packages\channels\consumer.py", line 58, in __call__
    await await_many_dispatch(
  File "D:\testplatformservice\testplatform\venv\Lib\site-packages\channels\utils.py", line 57, in await_many_dispatch
    await task
redis.exceptions.ResponseError: unknown command 'BZPOPMIN'
[2026-07-06 11:17:08] ERROR [daphne.server:303] Exception inside application: unknown command 'BZPOPMIN'
Traceback (most recent call last):
  File "D:\testplatformservice\testplatform\venv\Lib\site-packages\channels\routing.py", line 48, in __call__
    return await application(scope, receive, send)
           ^^^^^^^^^^^^^^^^^^^^^^^^^^^^^^^^^^^^^^^
  File "D:\testplatformservice\testplatform\commons\ws\auth.py", line 28, in __call__
    return await super().__call__(scope, receive, send)
           ^^^^^^^^^^^^^^^^^^^^^^^^^^^^^^^^^^^^^^^^^^^^
  File "D:\testplatformservice\testplatform\venv\Lib\site-packages\channels\middleware.py", line 24, in __call__
    return await self.inner(scope, receive, send)
           ^^^^^^^^^^^^^^^^^^^^^^^^^^^^^^^^^^^^^^
  File "D:\testplatformservice\testplatform\venv\Lib\site-packages\channels\routing.py", line 118, in __call__
    return await application(
           ^^^^^^^^^^^^^^^^^^
  File "D:\testplatformservice\testplatform\venv\Lib\site-packages\channels\consumer.py", line 95, in app
    return await consumer(scope, receive, send)
           ^^^^^^^^^^^^^^^^^^^^^^^^^^^^^^^^^^^^
  File "D:\testplatformservice\testplatform\venv\Lib\site-packages\channels\consumer.py", line 58, in __call__
    await await_many_dispatch(
  File "D:\testplatformservice\testplatform\venv\Lib\site-packages\channels\utils.py", line 57, in await_many_dispatch
    await task
redis.exceptions.ResponseError: unknown command 'BZPOPMIN'
[2026-07-06 11:17:12] ERROR [daphne.server:303] Exception inside application: unknown command 'BZPOPMIN'
Traceback (most recent call last):
  File "D:\testplatformservice\testplatform\venv\Lib\site-packages\channels\routing.py", line 48, in __call__
    return await application(scope, receive, send)
           ^^^^^^^^^^^^^^^^^^^^^^^^^^^^^^^^^^^^^^^
  File "D:\testplatformservice\testplatform\commons\ws\auth.py", line 28, in __call__
    return await super().__call__(scope, receive, send)
           ^^^^^^^^^^^^^^^^^^^^^^^^^^^^^^^^^^^^^^^^^^^^
  File "D:\testplatformservice\testplatform\venv\Lib\site-packages\channels\middleware.py", line 24, in __call__
    return await self.inner(scope, receive, send)
           ^^^^^^^^^^^^^^^^^^^^^^^^^^^^^^^^^^^^^^
  File "D:\testplatformservice\testplatform\venv\Lib\site-packages\channels\routing.py", line 118, in __call__
    return await application(
           ^^^^^^^^^^^^^^^^^^
  File "D:\testplatformservice\testplatform\venv\Lib\site-packages\channels\consumer.py", line 95, in app
    return await consumer(scope, receive, send)
           ^^^^^^^^^^^^^^^^^^^^^^^^^^^^^^^^^^^^
  File "D:\testplatformservice\testplatform\venv\Lib\site-packages\channels\consumer.py", line 58, in __call__
    await await_many_dispatch(
  File "D:\testplatformservice\testplatform\venv\Lib\site-packages\channels\utils.py", line 57, in await_many_dispatch
    await task
redis.exceptions.ResponseError: unknown command 'BZPOPMIN'
[2026-07-06 11:17:16] ERROR [daphne.server:303] Exception inside application: unknown command 'BZPOPMIN'
Traceback (most recent call last):
  File "D:\testplatformservice\testplatform\venv\Lib\site-packages\channels\routing.py", line 48, in __call__
    return await application(scope, receive, send)
           ^^^^^^^^^^^^^^^^^^^^^^^^^^^^^^^^^^^^^^^
  File "D:\testplatformservice\testplatform\commons\ws\auth.py", line 28, in __call__
    return await super().__call__(scope, receive, send)
           ^^^^^^^^^^^^^^^^^^^^^^^^^^^^^^^^^^^^^^^^^^^^
  File "D:\testplatformservice\testplatform\venv\Lib\site-packages\channels\middleware.py", line 24, in __call__
    return await self.inner(scope, receive, send)
           ^^^^^^^^^^^^^^^^^^^^^^^^^^^^^^^^^^^^^^
  File "D:\testplatformservice\testplatform\venv\Lib\site-packages\channels\routing.py", line 118, in __call__
    return await application(
           ^^^^^^^^^^^^^^^^^^
  File "D:\testplatformservice\testplatform\venv\Lib\site-packages\channels\consumer.py", line 95, in app
    return await consumer(scope, receive, send)
           ^^^^^^^^^^^^^^^^^^^^^^^^^^^^^^^^^^^^
  File "D:\testplatformservice\testplatform\venv\Lib\site-packages\channels\consumer.py", line 58, in __call__
    await await_many_dispatch(
  File "D:\testplatformservice\testplatform\venv\Lib\site-packages\channels\utils.py", line 57, in await_many_dispatch
    await task
redis.exceptions.ResponseError: unknown command 'BZPOPMIN'
[2026-07-06 13:59:46] INFO [config.asgi:20] WS routes: [<URLPattern 'ws/user/<str:user_id>/'>, <URLPattern 'ws/task/<str:task_id>/'>]
[2026-07-06 13:59:46] INFO [daphne.cli:284] Starting server at tcp:port=8000:interface=0.0.0.0
[2026-07-06 13:59:46] INFO [daphne.server:126] HTTP/2 support not enabled (install the http2 and tls Twisted extras)
[2026-07-06 13:59:46] INFO [daphne.server:135] Configuring endpoint tcp:port=8000:interface=0.0.0.0
[2026-07-06 13:59:46] INFO [daphne.server:166] Listening on TCP address 0.0.0.0:8000
[2026-07-06 13:59:50] ERROR [daphne.server:303] Exception inside application: Error 10061 connecting to 127.0.0.1:6379. Connect call failed ('127.0.0.1', 6379).
Traceback (most recent call last):
  File "D:\testplatformservice\testplatform\venv\Lib\site-packages\redis\asyncio\connection.py", line 371, in connect_check_health
    await self._connect()
  File "D:\testplatformservice\testplatform\venv\Lib\site-packages\redis\asyncio\connection.py", line 895, in _connect
    reader, writer = await asyncio.open_connection(
                     ^^^^^^^^^^^^^^^^^^^^^^^^^^^^^^
  File "D:\Users\sw.fan\AppData\Local\Programs\Python\Python312\Lib\asyncio\streams.py", line 48, in open_connection
    transport, _ = await loop.create_connection(
                   ^^^^^^^^^^^^^^^^^^^^^^^^^^^^^
  File "D:\Users\sw.fan\AppData\Local\Programs\Python\Python312\Lib\asyncio\base_events.py", line 1120, in create_connection
    raise exceptions[0]
  File "D:\Users\sw.fan\AppData\Local\Programs\Python\Python312\Lib\asyncio\base_events.py", line 1102, in create_connection
    sock = await self._connect_sock(
           ^^^^^^^^^^^^^^^^^^^^^^^^^
  File "D:\Users\sw.fan\AppData\Local\Programs\Python\Python312\Lib\asyncio\base_events.py", line 1005, in _connect_sock
    await self.sock_connect(sock, address)
  File "D:\Users\sw.fan\AppData\Local\Programs\Python\Python312\Lib\asyncio\selector_events.py", line 651, in sock_connect
    return await fut
           ^^^^^^^^^
  File "D:\Users\sw.fan\AppData\Local\Programs\Python\Python312\Lib\asyncio\selector_events.py", line 691, in _sock_connect_cb
    raise OSError(err, f'Connect call failed {address}')
ConnectionRefusedError: [Errno 10061] Connect call failed ('127.0.0.1', 6379)

During handling of the above exception, another exception occurred:

Traceback (most recent call last):
  File "D:\testplatformservice\testplatform\venv\Lib\site-packages\channels\utils.py", line 50, in await_many_dispatch
    await dispatch(result)
  File "D:\testplatformservice\testplatform\venv\Lib\site-packages\channels\consumer.py", line 74, in dispatch
    await handler(message)
  File "D:\testplatformservice\testplatform\venv\Lib\site-packages\channels\generic\websocket.py", line 180, in websocket_connect
    await self.connect()
  File "D:\testplatformservice\testplatform\apps\celery_task\consumers.py", line 31, in connect
    await self.channel_layer.group_add(self.group_name, self.channel_name)
  File "D:\testplatformservice\testplatform\venv\Lib\site-packages\channels_redis\core.py", line 493, in group_add
    await connection.zadd(group_key, {channel: time.time()})
  File "D:\testplatformservice\testplatform\venv\Lib\site-packages\redis\asyncio\client.py", line 764, in execute_command
    conn = self.connection or await pool.get_connection()
                              ^^^^^^^^^^^^^^^^^^^^^^^^^^^
  File "D:\testplatformservice\testplatform\venv\Lib\site-packages\redis\utils.py", line 227, in async_wrapper
    return await func(*args, **kwargs)
           ^^^^^^^^^^^^^^^^^^^^^^^^^^^
  File "D:\testplatformservice\testplatform\venv\Lib\site-packages\redis\asyncio\connection.py", line 1448, in get_connection
    await self.ensure_connection(connection)
  File "D:\testplatformservice\testplatform\venv\Lib\site-packages\redis\asyncio\connection.py", line 1489, in ensure_connection
    await connection.connect()
  File "D:\testplatformservice\testplatform\venv\Lib\site-packages\redis\asyncio\connection.py", line 340, in connect
    await self.retry.call_with_retry(
  File "D:\testplatformservice\testplatform\venv\Lib\site-packages\redis\asyncio\retry.py", line 81, in call_with_retry
    raise error
  File "D:\testplatformservice\testplatform\venv\Lib\site-packages\redis\asyncio\retry.py", line 69, in call_with_retry
    return await do()
           ^^^^^^^^^^
  File "D:\testplatformservice\testplatform\venv\Lib\site-packages\redis\asyncio\connection.py", line 397, in connect_check_health
    raise e
redis.exceptions.ConnectionError: Error 10061 connecting to 127.0.0.1:6379. Connect call failed ('127.0.0.1', 6379).

During handling of the above exception, another exception occurred:

Traceback (most recent call last):
  File "D:\testplatformservice\testplatform\venv\Lib\site-packages\channels\routing.py", line 48, in __call__
    return await application(scope, receive, send)
           ^^^^^^^^^^^^^^^^^^^^^^^^^^^^^^^^^^^^^^^
  File "D:\testplatformservice\testplatform\commons\ws\auth.py", line 28, in __call__
    return await super().__call__(scope, receive, send)
           ^^^^^^^^^^^^^^^^^^^^^^^^^^^^^^^^^^^^^^^^^^^^
  File "D:\testplatformservice\testplatform\venv\Lib\site-packages\channels\middleware.py", line 24, in __call__
    return await self.inner(scope, receive, send)
           ^^^^^^^^^^^^^^^^^^^^^^^^^^^^^^^^^^^^^^
  File "D:\testplatformservice\testplatform\venv\Lib\site-packages\channels\routing.py", line 118, in __call__
    return await application(
           ^^^^^^^^^^^^^^^^^^
  File "D:\testplatformservice\testplatform\venv\Lib\site-packages\channels\consumer.py", line 95, in app
    return await consumer(scope, receive, send)
           ^^^^^^^^^^^^^^^^^^^^^^^^^^^^^^^^^^^^
  File "D:\testplatformservice\testplatform\venv\Lib\site-packages\channels\consumer.py", line 58, in __call__
    await await_many_dispatch(
  File "D:\testplatformservice\testplatform\venv\Lib\site-packages\channels\utils.py", line 57, in await_many_dispatch
    await task
  File "D:\testplatformservice\testplatform\venv\Lib\site-packages\channels_redis\core.py", line 340, in receive
    message_channel, message = await self.receive_single(
                               ^^^^^^^^^^^^^^^^^^^^^^^^^^
  File "D:\testplatformservice\testplatform\venv\Lib\site-packages\channels_redis\core.py", line 397, in receive_single
    content = await self._brpop_with_clean(
              ^^^^^^^^^^^^^^^^^^^^^^^^^^^^^
  File "D:\testplatformservice\testplatform\venv\Lib\site-packages\channels_redis\core.py", line 231, in _brpop_with_clean
    await connection.eval(cleanup_script, 0, channel, backup_queue)
  File "D:\testplatformservice\testplatform\venv\Lib\site-packages\redis\asyncio\client.py", line 764, in execute_command
    conn = self.connection or await pool.get_connection()
                              ^^^^^^^^^^^^^^^^^^^^^^^^^^^
  File "D:\testplatformservice\testplatform\venv\Lib\site-packages\redis\utils.py", line 227, in async_wrapper
    return await func(*args, **kwargs)
           ^^^^^^^^^^^^^^^^^^^^^^^^^^^
  File "D:\testplatformservice\testplatform\venv\Lib\site-packages\redis\asyncio\connection.py", line 1448, in get_connection
    await self.ensure_connection(connection)
  File "D:\testplatformservice\testplatform\venv\Lib\site-packages\redis\asyncio\connection.py", line 1489, in ensure_connection
    await connection.connect()
  File "D:\testplatformservice\testplatform\venv\Lib\site-packages\redis\asyncio\connection.py", line 340, in connect
    await self.retry.call_with_retry(
  File "D:\testplatformservice\testplatform\venv\Lib\site-packages\redis\asyncio\retry.py", line 81, in call_with_retry
    raise error
  File "D:\testplatformservice\testplatform\venv\Lib\site-packages\redis\asyncio\retry.py", line 69, in call_with_retry
    return await do()
           ^^^^^^^^^^
  File "D:\testplatformservice\testplatform\venv\Lib\site-packages\redis\asyncio\connection.py", line 397, in connect_check_health
    raise e
redis.exceptions.ConnectionError: Error 10061 connecting to 127.0.0.1:6379. Connect call failed ('127.0.0.1', 6379).
[2026-07-06 13:59:56] ERROR [daphne.server:303] Exception inside application: Error 10061 connecting to 127.0.0.1:6379. Connect call failed ('127.0.0.1', 6379).
Traceback (most recent call last):
  File "D:\testplatformservice\testplatform\venv\Lib\site-packages\redis\asyncio\connection.py", line 371, in connect_check_health
    await self._connect()
  File "D:\testplatformservice\testplatform\venv\Lib\site-packages\redis\asyncio\connection.py", line 895, in _connect
    reader, writer = await asyncio.open_connection(
                     ^^^^^^^^^^^^^^^^^^^^^^^^^^^^^^
  File "D:\Users\sw.fan\AppData\Local\Programs\Python\Python312\Lib\asyncio\streams.py", line 48, in open_connection
    transport, _ = await loop.create_connection(
                   ^^^^^^^^^^^^^^^^^^^^^^^^^^^^^
  File "D:\Users\sw.fan\AppData\Local\Programs\Python\Python312\Lib\asyncio\base_events.py", line 1120, in create_connection
    raise exceptions[0]
  File "D:\Users\sw.fan\AppData\Local\Programs\Python\Python312\Lib\asyncio\base_events.py", line 1102, in create_connection
    sock = await self._connect_sock(
           ^^^^^^^^^^^^^^^^^^^^^^^^^
  File "D:\Users\sw.fan\AppData\Local\Programs\Python\Python312\Lib\asyncio\base_events.py", line 1005, in _connect_sock
    await self.sock_connect(sock, address)
  File "D:\Users\sw.fan\AppData\Local\Programs\Python\Python312\Lib\asyncio\selector_events.py", line 651, in sock_connect
    return await fut
           ^^^^^^^^^
  File "D:\Users\sw.fan\AppData\Local\Programs\Python\Python312\Lib\asyncio\selector_events.py", line 691, in _sock_connect_cb
    raise OSError(err, f'Connect call failed {address}')
ConnectionRefusedError: [Errno 10061] Connect call failed ('127.0.0.1', 6379)

During handling of the above exception, another exception occurred:

Traceback (most recent call last):
  File "D:\testplatformservice\testplatform\venv\Lib\site-packages\channels\routing.py", line 48, in __call__
    return await application(scope, receive, send)
           ^^^^^^^^^^^^^^^^^^^^^^^^^^^^^^^^^^^^^^^
  File "D:\testplatformservice\testplatform\commons\ws\auth.py", line 28, in __call__
    return await super().__call__(scope, receive, send)
           ^^^^^^^^^^^^^^^^^^^^^^^^^^^^^^^^^^^^^^^^^^^^
  File "D:\testplatformservice\testplatform\venv\Lib\site-packages\channels\middleware.py", line 24, in __call__
    return await self.inner(scope, receive, send)
           ^^^^^^^^^^^^^^^^^^^^^^^^^^^^^^^^^^^^^^
  File "D:\testplatformservice\testplatform\venv\Lib\site-packages\channels\routing.py", line 118, in __call__
    return await application(
           ^^^^^^^^^^^^^^^^^^
  File "D:\testplatformservice\testplatform\venv\Lib\site-packages\channels\consumer.py", line 95, in app
    return await consumer(scope, receive, send)
           ^^^^^^^^^^^^^^^^^^^^^^^^^^^^^^^^^^^^
  File "D:\testplatformservice\testplatform\venv\Lib\site-packages\channels\consumer.py", line 58, in __call__
    await await_many_dispatch(
  File "D:\testplatformservice\testplatform\venv\Lib\site-packages\channels\utils.py", line 50, in await_many_dispatch
    await dispatch(result)
  File "D:\testplatformservice\testplatform\venv\Lib\site-packages\channels\consumer.py", line 74, in dispatch
    await handler(message)
  File "D:\testplatformservice\testplatform\venv\Lib\site-packages\channels\generic\websocket.py", line 180, in websocket_connect
    await self.connect()
  File "D:\testplatformservice\testplatform\apps\celery_task\consumers.py", line 31, in connect
    await self.channel_layer.group_add(self.group_name, self.channel_name)
  File "D:\testplatformservice\testplatform\venv\Lib\site-packages\channels_redis\core.py", line 493, in group_add
    await connection.zadd(group_key, {channel: time.time()})
  File "D:\testplatformservice\testplatform\venv\Lib\site-packages\redis\asyncio\client.py", line 764, in execute_command
    conn = self.connection or await pool.get_connection()
                              ^^^^^^^^^^^^^^^^^^^^^^^^^^^
  File "D:\testplatformservice\testplatform\venv\Lib\site-packages\redis\utils.py", line 227, in async_wrapper
    return await func(*args, **kwargs)
           ^^^^^^^^^^^^^^^^^^^^^^^^^^^
  File "D:\testplatformservice\testplatform\venv\Lib\site-packages\redis\asyncio\connection.py", line 1448, in get_connection
    await self.ensure_connection(connection)
  File "D:\testplatformservice\testplatform\venv\Lib\site-packages\redis\asyncio\connection.py", line 1489, in ensure_connection
    await connection.connect()
  File "D:\testplatformservice\testplatform\venv\Lib\site-packages\redis\asyncio\connection.py", line 340, in connect
    await self.retry.call_with_retry(
  File "D:\testplatformservice\testplatform\venv\Lib\site-packages\redis\asyncio\retry.py", line 81, in call_with_retry
    raise error
  File "D:\testplatformservice\testplatform\venv\Lib\site-packages\redis\asyncio\retry.py", line 69, in call_with_retry
    return await do()
           ^^^^^^^^^^
  File "D:\testplatformservice\testplatform\venv\Lib\site-packages\redis\asyncio\connection.py", line 397, in connect_check_health
    raise e
redis.exceptions.ConnectionError: Error 10061 connecting to 127.0.0.1:6379. Connect call failed ('127.0.0.1', 6379).
[2026-07-06 14:00:03] ERROR [daphne.server:303] Exception inside application: Error 10061 connecting to 127.0.0.1:6379. Connect call failed ('127.0.0.1', 6379).
Traceback (most recent call last):
  File "D:\testplatformservice\testplatform\venv\Lib\site-packages\redis\asyncio\connection.py", line 371, in connect_check_health
    await self._connect()
  File "D:\testplatformservice\testplatform\venv\Lib\site-packages\redis\asyncio\connection.py", line 895, in _connect
    reader, writer = await asyncio.open_connection(
                     ^^^^^^^^^^^^^^^^^^^^^^^^^^^^^^
  File "D:\Users\sw.fan\AppData\Local\Programs\Python\Python312\Lib\asyncio\streams.py", line 48, in open_connection
    transport, _ = await loop.create_connection(
                   ^^^^^^^^^^^^^^^^^^^^^^^^^^^^^
  File "D:\Users\sw.fan\AppData\Local\Programs\Python\Python312\Lib\asyncio\base_events.py", line 1120, in create_connection
    raise exceptions[0]
  File "D:\Users\sw.fan\AppData\Local\Programs\Python\Python312\Lib\asyncio\base_events.py", line 1102, in create_connection
    sock = await self._connect_sock(
           ^^^^^^^^^^^^^^^^^^^^^^^^^
  File "D:\Users\sw.fan\AppData\Local\Programs\Python\Python312\Lib\asyncio\base_events.py", line 1005, in _connect_sock
    await self.sock_connect(sock, address)
  File "D:\Users\sw.fan\AppData\Local\Programs\Python\Python312\Lib\asyncio\selector_events.py", line 651, in sock_connect
    return await fut
           ^^^^^^^^^
  File "D:\Users\sw.fan\AppData\Local\Programs\Python\Python312\Lib\asyncio\selector_events.py", line 691, in _sock_connect_cb
    raise OSError(err, f'Connect call failed {address}')
ConnectionRefusedError: [Errno 10061] Connect call failed ('127.0.0.1', 6379)

During handling of the above exception, another exception occurred:

Traceback (most recent call last):
  File "D:\testplatformservice\testplatform\venv\Lib\site-packages\channels\utils.py", line 50, in await_many_dispatch
    await dispatch(result)
  File "D:\testplatformservice\testplatform\venv\Lib\site-packages\channels\consumer.py", line 74, in dispatch
    await handler(message)
  File "D:\testplatformservice\testplatform\venv\Lib\site-packages\channels\generic\websocket.py", line 180, in websocket_connect
    await self.connect()
  File "D:\testplatformservice\testplatform\apps\celery_task\consumers.py", line 31, in connect
    await self.channel_layer.group_add(self.group_name, self.channel_name)
  File "D:\testplatformservice\testplatform\venv\Lib\site-packages\channels_redis\core.py", line 493, in group_add
    await connection.zadd(group_key, {channel: time.time()})
  File "D:\testplatformservice\testplatform\venv\Lib\site-packages\redis\asyncio\client.py", line 764, in execute_command
    conn = self.connection or await pool.get_connection()
                              ^^^^^^^^^^^^^^^^^^^^^^^^^^^
  File "D:\testplatformservice\testplatform\venv\Lib\site-packages\redis\utils.py", line 227, in async_wrapper
    return await func(*args, **kwargs)
           ^^^^^^^^^^^^^^^^^^^^^^^^^^^
  File "D:\testplatformservice\testplatform\venv\Lib\site-packages\redis\asyncio\connection.py", line 1448, in get_connection
    await self.ensure_connection(connection)
  File "D:\testplatformservice\testplatform\venv\Lib\site-packages\redis\asyncio\connection.py", line 1489, in ensure_connection
    await connection.connect()
  File "D:\testplatformservice\testplatform\venv\Lib\site-packages\redis\asyncio\connection.py", line 340, in connect
    await self.retry.call_with_retry(
  File "D:\testplatformservice\testplatform\venv\Lib\site-packages\redis\asyncio\retry.py", line 81, in call_with_retry
    raise error
  File "D:\testplatformservice\testplatform\venv\Lib\site-packages\redis\asyncio\retry.py", line 69, in call_with_retry
    return await do()
           ^^^^^^^^^^
  File "D:\testplatformservice\testplatform\venv\Lib\site-packages\redis\asyncio\connection.py", line 397, in connect_check_health
    raise e
redis.exceptions.ConnectionError: Error 10061 connecting to 127.0.0.1:6379. Connect call failed ('127.0.0.1', 6379).

During handling of the above exception, another exception occurred:

Traceback (most recent call last):
  File "D:\testplatformservice\testplatform\venv\Lib\site-packages\channels\routing.py", line 48, in __call__
    return await application(scope, receive, send)
           ^^^^^^^^^^^^^^^^^^^^^^^^^^^^^^^^^^^^^^^
  File "D:\testplatformservice\testplatform\commons\ws\auth.py", line 28, in __call__
    return await super().__call__(scope, receive, send)
           ^^^^^^^^^^^^^^^^^^^^^^^^^^^^^^^^^^^^^^^^^^^^
  File "D:\testplatformservice\testplatform\venv\Lib\site-packages\channels\middleware.py", line 24, in __call__
    return await self.inner(scope, receive, send)
           ^^^^^^^^^^^^^^^^^^^^^^^^^^^^^^^^^^^^^^
  File "D:\testplatformservice\testplatform\venv\Lib\site-packages\channels\routing.py", line 118, in __call__
    return await application(
           ^^^^^^^^^^^^^^^^^^
  File "D:\testplatformservice\testplatform\venv\Lib\site-packages\channels\consumer.py", line 95, in app
    return await consumer(scope, receive, send)
           ^^^^^^^^^^^^^^^^^^^^^^^^^^^^^^^^^^^^
  File "D:\testplatformservice\testplatform\venv\Lib\site-packages\channels\consumer.py", line 58, in __call__
    await await_many_dispatch(
  File "D:\testplatformservice\testplatform\venv\Lib\site-packages\channels\utils.py", line 57, in await_many_dispatch
    await task
  File "D:\testplatformservice\testplatform\venv\Lib\site-packages\channels_redis\core.py", line 340, in receive
    message_channel, message = await self.receive_single(
                               ^^^^^^^^^^^^^^^^^^^^^^^^^^
  File "D:\testplatformservice\testplatform\venv\Lib\site-packages\channels_redis\core.py", line 397, in receive_single
    content = await self._brpop_with_clean(
              ^^^^^^^^^^^^^^^^^^^^^^^^^^^^^
  File "D:\testplatformservice\testplatform\venv\Lib\site-packages\channels_redis\core.py", line 231, in _brpop_with_clean
    await connection.eval(cleanup_script, 0, channel, backup_queue)
  File "D:\testplatformservice\testplatform\venv\Lib\site-packages\redis\asyncio\client.py", line 764, in execute_command
    conn = self.connection or await pool.get_connection()
                              ^^^^^^^^^^^^^^^^^^^^^^^^^^^
  File "D:\testplatformservice\testplatform\venv\Lib\site-packages\redis\utils.py", line 227, in async_wrapper
    return await func(*args, **kwargs)
           ^^^^^^^^^^^^^^^^^^^^^^^^^^^
  File "D:\testplatformservice\testplatform\venv\Lib\site-packages\redis\asyncio\connection.py", line 1448, in get_connection
    await self.ensure_connection(connection)
  File "D:\testplatformservice\testplatform\venv\Lib\site-packages\redis\asyncio\connection.py", line 1489, in ensure_connection
    await connection.connect()
  File "D:\testplatformservice\testplatform\venv\Lib\site-packages\redis\asyncio\connection.py", line 340, in connect
    await self.retry.call_with_retry(
  File "D:\testplatformservice\testplatform\venv\Lib\site-packages\redis\asyncio\retry.py", line 81, in call_with_retry
    raise error
  File "D:\testplatformservice\testplatform\venv\Lib\site-packages\redis\asyncio\retry.py", line 69, in call_with_retry
    return await do()
           ^^^^^^^^^^
  File "D:\testplatformservice\testplatform\venv\Lib\site-packages\redis\asyncio\connection.py", line 397, in connect_check_health
    raise e
redis.exceptions.ConnectionError: Error 10061 connecting to 127.0.0.1:6379. Connect call failed ('127.0.0.1', 6379).
[2026-07-06 14:00:09] ERROR [daphne.server:303] Exception inside application: Error 10061 connecting to 127.0.0.1:6379. Connect call failed ('127.0.0.1', 6379).
Traceback (most recent call last):
  File "D:\testplatformservice\testplatform\venv\Lib\site-packages\redis\asyncio\connection.py", line 371, in connect_check_health
    await self._connect()
  File "D:\testplatformservice\testplatform\venv\Lib\site-packages\redis\asyncio\connection.py", line 895, in _connect
    reader, writer = await asyncio.open_connection(
                     ^^^^^^^^^^^^^^^^^^^^^^^^^^^^^^
  File "D:\Users\sw.fan\AppData\Local\Programs\Python\Python312\Lib\asyncio\streams.py", line 48, in open_connection
    transport, _ = await loop.create_connection(
                   ^^^^^^^^^^^^^^^^^^^^^^^^^^^^^
  File "D:\Users\sw.fan\AppData\Local\Programs\Python\Python312\Lib\asyncio\base_events.py", line 1120, in create_connection
    raise exceptions[0]
  File "D:\Users\sw.fan\AppData\Local\Programs\Python\Python312\Lib\asyncio\base_events.py", line 1102, in create_connection
    sock = await self._connect_sock(
           ^^^^^^^^^^^^^^^^^^^^^^^^^
  File "D:\Users\sw.fan\AppData\Local\Programs\Python\Python312\Lib\asyncio\base_events.py", line 1005, in _connect_sock
    await self.sock_connect(sock, address)
  File "D:\Users\sw.fan\AppData\Local\Programs\Python\Python312\Lib\asyncio\selector_events.py", line 651, in sock_connect
    return await fut
           ^^^^^^^^^
  File "D:\Users\sw.fan\AppData\Local\Programs\Python\Python312\Lib\asyncio\selector_events.py", line 691, in _sock_connect_cb
    raise OSError(err, f'Connect call failed {address}')
ConnectionRefusedError: [Errno 10061] Connect call failed ('127.0.0.1', 6379)

During handling of the above exception, another exception occurred:

Traceback (most recent call last):
  File "D:\testplatformservice\testplatform\venv\Lib\site-packages\channels\routing.py", line 48, in __call__
    return await application(scope, receive, send)
           ^^^^^^^^^^^^^^^^^^^^^^^^^^^^^^^^^^^^^^^
  File "D:\testplatformservice\testplatform\commons\ws\auth.py", line 28, in __call__
    return await super().__call__(scope, receive, send)
           ^^^^^^^^^^^^^^^^^^^^^^^^^^^^^^^^^^^^^^^^^^^^
  File "D:\testplatformservice\testplatform\venv\Lib\site-packages\channels\middleware.py", line 24, in __call__
    return await self.inner(scope, receive, send)
           ^^^^^^^^^^^^^^^^^^^^^^^^^^^^^^^^^^^^^^
  File "D:\testplatformservice\testplatform\venv\Lib\site-packages\channels\routing.py", line 118, in __call__
    return await application(
           ^^^^^^^^^^^^^^^^^^
  File "D:\testplatformservice\testplatform\venv\Lib\site-packages\channels\consumer.py", line 95, in app
    return await consumer(scope, receive, send)
           ^^^^^^^^^^^^^^^^^^^^^^^^^^^^^^^^^^^^
  File "D:\testplatformservice\testplatform\venv\Lib\site-packages\channels\consumer.py", line 58, in __call__
    await await_many_dispatch(
  File "D:\testplatformservice\testplatform\venv\Lib\site-packages\channels\utils.py", line 50, in await_many_dispatch
    await dispatch(result)
  File "D:\testplatformservice\testplatform\venv\Lib\site-packages\channels\consumer.py", line 74, in dispatch
    await handler(message)
  File "D:\testplatformservice\testplatform\venv\Lib\site-packages\channels\generic\websocket.py", line 180, in websocket_connect
    await self.connect()
  File "D:\testplatformservice\testplatform\apps\celery_task\consumers.py", line 31, in connect
    await self.channel_layer.group_add(self.group_name, self.channel_name)
  File "D:\testplatformservice\testplatform\venv\Lib\site-packages\channels_redis\core.py", line 493, in group_add
    await connection.zadd(group_key, {channel: time.time()})
  File "D:\testplatformservice\testplatform\venv\Lib\site-packages\redis\asyncio\client.py", line 764, in execute_command
    conn = self.connection or await pool.get_connection()
                              ^^^^^^^^^^^^^^^^^^^^^^^^^^^
  File "D:\testplatformservice\testplatform\venv\Lib\site-packages\redis\utils.py", line 227, in async_wrapper
    return await func(*args, **kwargs)
           ^^^^^^^^^^^^^^^^^^^^^^^^^^^
  File "D:\testplatformservice\testplatform\venv\Lib\site-packages\redis\asyncio\connection.py", line 1448, in get_connection
    await self.ensure_connection(connection)
  File "D:\testplatformservice\testplatform\venv\Lib\site-packages\redis\asyncio\connection.py", line 1489, in ensure_connection
    await connection.connect()
  File "D:\testplatformservice\testplatform\venv\Lib\site-packages\redis\asyncio\connection.py", line 340, in connect
    await self.retry.call_with_retry(
  File "D:\testplatformservice\testplatform\venv\Lib\site-packages\redis\asyncio\retry.py", line 81, in call_with_retry
    raise error
  File "D:\testplatformservice\testplatform\venv\Lib\site-packages\redis\asyncio\retry.py", line 69, in call_with_retry
    return await do()
           ^^^^^^^^^^
  File "D:\testplatformservice\testplatform\venv\Lib\site-packages\redis\asyncio\connection.py", line 397, in connect_check_health
    raise e
redis.exceptions.ConnectionError: Error 10061 connecting to 127.0.0.1:6379. Connect call failed ('127.0.0.1', 6379).
[2026-07-06 14:00:15] ERROR [daphne.server:303] Exception inside application: Error 10061 connecting to 127.0.0.1:6379. Connect call failed ('127.0.0.1', 6379).
Traceback (most recent call last):
  File "D:\testplatformservice\testplatform\venv\Lib\site-packages\redis\asyncio\connection.py", line 371, in connect_check_health
    await self._connect()
  File "D:\testplatformservice\testplatform\venv\Lib\site-packages\redis\asyncio\connection.py", line 895, in _connect
    reader, writer = await asyncio.open_connection(
                     ^^^^^^^^^^^^^^^^^^^^^^^^^^^^^^
  File "D:\Users\sw.fan\AppData\Local\Programs\Python\Python312\Lib\asyncio\streams.py", line 48, in open_connection
    transport, _ = await loop.create_connection(
                   ^^^^^^^^^^^^^^^^^^^^^^^^^^^^^
  File "D:\Users\sw.fan\AppData\Local\Programs\Python\Python312\Lib\asyncio\base_events.py", line 1120, in create_connection
    raise exceptions[0]
  File "D:\Users\sw.fan\AppData\Local\Programs\Python\Python312\Lib\asyncio\base_events.py", line 1102, in create_connection
    sock = await self._connect_sock(
           ^^^^^^^^^^^^^^^^^^^^^^^^^
  File "D:\Users\sw.fan\AppData\Local\Programs\Python\Python312\Lib\asyncio\base_events.py", line 1005, in _connect_sock
    await self.sock_connect(sock, address)
  File "D:\Users\sw.fan\AppData\Local\Programs\Python\Python312\Lib\asyncio\selector_events.py", line 651, in sock_connect
    return await fut
           ^^^^^^^^^
  File "D:\Users\sw.fan\AppData\Local\Programs\Python\Python312\Lib\asyncio\selector_events.py", line 691, in _sock_connect_cb
    raise OSError(err, f'Connect call failed {address}')
ConnectionRefusedError: [Errno 10061] Connect call failed ('127.0.0.1', 6379)

During handling of the above exception, another exception occurred:

Traceback (most recent call last):
  File "D:\testplatformservice\testplatform\venv\Lib\site-packages\channels\utils.py", line 50, in await_many_dispatch
    await dispatch(result)
  File "D:\testplatformservice\testplatform\venv\Lib\site-packages\channels\consumer.py", line 74, in dispatch
    await handler(message)
  File "D:\testplatformservice\testplatform\venv\Lib\site-packages\channels\generic\websocket.py", line 180, in websocket_connect
    await self.connect()
  File "D:\testplatformservice\testplatform\apps\celery_task\consumers.py", line 31, in connect
    await self.channel_layer.group_add(self.group_name, self.channel_name)
  File "D:\testplatformservice\testplatform\venv\Lib\site-packages\channels_redis\core.py", line 493, in group_add
    await connection.zadd(group_key, {channel: time.time()})
  File "D:\testplatformservice\testplatform\venv\Lib\site-packages\redis\asyncio\client.py", line 764, in execute_command
    conn = self.connection or await pool.get_connection()
                              ^^^^^^^^^^^^^^^^^^^^^^^^^^^
  File "D:\testplatformservice\testplatform\venv\Lib\site-packages\redis\utils.py", line 227, in async_wrapper
    return await func(*args, **kwargs)
           ^^^^^^^^^^^^^^^^^^^^^^^^^^^
  File "D:\testplatformservice\testplatform\venv\Lib\site-packages\redis\asyncio\connection.py", line 1448, in get_connection
    await self.ensure_connection(connection)
  File "D:\testplatformservice\testplatform\venv\Lib\site-packages\redis\asyncio\connection.py", line 1489, in ensure_connection
    await connection.connect()
  File "D:\testplatformservice\testplatform\venv\Lib\site-packages\redis\asyncio\connection.py", line 340, in connect
    await self.retry.call_with_retry(
  File "D:\testplatformservice\testplatform\venv\Lib\site-packages\redis\asyncio\retry.py", line 81, in call_with_retry
    raise error
  File "D:\testplatformservice\testplatform\venv\Lib\site-packages\redis\asyncio\retry.py", line 69, in call_with_retry
    return await do()
           ^^^^^^^^^^
  File "D:\testplatformservice\testplatform\venv\Lib\site-packages\redis\asyncio\connection.py", line 397, in connect_check_health
    raise e
redis.exceptions.ConnectionError: Error 10061 connecting to 127.0.0.1:6379. Connect call failed ('127.0.0.1', 6379).

During handling of the above exception, another exception occurred:

Traceback (most recent call last):
  File "D:\testplatformservice\testplatform\venv\Lib\site-packages\channels\routing.py", line 48, in __call__
    return await application(scope, receive, send)
           ^^^^^^^^^^^^^^^^^^^^^^^^^^^^^^^^^^^^^^^
  File "D:\testplatformservice\testplatform\commons\ws\auth.py", line 28, in __call__
    return await super().__call__(scope, receive, send)
           ^^^^^^^^^^^^^^^^^^^^^^^^^^^^^^^^^^^^^^^^^^^^
  File "D:\testplatformservice\testplatform\venv\Lib\site-packages\channels\middleware.py", line 24, in __call__
    return await self.inner(scope, receive, send)
           ^^^^^^^^^^^^^^^^^^^^^^^^^^^^^^^^^^^^^^
  File "D:\testplatformservice\testplatform\venv\Lib\site-packages\channels\routing.py", line 118, in __call__
    return await application(
           ^^^^^^^^^^^^^^^^^^
  File "D:\testplatformservice\testplatform\venv\Lib\site-packages\channels\consumer.py", line 95, in app
    return await consumer(scope, receive, send)
           ^^^^^^^^^^^^^^^^^^^^^^^^^^^^^^^^^^^^
  File "D:\testplatformservice\testplatform\venv\Lib\site-packages\channels\consumer.py", line 58, in __call__
    await await_many_dispatch(
  File "D:\testplatformservice\testplatform\venv\Lib\site-packages\channels\utils.py", line 57, in await_many_dispatch
    await task
  File "D:\testplatformservice\testplatform\venv\Lib\site-packages\channels_redis\core.py", line 340, in receive
    message_channel, message = await self.receive_single(
                               ^^^^^^^^^^^^^^^^^^^^^^^^^^
  File "D:\testplatformservice\testplatform\venv\Lib\site-packages\channels_redis\core.py", line 397, in receive_single
    content = await self._brpop_with_clean(
              ^^^^^^^^^^^^^^^^^^^^^^^^^^^^^
  File "D:\testplatformservice\testplatform\venv\Lib\site-packages\channels_redis\core.py", line 231, in _brpop_with_clean
    await connection.eval(cleanup_script, 0, channel, backup_queue)
  File "D:\testplatformservice\testplatform\venv\Lib\site-packages\redis\asyncio\client.py", line 764, in execute_command
    conn = self.connection or await pool.get_connection()
                              ^^^^^^^^^^^^^^^^^^^^^^^^^^^
  File "D:\testplatformservice\testplatform\venv\Lib\site-packages\redis\utils.py", line 227, in async_wrapper
    return await func(*args, **kwargs)
           ^^^^^^^^^^^^^^^^^^^^^^^^^^^
  File "D:\testplatformservice\testplatform\venv\Lib\site-packages\redis\asyncio\connection.py", line 1448, in get_connection
    await self.ensure_connection(connection)
  File "D:\testplatformservice\testplatform\venv\Lib\site-packages\redis\asyncio\connection.py", line 1489, in ensure_connection
    await connection.connect()
  File "D:\testplatformservice\testplatform\venv\Lib\site-packages\redis\asyncio\connection.py", line 340, in connect
    await self.retry.call_with_retry(
  File "D:\testplatformservice\testplatform\venv\Lib\site-packages\redis\asyncio\retry.py", line 81, in call_with_retry
    raise error
  File "D:\testplatformservice\testplatform\venv\Lib\site-packages\redis\asyncio\retry.py", line 69, in call_with_retry
    return await do()
           ^^^^^^^^^^
  File "D:\testplatformservice\testplatform\venv\Lib\site-packages\redis\asyncio\connection.py", line 397, in connect_check_health
    raise e
redis.exceptions.ConnectionError: Error 10061 connecting to 127.0.0.1:6379. Connect call failed ('127.0.0.1', 6379).
[2026-07-06 14:00:21] ERROR [daphne.server:303] Exception inside application: Error 10061 connecting to 127.0.0.1:6379. Connect call failed ('127.0.0.1', 6379).
Traceback (most recent call last):
  File "D:\testplatformservice\testplatform\venv\Lib\site-packages\redis\asyncio\connection.py", line 371, in connect_check_health
    await self._connect()
  File "D:\testplatformservice\testplatform\venv\Lib\site-packages\redis\asyncio\connection.py", line 895, in _connect
    reader, writer = await asyncio.open_connection(
                     ^^^^^^^^^^^^^^^^^^^^^^^^^^^^^^
  File "D:\Users\sw.fan\AppData\Local\Programs\Python\Python312\Lib\asyncio\streams.py", line 48, in open_connection
    transport, _ = await loop.create_connection(
                   ^^^^^^^^^^^^^^^^^^^^^^^^^^^^^
  File "D:\Users\sw.fan\AppData\Local\Programs\Python\Python312\Lib\asyncio\base_events.py", line 1120, in create_connection
    raise exceptions[0]
  File "D:\Users\sw.fan\AppData\Local\Programs\Python\Python312\Lib\asyncio\base_events.py", line 1102, in create_connection
    sock = await self._connect_sock(
           ^^^^^^^^^^^^^^^^^^^^^^^^^
  File "D:\Users\sw.fan\AppData\Local\Programs\Python\Python312\Lib\asyncio\base_events.py", line 1005, in _connect_sock
    await self.sock_connect(sock, address)
  File "D:\Users\sw.fan\AppData\Local\Programs\Python\Python312\Lib\asyncio\selector_events.py", line 651, in sock_connect
    return await fut
           ^^^^^^^^^
  File "D:\Users\sw.fan\AppData\Local\Programs\Python\Python312\Lib\asyncio\selector_events.py", line 691, in _sock_connect_cb
    raise OSError(err, f'Connect call failed {address}')
ConnectionRefusedError: [Errno 10061] Connect call failed ('127.0.0.1', 6379)

During handling of the above exception, another exception occurred:

Traceback (most recent call last):
  File "D:\testplatformservice\testplatform\venv\Lib\site-packages\channels\routing.py", line 48, in __call__
    return await application(scope, receive, send)
           ^^^^^^^^^^^^^^^^^^^^^^^^^^^^^^^^^^^^^^^
  File "D:\testplatformservice\testplatform\commons\ws\auth.py", line 28, in __call__
    return await super().__call__(scope, receive, send)
           ^^^^^^^^^^^^^^^^^^^^^^^^^^^^^^^^^^^^^^^^^^^^
  File "D:\testplatformservice\testplatform\venv\Lib\site-packages\channels\middleware.py", line 24, in __call__
    return await self.inner(scope, receive, send)
           ^^^^^^^^^^^^^^^^^^^^^^^^^^^^^^^^^^^^^^
  File "D:\testplatformservice\testplatform\venv\Lib\site-packages\channels\routing.py", line 118, in __call__
    return await application(
           ^^^^^^^^^^^^^^^^^^
  File "D:\testplatformservice\testplatform\venv\Lib\site-packages\channels\consumer.py", line 95, in app
    return await consumer(scope, receive, send)
           ^^^^^^^^^^^^^^^^^^^^^^^^^^^^^^^^^^^^
  File "D:\testplatformservice\testplatform\venv\Lib\site-packages\channels\consumer.py", line 58, in __call__
    await await_many_dispatch(
  File "D:\testplatformservice\testplatform\venv\Lib\site-packages\channels\utils.py", line 50, in await_many_dispatch
    await dispatch(result)
  File "D:\testplatformservice\testplatform\venv\Lib\site-packages\channels\consumer.py", line 74, in dispatch
    await handler(message)
  File "D:\testplatformservice\testplatform\venv\Lib\site-packages\channels\generic\websocket.py", line 180, in websocket_connect
    await self.connect()
  File "D:\testplatformservice\testplatform\apps\celery_task\consumers.py", line 31, in connect
    await self.channel_layer.group_add(self.group_name, self.channel_name)
  File "D:\testplatformservice\testplatform\venv\Lib\site-packages\channels_redis\core.py", line 493, in group_add
    await connection.zadd(group_key, {channel: time.time()})
  File "D:\testplatformservice\testplatform\venv\Lib\site-packages\redis\asyncio\client.py", line 764, in execute_command
    conn = self.connection or await pool.get_connection()
                              ^^^^^^^^^^^^^^^^^^^^^^^^^^^
  File "D:\testplatformservice\testplatform\venv\Lib\site-packages\redis\utils.py", line 227, in async_wrapper
    return await func(*args, **kwargs)
           ^^^^^^^^^^^^^^^^^^^^^^^^^^^
  File "D:\testplatformservice\testplatform\venv\Lib\site-packages\redis\asyncio\connection.py", line 1448, in get_connection
    await self.ensure_connection(connection)
  File "D:\testplatformservice\testplatform\venv\Lib\site-packages\redis\asyncio\connection.py", line 1489, in ensure_connection
    await connection.connect()
  File "D:\testplatformservice\testplatform\venv\Lib\site-packages\redis\asyncio\connection.py", line 340, in connect
    await self.retry.call_with_retry(
  File "D:\testplatformservice\testplatform\venv\Lib\site-packages\redis\asyncio\retry.py", line 81, in call_with_retry
    raise error
  File "D:\testplatformservice\testplatform\venv\Lib\site-packages\redis\asyncio\retry.py", line 69, in call_with_retry
    return await do()
           ^^^^^^^^^^
  File "D:\testplatformservice\testplatform\venv\Lib\site-packages\redis\asyncio\connection.py", line 397, in connect_check_health
    raise e
redis.exceptions.ConnectionError: Error 10061 connecting to 127.0.0.1:6379. Connect call failed ('127.0.0.1', 6379).
[2026-07-06 14:00:27] ERROR [daphne.server:303] Exception inside application: Error 10061 connecting to 127.0.0.1:6379. Connect call failed ('127.0.0.1', 6379).
Traceback (most recent call last):
  File "D:\testplatformservice\testplatform\venv\Lib\site-packages\redis\asyncio\connection.py", line 371, in connect_check_health
    await self._connect()
  File "D:\testplatformservice\testplatform\venv\Lib\site-packages\redis\asyncio\connection.py", line 895, in _connect
    reader, writer = await asyncio.open_connection(
                     ^^^^^^^^^^^^^^^^^^^^^^^^^^^^^^
  File "D:\Users\sw.fan\AppData\Local\Programs\Python\Python312\Lib\asyncio\streams.py", line 48, in open_connection
    transport, _ = await loop.create_connection(
                   ^^^^^^^^^^^^^^^^^^^^^^^^^^^^^
  File "D:\Users\sw.fan\AppData\Local\Programs\Python\Python312\Lib\asyncio\base_events.py", line 1120, in create_connection
    raise exceptions[0]
  File "D:\Users\sw.fan\AppData\Local\Programs\Python\Python312\Lib\asyncio\base_events.py", line 1102, in create_connection
    sock = await self._connect_sock(
           ^^^^^^^^^^^^^^^^^^^^^^^^^
  File "D:\Users\sw.fan\AppData\Local\Programs\Python\Python312\Lib\asyncio\base_events.py", line 1005, in _connect_sock
    await self.sock_connect(sock, address)
  File "D:\Users\sw.fan\AppData\Local\Programs\Python\Python312\Lib\asyncio\selector_events.py", line 651, in sock_connect
    return await fut
           ^^^^^^^^^
  File "D:\Users\sw.fan\AppData\Local\Programs\Python\Python312\Lib\asyncio\selector_events.py", line 691, in _sock_connect_cb
    raise OSError(err, f'Connect call failed {address}')
ConnectionRefusedError: [Errno 10061] Connect call failed ('127.0.0.1', 6379)

During handling of the above exception, another exception occurred:

Traceback (most recent call last):
  File "D:\testplatformservice\testplatform\venv\Lib\site-packages\channels\routing.py", line 48, in __call__
    return await application(scope, receive, send)
           ^^^^^^^^^^^^^^^^^^^^^^^^^^^^^^^^^^^^^^^
  File "D:\testplatformservice\testplatform\commons\ws\auth.py", line 28, in __call__
    return await super().__call__(scope, receive, send)
           ^^^^^^^^^^^^^^^^^^^^^^^^^^^^^^^^^^^^^^^^^^^^
  File "D:\testplatformservice\testplatform\venv\Lib\site-packages\channels\middleware.py", line 24, in __call__
    return await self.inner(scope, receive, send)
           ^^^^^^^^^^^^^^^^^^^^^^^^^^^^^^^^^^^^^^
  File "D:\testplatformservice\testplatform\venv\Lib\site-packages\channels\routing.py", line 118, in __call__
    return await application(
           ^^^^^^^^^^^^^^^^^^
  File "D:\testplatformservice\testplatform\venv\Lib\site-packages\channels\consumer.py", line 95, in app
    return await consumer(scope, receive, send)
           ^^^^^^^^^^^^^^^^^^^^^^^^^^^^^^^^^^^^
  File "D:\testplatformservice\testplatform\venv\Lib\site-packages\channels\consumer.py", line 58, in __call__
    await await_many_dispatch(
  File "D:\testplatformservice\testplatform\venv\Lib\site-packages\channels\utils.py", line 50, in await_many_dispatch
    await dispatch(result)
  File "D:\testplatformservice\testplatform\venv\Lib\site-packages\channels\consumer.py", line 74, in dispatch
    await handler(message)
  File "D:\testplatformservice\testplatform\venv\Lib\site-packages\channels\generic\websocket.py", line 180, in websocket_connect
    await self.connect()
  File "D:\testplatformservice\testplatform\apps\celery_task\consumers.py", line 31, in connect
    await self.channel_layer.group_add(self.group_name, self.channel_name)
  File "D:\testplatformservice\testplatform\venv\Lib\site-packages\channels_redis\core.py", line 493, in group_add
    await connection.zadd(group_key, {channel: time.time()})
  File "D:\testplatformservice\testplatform\venv\Lib\site-packages\redis\asyncio\client.py", line 764, in execute_command
    conn = self.connection or await pool.get_connection()
                              ^^^^^^^^^^^^^^^^^^^^^^^^^^^
  File "D:\testplatformservice\testplatform\venv\Lib\site-packages\redis\utils.py", line 227, in async_wrapper
    return await func(*args, **kwargs)
           ^^^^^^^^^^^^^^^^^^^^^^^^^^^
  File "D:\testplatformservice\testplatform\venv\Lib\site-packages\redis\asyncio\connection.py", line 1448, in get_connection
    await self.ensure_connection(connection)
  File "D:\testplatformservice\testplatform\venv\Lib\site-packages\redis\asyncio\connection.py", line 1489, in ensure_connection
    await connection.connect()
  File "D:\testplatformservice\testplatform\venv\Lib\site-packages\redis\asyncio\connection.py", line 340, in connect
    await self.retry.call_with_retry(
  File "D:\testplatformservice\testplatform\venv\Lib\site-packages\redis\asyncio\retry.py", line 81, in call_with_retry
    raise error
  File "D:\testplatformservice\testplatform\venv\Lib\site-packages\redis\asyncio\retry.py", line 69, in call_with_retry
    return await do()
           ^^^^^^^^^^
  File "D:\testplatformservice\testplatform\venv\Lib\site-packages\redis\asyncio\connection.py", line 397, in connect_check_health
    raise e
redis.exceptions.ConnectionError: Error 10061 connecting to 127.0.0.1:6379. Connect call failed ('127.0.0.1', 6379).
[2026-07-06 14:00:35] ERROR [daphne.server:303] Exception inside application: Error 10061 connecting to 127.0.0.1:6379. Connect call failed ('127.0.0.1', 6379).
Traceback (most recent call last):
  File "D:\testplatformservice\testplatform\venv\Lib\site-packages\redis\asyncio\connection.py", line 371, in connect_check_health
    await self._connect()
  File "D:\testplatformservice\testplatform\venv\Lib\site-packages\redis\asyncio\connection.py", line 895, in _connect
    reader, writer = await asyncio.open_connection(
                     ^^^^^^^^^^^^^^^^^^^^^^^^^^^^^^
  File "D:\Users\sw.fan\AppData\Local\Programs\Python\Python312\Lib\asyncio\streams.py", line 48, in open_connection
    transport, _ = await loop.create_connection(
                   ^^^^^^^^^^^^^^^^^^^^^^^^^^^^^
  File "D:\Users\sw.fan\AppData\Local\Programs\Python\Python312\Lib\asyncio\base_events.py", line 1120, in create_connection
    raise exceptions[0]
  File "D:\Users\sw.fan\AppData\Local\Programs\Python\Python312\Lib\asyncio\base_events.py", line 1102, in create_connection
    sock = await self._connect_sock(
           ^^^^^^^^^^^^^^^^^^^^^^^^^
  File "D:\Users\sw.fan\AppData\Local\Programs\Python\Python312\Lib\asyncio\base_events.py", line 1005, in _connect_sock
    await self.sock_connect(sock, address)
  File "D:\Users\sw.fan\AppData\Local\Programs\Python\Python312\Lib\asyncio\selector_events.py", line 651, in sock_connect
    return await fut
           ^^^^^^^^^
  File "D:\Users\sw.fan\AppData\Local\Programs\Python\Python312\Lib\asyncio\selector_events.py", line 691, in _sock_connect_cb
    raise OSError(err, f'Connect call failed {address}')
ConnectionRefusedError: [Errno 10061] Connect call failed ('127.0.0.1', 6379)

During handling of the above exception, another exception occurred:

Traceback (most recent call last):
  File "D:\testplatformservice\testplatform\venv\Lib\site-packages\channels\utils.py", line 50, in await_many_dispatch
    await dispatch(result)
  File "D:\testplatformservice\testplatform\venv\Lib\site-packages\channels\consumer.py", line 74, in dispatch
    await handler(message)
  File "D:\testplatformservice\testplatform\venv\Lib\site-packages\channels\generic\websocket.py", line 180, in websocket_connect
    await self.connect()
  File "D:\testplatformservice\testplatform\apps\celery_task\consumers.py", line 31, in connect
    await self.channel_layer.group_add(self.group_name, self.channel_name)
  File "D:\testplatformservice\testplatform\venv\Lib\site-packages\channels_redis\core.py", line 493, in group_add
    await connection.zadd(group_key, {channel: time.time()})
  File "D:\testplatformservice\testplatform\venv\Lib\site-packages\redis\asyncio\client.py", line 764, in execute_command
    conn = self.connection or await pool.get_connection()
                              ^^^^^^^^^^^^^^^^^^^^^^^^^^^
  File "D:\testplatformservice\testplatform\venv\Lib\site-packages\redis\utils.py", line 227, in async_wrapper
    return await func(*args, **kwargs)
           ^^^^^^^^^^^^^^^^^^^^^^^^^^^
  File "D:\testplatformservice\testplatform\venv\Lib\site-packages\redis\asyncio\connection.py", line 1448, in get_connection
    await self.ensure_connection(connection)
  File "D:\testplatformservice\testplatform\venv\Lib\site-packages\redis\asyncio\connection.py", line 1489, in ensure_connection
    await connection.connect()
  File "D:\testplatformservice\testplatform\venv\Lib\site-packages\redis\asyncio\connection.py", line 340, in connect
    await self.retry.call_with_retry(
  File "D:\testplatformservice\testplatform\venv\Lib\site-packages\redis\asyncio\retry.py", line 81, in call_with_retry
    raise error
  File "D:\testplatformservice\testplatform\venv\Lib\site-packages\redis\asyncio\retry.py", line 69, in call_with_retry
    return await do()
           ^^^^^^^^^^
  File "D:\testplatformservice\testplatform\venv\Lib\site-packages\redis\asyncio\connection.py", line 397, in connect_check_health
    raise e
redis.exceptions.ConnectionError: Error 10061 connecting to 127.0.0.1:6379. Connect call failed ('127.0.0.1', 6379).

During handling of the above exception, another exception occurred:

Traceback (most recent call last):
  File "D:\testplatformservice\testplatform\venv\Lib\site-packages\channels\routing.py", line 48, in __call__
    return await application(scope, receive, send)
           ^^^^^^^^^^^^^^^^^^^^^^^^^^^^^^^^^^^^^^^
  File "D:\testplatformservice\testplatform\commons\ws\auth.py", line 28, in __call__
    return await super().__call__(scope, receive, send)
           ^^^^^^^^^^^^^^^^^^^^^^^^^^^^^^^^^^^^^^^^^^^^
  File "D:\testplatformservice\testplatform\venv\Lib\site-packages\channels\middleware.py", line 24, in __call__
    return await self.inner(scope, receive, send)
           ^^^^^^^^^^^^^^^^^^^^^^^^^^^^^^^^^^^^^^
  File "D:\testplatformservice\testplatform\venv\Lib\site-packages\channels\routing.py", line 118, in __call__
    return await application(
           ^^^^^^^^^^^^^^^^^^
  File "D:\testplatformservice\testplatform\venv\Lib\site-packages\channels\consumer.py", line 95, in app
    return await consumer(scope, receive, send)
           ^^^^^^^^^^^^^^^^^^^^^^^^^^^^^^^^^^^^
  File "D:\testplatformservice\testplatform\venv\Lib\site-packages\channels\consumer.py", line 58, in __call__
    await await_many_dispatch(
  File "D:\testplatformservice\testplatform\venv\Lib\site-packages\channels\utils.py", line 57, in await_many_dispatch
    await task
  File "D:\testplatformservice\testplatform\venv\Lib\site-packages\channels_redis\core.py", line 340, in receive
    message_channel, message = await self.receive_single(
                               ^^^^^^^^^^^^^^^^^^^^^^^^^^
  File "D:\testplatformservice\testplatform\venv\Lib\site-packages\channels_redis\core.py", line 397, in receive_single
    content = await self._brpop_with_clean(
              ^^^^^^^^^^^^^^^^^^^^^^^^^^^^^
  File "D:\testplatformservice\testplatform\venv\Lib\site-packages\channels_redis\core.py", line 231, in _brpop_with_clean
    await connection.eval(cleanup_script, 0, channel, backup_queue)
  File "D:\testplatformservice\testplatform\venv\Lib\site-packages\redis\asyncio\client.py", line 764, in execute_command
    conn = self.connection or await pool.get_connection()
                              ^^^^^^^^^^^^^^^^^^^^^^^^^^^
  File "D:\testplatformservice\testplatform\venv\Lib\site-packages\redis\utils.py", line 227, in async_wrapper
    return await func(*args, **kwargs)
           ^^^^^^^^^^^^^^^^^^^^^^^^^^^
  File "D:\testplatformservice\testplatform\venv\Lib\site-packages\redis\asyncio\connection.py", line 1448, in get_connection
    await self.ensure_connection(connection)
  File "D:\testplatformservice\testplatform\venv\Lib\site-packages\redis\asyncio\connection.py", line 1489, in ensure_connection
    await connection.connect()
  File "D:\testplatformservice\testplatform\venv\Lib\site-packages\redis\asyncio\connection.py", line 340, in connect
    await self.retry.call_with_retry(
  File "D:\testplatformservice\testplatform\venv\Lib\site-packages\redis\asyncio\retry.py", line 81, in call_with_retry
    raise error
  File "D:\testplatformservice\testplatform\venv\Lib\site-packages\redis\asyncio\retry.py", line 69, in call_with_retry
    return await do()
           ^^^^^^^^^^
  File "D:\testplatformservice\testplatform\venv\Lib\site-packages\redis\asyncio\connection.py", line 397, in connect_check_health
    raise e
redis.exceptions.ConnectionError: Error 10061 connecting to 127.0.0.1:6379. Connect call failed ('127.0.0.1', 6379).
[2026-07-06 15:20:44] INFO [config.asgi:20] WS routes: [<URLPattern 'ws/user/<str:user_id>/'>, <URLPattern 'ws/task/<str:task_id>/'>]
[2026-07-06 15:20:44] INFO [daphne.cli:284] Starting server at tcp:port=8000:interface=0.0.0.0
[2026-07-06 15:20:44] INFO [daphne.server:126] HTTP/2 support not enabled (install the http2 and tls Twisted extras)
[2026-07-06 15:20:44] INFO [daphne.server:135] Configuring endpoint tcp:port=8000:interface=0.0.0.0
[2026-07-06 15:20:44] INFO [daphne.server:166] Listening on TCP address 0.0.0.0:8000
[2026-07-07 10:00:26] ERROR [commons.abs.baserequest:251] Expecting value: line 1 column 31 (char 30)
[2026-07-07 15:39:03] ERROR [commons.abs.baserequest:251] Expecting value: line 1 column 31 (char 30)
[2026-07-08 10:00:18] ERROR [commons.abs.baserequest:251] Expecting value: line 1 column 31 (char 30)
[2026-07-08 19:56:18] WARNING [django.request:249] Unauthorized: /api/task/runHistory
[2026-07-09 10:00:24] ERROR [commons.abs.baserequest:251] Expecting value: line 1 column 31 (char 30)
[2026-07-10 10:00:19] ERROR [commons.abs.baserequest:251] Expecting value: line 1 column 31 (char 30)
[2026-07-11 10:00:25] ERROR [commons.abs.baserequest:251] Expecting value: line 1 column 31 (char 30)
[2026-07-12 10:00:18] ERROR [commons.abs.baserequest:251] Expecting value: line 1 column 31 (char 30)
[2026-07-13 10:00:17] ERROR [commons.abs.baserequest:251] Expecting value: line 1 column 31 (char 30)
[2026-07-13 16:55:10] ERROR [commons.abs.baserequest:251] Expecting value: line 1 column 31 (char 30)
[2026-07-14 10:00:18] ERROR [commons.abs.baserequest:251] Expecting value: line 1 column 31 (char 30)
[2026-07-15 10:00:27] ERROR [commons.abs.baserequest:251] Expecting value: line 1 column 31 (char 30)
[2026-07-16 10:00:19] ERROR [commons.abs.baserequest:251] Expecting value: line 1 column 31 (char 30)
[2026-07-17 10:00:21] ERROR [commons.abs.baserequest:251] Expecting value: line 1 column 31 (char 30)
[2026-07-17 17:43:48] ERROR [commons.abs.baserequest:251] Expecting value: line 1 column 31 (char 30)
[2026-07-18 10:00:19] ERROR [commons.abs.baserequest:251] Expecting value: line 1 column 31 (char 30)
[2026-07-19 10:00:29] ERROR [commons.abs.baserequest:251] Expecting value: line 1 column 31 (char 30)
[2026-07-20 10:00:18] ERROR [commons.abs.baserequest:251] Expecting value: line 1 column 31 (char 30)
[2026-07-21 10:00:23] ERROR [commons.abs.baserequest:251] Expecting value: line 1 column 31 (char 30)
[2026-07-22 10:00:18] ERROR [commons.abs.baserequest:251] Expecting value: line 1 column 31 (char 30)
[2026-07-22 20:25:09] ERROR [commons.abs.baserequest:251] Expecting value: line 1 column 31 (char 30)
[2026-07-23 10:00:24] ERROR [commons.abs.baserequest:251] Expecting value: line 1 column 31 (char 30)
[2026-07-23 22:08:51] ERROR [commons.abs.baserequest:251] Expecting value: line 1 column 31 (char 30)
[2026-07-24 10:00:17] ERROR [commons.abs.baserequest:251] Expecting value: line 1 column 31 (char 30)
[2026-07-25 10:02:49] ERROR [commons.abs.baserequest:251] Expecting ',' delimiter: line 1 column 341 (char 340)
[2026-07-25 10:03:55] ERROR [commons.abs.baserequest:251] Expecting ',' delimiter: line 1 column 43 (char 42)
[2026-07-26 10:00:38] ERROR [commons.abs.baserequest:251] Expecting value: line 1 column 31 (char 30)
[2026-07-27 10:00:19] ERROR [commons.abs.baserequest:251] Expecting value: line 1 column 31 (char 30)
[2026-07-28 10:00:33] ERROR [commons.abs.baserequest:251] Expecting value: line 1 column 31 (char 30)
[2026-07-28 11:32:07] ERROR [commons.abs.baserequest:251] Expecting value: line 1 column 31 (char 30)
[2026-07-29 10:02:33] ERROR [commons.abs.baserequest:251] Expecting value: line 1 column 31 (char 30)
[2026-07-30 10:00:22] ERROR [commons.abs.baserequest:251] Expecting value: line 1 column 31 (char 30)
[2026-07-30 17:47:46] WARNING [django.request:249] Unauthorized: /api/task/runHistory
[2026-07-31 10:00:34] ERROR [commons.abs.baserequest:251] Expecting value: line 1 column 31 (char 30)
